<?xml version='1.0' encoding='UTF-8'?>
<osm version='0.6' generator='JOSM'>
  <bounds minlat='43.0283946' minlon='-95.3385555' maxlat='43.1019846' maxlon='-95.237827' origin='fs25_osm_generator' />
  <node id='-27162' action='modify' visible='true' lat='43.03157809101' lon='-95.25309507' />
  <node id='-27163' action='modify' visible='true' lat='43.0716071237' lon='-95.2555805123' />
  <node id='-27164' action='modify' visible='true' lat='43.0479711271' lon='-95.2555805123' />
  <node id='-27165' action='modify' visible='true' lat='43.0479711271' lon='-95.2380114286' />
  <node id='-27166' action='modify' visible='true' lat='43.0716071237' lon='-95.2380114286' />
  <node id='-27167' action='modify' visible='true' lat='43.0554778109' lon='-95.2788407254' />
  <node id='-27168' action='modify' visible='true' lat='43.0479711271' lon='-95.2788407254' />
  <node id='-27169' action='modify' visible='true' lat='43.0479711271' lon='-95.25614651' />
  <node id='-27170' action='modify' visible='true' lat='43.0554778109' lon='-95.25614651' />
  <node id='-27171' action='modify' visible='true' lat='43.0561978695' lon='-95.3328517288' />
  <node id='-27172' action='modify' visible='true' lat='43.0479711271' lon='-95.3328517288' />
  <node id='-27173' action='modify' visible='true' lat='43.0479711271' lon='-95.3200135359' />
  <node id='-27174' action='modify' visible='true' lat='43.0561978695' lon='-95.3200135359' />
  <node id='-27175' action='modify' visible='true' lat='43.0651265962' lon='-95.3036779021' />
  <node id='-27176' action='modify' visible='true' lat='43.0626603228' lon='-95.3036779021' />
  <node id='-27177' action='modify' visible='true' lat='43.0626603228' lon='-95.276252796' />
  <node id='-27178' action='modify' visible='true' lat='43.0651265962' lon='-95.276252796' />
  <node id='-27183' action='modify' visible='true' lat='43.1018495854' lon='-95.3277265971' />
  <node id='-27184' action='modify' visible='true' lat='43.1015434877' lon='-95.3277265971' />
  <node id='-27185' action='modify' visible='true' lat='43.1015434877' lon='-95.2380114286' />
  <node id='-27186' action='modify' visible='true' lat='43.1018495854' lon='-95.2380114286' />
  <node id='-27187' action='modify' visible='true' lat='43.0288356423' lon='-95.33777974' />
  <node id='-27188' action='modify' visible='true' lat='43.0285295446' lon='-95.33777974' />
  <node id='-27189' action='modify' visible='true' lat='43.0285295446' lon='-95.2486559329' />
  <node id='-27190' action='modify' visible='true' lat='43.0288356423' lon='-95.2486559329' />
  <node id='-27195' action='modify' visible='true' lat='43.0765035223' lon='-95.33777974' />
  <node id='-27196' action='modify' visible='true' lat='43.0746132957' lon='-95.33777974' />
  <node id='-27197' action='modify' visible='true' lat='43.0746132957' lon='-95.3142970428' />
  <node id='-27198' action='modify' visible='true' lat='43.0765035223' lon='-95.3142970428' />
  <node id='-27203' action='modify' visible='true' lat='43.0971581078' lon='-95.25008820378' />
  <node id='-27204' action='modify' visible='true' lat='43.09375363554' lon='-95.25003249957' />
  <node id='-27205' action='modify' visible='true' lat='43.09384996181' lon='-95.23899192831' />
  <node id='-27206' action='modify' visible='true' lat='43.09725442871' lon='-95.23904763252' />
  <node id='-27207' action='modify' visible='true' lat='43.0930648703' lon='-95.2500611397' />
  <node id='-27208' action='modify' visible='true' lat='43.0895905148' lon='-95.2500611397' />
  <node id='-27209' action='modify' visible='true' lat='43.0895905148' lon='-95.2380114286' />
  <node id='-27210' action='modify' visible='true' lat='43.0930648703' lon='-95.2380114286' />
  <node id='-27215' action='modify' visible='true' lat='43.0972412103' lon='-95.3245726699' />
  <node id='-27216' action='modify' visible='true' lat='43.0940548782' lon='-95.3245726699' />
  <node id='-27217' action='modify' visible='true' lat='43.0940548782' lon='-95.3133114406' />
  <node id='-27218' action='modify' visible='true' lat='43.0972412103' lon='-95.3133114406' />
  <node id='-27219' action='modify' visible='true' lat='43.0972412103' lon='-95.2999326136' />
  <node id='-27220' action='modify' visible='true' lat='43.0940548782' lon='-95.2999326136' />
  <node id='-27221' action='modify' visible='true' lat='43.0940548782' lon='-95.2886713843' />
  <node id='-27222' action='modify' visible='true' lat='43.0972412103' lon='-95.2886713843' />
  <node id='-27223' action='modify' visible='true' lat='43.0972412103' lon='-95.2877111457' />
  <node id='-27224' action='modify' visible='true' lat='43.0940548782' lon='-95.2877111457' />
  <node id='-27225' action='modify' visible='true' lat='43.0940548782' lon='-95.2764499164' />
  <node id='-27226' action='modify' visible='true' lat='43.0972412103' lon='-95.2764499164' />
  <node id='-27227' action='modify' visible='true' lat='43.0972412103' lon='-95.2630710894' />
  <node id='-27228' action='modify' visible='true' lat='43.0940548782' lon='-95.2630710894' />
  <node id='-27229' action='modify' visible='true' lat='43.0940548782' lon='-95.2518098601' />
  <node id='-27230' action='modify' visible='true' lat='43.0972412103' lon='-95.2518098601' />
  <node id='-27231' action='modify' visible='true' lat='43.0930648703' lon='-95.33777974' />
  <node id='-27232' action='modify' visible='true' lat='43.0895905148' lon='-95.33777974' />
  <node id='-27233' action='modify' visible='true' lat='43.0895905148' lon='-95.3286868357' />
  <node id='-27234' action='modify' visible='true' lat='43.0930648703' lon='-95.3286868357' />
  <node id='-27235' action='modify' visible='true' lat='43.0930648703' lon='-95.3214187427' />
  <node id='-27236' action='modify' visible='true' lat='43.0895905148' lon='-95.3214187427' />
  <node id='-27237' action='modify' visible='true' lat='43.0895905148' lon='-95.3133114406' />
  <node id='-27238' action='modify' visible='true' lat='43.0930648703' lon='-95.3133114406' />
  <node id='-27239' action='modify' visible='true' lat='43.0930648703' lon='-95.2999326136' />
  <node id='-27240' action='modify' visible='true' lat='43.0895905148' lon='-95.2999326136' />
  <node id='-27241' action='modify' visible='true' lat='43.0895905148' lon='-95.2918253115' />
  <node id='-27242' action='modify' visible='true' lat='43.0930648703' lon='-95.2918253115' />
  <node id='-27243' action='modify' visible='true' lat='43.0930648703' lon='-95.2845572185' />
  <node id='-27244' action='modify' visible='true' lat='43.0895905148' lon='-95.2845572185' />
  <node id='-27245' action='modify' visible='true' lat='43.0895905148' lon='-95.2764499164' />
  <node id='-27246' action='modify' visible='true' lat='43.0930648703' lon='-95.2764499164' />
  <node id='-27251' action='modify' visible='true' lat='43.0824080029' lon='-95.2630710894' />
  <node id='-27252' action='modify' visible='true' lat='43.0790776591' lon='-95.2630710894' />
  <node id='-27253' action='modify' visible='true' lat='43.0790776591' lon='-95.2557522691' />
  <node id='-27254' action='modify' visible='true' lat='43.0824080029' lon='-95.2557522691' />
  <node id='-27255' action='modify' visible='true' lat='43.10197388693' lon='-95.33832695137' />
  <node id='-27256' action='modify' visible='true' lat='43.09312909901' lon='-95.33816886808' />
  <node id='-27257' action='modify' visible='true' lat='43.09313924753' lon='-95.32842710755' />
  <node id='-27258' action='modify' visible='true' lat='43.10185973247' lon='-95.32830203066' />
  <node id='-27263' action='modify' visible='true' lat='43.0930648703' lon='-95.2630710894' />
  <node id='-27264' action='modify' visible='true' lat='43.0895905148' lon='-95.2630710894' />
  <node id='-27265' action='modify' visible='true' lat='43.0895905148' lon='-95.2573292327' />
  <node id='-27266' action='modify' visible='true' lat='43.0930648703' lon='-95.2573292327' />
  <node id='-27279' action='modify' visible='true' lat='43.0344520994' lon='-95.2526237056' />
  <node id='-27280' action='modify' visible='true' lat='43.0292496032' lon='-95.2526237056' />
  <node id='-27281' action='modify' visible='true' lat='43.0292496032' lon='-95.2496415352' />
  <node id='-27282' action='modify' visible='true' lat='43.0344520994' lon='-95.2496415352' />
  <node id='-27307' action='modify' visible='true' lat='43.0883124835' lon='-95.33777974' />
  <node id='-27308' action='modify' visible='true' lat='43.0769174833' lon='-95.33777974' />
  <node id='-27309' action='modify' visible='true' lat='43.0769174833' lon='-95.337163015' />
  <node id='-27310' action='modify' visible='true' lat='43.0883124835' lon='-95.337163015' />
  <node id='-27311' action='modify' visible='true' lat='43.10115689409' lon='-95.32817170892' />
  <node id='-27312' action='modify' visible='true' lat='43.09402136926' lon='-95.32814537152' />
  <node id='-27313' action='modify' visible='true' lat='43.09402750774' lon='-95.32502637358' />
  <node id='-27314' action='modify' visible='true' lat='43.10116303185' lon='-95.32505271098' />
  <node id='-27323' action='modify' visible='true' lat='43.047125131' lon='-95.2394166354' />
  <node id='-27324' action='modify' visible='true' lat='43.0416346113' lon='-95.2394166354' />
  <node id='-27325' action='modify' visible='true' lat='43.0416346113' lon='-95.2380114286' />
  <node id='-27326' action='modify' visible='true' lat='43.047125131' lon='-95.2380114286' />
  <node id='-27327' action='modify' visible='true' lat='43.047125131' lon='-95.3379768605' />
  <node id='-27328' action='modify' visible='true' lat='43.0416346113' lon='-95.3379768605' />
  <node id='-27329' action='modify' visible='true' lat='43.0416346113' lon='-95.3367687741' />
  <node id='-27330' action='modify' visible='true' lat='43.047125131' lon='-95.3367687741' />
  <node id='-27343' action='modify' visible='true' lat='43.0407886152' lon='-95.32023602' />
  <node id='-27344' action='modify' visible='true' lat='43.0388983886' lon='-95.32023602' />
  <node id='-27345' action='modify' visible='true' lat='43.0388983886' lon='-95.3166624882' />
  <node id='-27346' action='modify' visible='true' lat='43.0407886152' lon='-95.3166624882' />
  <node id='-27351' action='modify' visible='true' lat='43.0380523925' lon='-95.32023602' />
  <node id='-27352' action='modify' visible='true' lat='43.0365942011' lon='-95.32023602' />
  <node id='-27353' action='modify' visible='true' lat='43.0365942011' lon='-95.3166624882' />
  <node id='-27354' action='modify' visible='true' lat='43.0380523925' lon='-95.3166624882' />
  <node id='-27355' action='modify' visible='true' lat='43.0357482049' lon='-95.32023602' />
  <node id='-27356' action='modify' visible='true' lat='43.0342900135' lon='-95.32023602' />
  <node id='-27357' action='modify' visible='true' lat='43.0342900135' lon='-95.3166624882' />
  <node id='-27358' action='modify' visible='true' lat='43.0357482049' lon='-95.3166624882' />
  <node id='-27379' action='modify' visible='true' lat='43.0407886152' lon='-95.248878417' />
  <node id='-27380' action='modify' visible='true' lat='43.0388983886' lon='-95.248878417' />
  <node id='-27381' action='modify' visible='true' lat='43.0388983886' lon='-95.246487608' />
  <node id='-27382' action='modify' visible='true' lat='43.0407886152' lon='-95.246487608' />
  <node id='-27407' action='modify' visible='true' lat='43.0407886152' lon='-95.2948074819' />
  <node id='-27408' action='modify' visible='true' lat='43.0388983886' lon='-95.2948074819' />
  <node id='-27409' action='modify' visible='true' lat='43.0388983886' lon='-95.2930080342' />
  <node id='-27410' action='modify' visible='true' lat='43.0407886152' lon='-95.2930080342' />
  <node id='-27411' action='modify' visible='true' lat='43.0407886152' lon='-95.2833744958' />
  <node id='-27412' action='modify' visible='true' lat='43.0388983886' lon='-95.2833744958' />
  <node id='-27413' action='modify' visible='true' lat='43.0388983886' lon='-95.2815750481' />
  <node id='-27414' action='modify' visible='true' lat='43.0407886152' lon='-95.2815750481' />
  <node id='-27511' action='modify' visible='true' lat='43.07419825274' lon='-95.31474237972' />
  <node id='-27534' action='modify' visible='true' lat='43.07081765824' lon='-95.31456171311' />
  <node id='-27544' action='modify' visible='true' lat='43.07079735381' lon='-95.30869699698' />
  <node id='-27564' action='modify' visible='true' lat='43.06509661279' lon='-95.30390237613' />
  <node id='-27635' action='modify' visible='true' lat='43.06440113241' lon='-95.27200779149' />
  <node id='-27655' action='modify' visible='true' lat='43.07022883707' lon='-95.27050686888' />
  <node id='-27676' action='modify' visible='true' lat='43.07634022476' lon='-95.27059025347' />
  <node id='-27700' action='modify' visible='true' lat='43.07849225254' lon='-95.2627242933' />
  <node id='-27776' action='modify' visible='true' lat='43.0793144735' lon='-95.25428855233' />
  <node id='-27789' action='modify' visible='true' lat='43.08230888865' lon='-95.25430244976' />
  <node id='-27807' action='modify' visible='true' lat='43.08246114314' lon='-95.23859835207' />
  <node id='-27861' action='modify' visible='true' lat='43.07199531407' lon='-95.23840380192' />
  <node id='-27871' action='modify' visible='true' lat='43.07184301835' lon='-95.25603267304' />
  <node id='-27955' action='modify' visible='true' lat='43.05623735323' lon='-95.25627589894' />
  <node id='-28022' action='modify' visible='true' lat='43.05548590599' lon='-95.29327086182' />
  <node id='-28032' action='modify' visible='true' lat='43.04797092715' lon='-95.27973476345' />
  <node id='-28086' action='modify' visible='true' lat='43.04809279902' lon='-95.33337884937' />
  <node id='-28088' action='modify' visible='true' lat='43.04786951895' lon='-95.31950504519' />
  <node id='-28089' action='modify' visible='true' lat='43.04945924914' lon='-95.31948509996' />
  <node id='-28090' action='modify' visible='true' lat='43.04932656585' lon='-95.29968171744' />
  <node id='-28091' action='modify' visible='true' lat='43.04773683223' lon='-95.29970166266' />
  <node id='-28126' action='modify' visible='true' lat='43.05384081368' lon='-95.29746788616' />
  <node id='1' timestamp='2026-06-23T11:00:00Z' uid='1' user='antigravity' visible='true' version='1' changeset='1' lat='43.08913865' lon='-95.33855554' />
  <node id='2' timestamp='2026-06-23T11:00:00Z' uid='1' user='antigravity' visible='true' version='1' changeset='1' lat='43.08913865' lon='-95.32810397' />
  <node id='3' timestamp='2026-06-23T11:00:00Z' uid='1' user='antigravity' visible='true' version='1' changeset='1' lat='43.08913865' lon='-95.32687437' />
  <node id='4' timestamp='2026-06-23T11:00:00Z' uid='1' user='antigravity' visible='true' version='1' changeset='1' lat='43.08913865' lon='-95.32564478' />
  <node id='5' timestamp='2026-06-23T11:00:00Z' uid='1' user='antigravity' visible='true' version='1' changeset='1' lat='43.08913865' lon='-95.32441518' />
  <node id='6' timestamp='2026-06-23T11:00:00Z' uid='1' user='antigravity' visible='true' version='1' changeset='1' lat='43.08913865' lon='-95.32318558' />
  <node id='7' timestamp='2026-06-23T11:00:00Z' uid='1' user='antigravity' visible='true' version='1' changeset='1' lat='43.08913865' lon='-95.32195599' />
  <node id='8' timestamp='2026-06-23T11:00:00Z' uid='1' user='antigravity' visible='true' version='1' changeset='1' lat='43.08913865' lon='-95.3127586' />
  <node id='9' timestamp='2026-06-23T11:00:00Z' uid='1' user='antigravity' visible='true' version='1' changeset='1' lat='43.08913865' lon='-95.30047493' />
  <node id='10' timestamp='2026-06-23T11:00:00Z' uid='1' user='antigravity' visible='true' version='1' changeset='1' lat='43.08913865' lon='-95.2759076' />
  <node id='11' timestamp='2026-06-23T11:00:00Z' uid='1' user='antigravity' visible='true' version='1' changeset='1' lat='43.08913865' lon='-95.27169697' />
  <node id='12' timestamp='2026-06-23T11:00:00Z' uid='1' user='antigravity' visible='true' version='1' changeset='1' lat='43.08913865' lon='-95.26362393' />
  <node id='13' timestamp='2026-06-23T11:00:00Z' uid='1' user='antigravity' visible='true' version='1' changeset='1' lat='43.08913865' lon='-95.23782699' />
  <node id='14' timestamp='2026-06-23T11:00:00Z' uid='1' user='antigravity' visible='true' version='1' changeset='1' lat='43.04116862' lon='-95.33855554' />
  <node id='15' timestamp='2026-06-23T11:00:00Z' uid='1' user='antigravity' visible='true' version='1' changeset='1' lat='43.04116862' lon='-95.3303067' />
  <node id='16' timestamp='2026-06-23T11:00:00Z' uid='1' user='antigravity' visible='true' version='1' changeset='1' lat='43.04116862' lon='-95.31626822' />
  <node id='17' timestamp='2026-06-23T11:00:00Z' uid='1' user='antigravity' visible='true' version='1' changeset='1' lat='43.04116862' lon='-95.30924898' />
  <node id='18' timestamp='2026-06-23T11:00:00Z' uid='1' user='antigravity' visible='true' version='1' changeset='1' lat='43.04116862' lon='-95.30222974' />
  <node id='19' timestamp='2026-06-23T11:00:00Z' uid='1' user='antigravity' visible='true' version='1' changeset='1' lat='43.04116862' lon='-95.29914549' />
  <node id='20' timestamp='2026-06-23T11:00:00Z' uid='1' user='antigravity' visible='true' version='1' changeset='1' lat='43.04116862' lon='-95.2952105' />
  <node id='21' timestamp='2026-06-23T11:00:00Z' uid='1' user='antigravity' visible='true' version='1' changeset='1' lat='43.04116862' lon='-95.28117203' />
  <node id='22' timestamp='2026-06-23T11:00:00Z' uid='1' user='antigravity' visible='true' version='1' changeset='1' lat='43.04116862' lon='-95.27415279' />
  <node id='23' timestamp='2026-06-23T11:00:00Z' uid='1' user='antigravity' visible='true' version='1' changeset='1' lat='43.04116862' lon='-95.26713355' />
  <node id='24' timestamp='2026-06-23T11:00:00Z' uid='1' user='antigravity' visible='true' version='1' changeset='1' lat='43.04116862' lon='-95.26011431' />
  <node id='25' timestamp='2026-06-23T11:00:00Z' uid='1' user='antigravity' visible='true' version='1' changeset='1' lat='43.04116862' lon='-95.24607583' />
  <node id='26' timestamp='2026-06-23T11:00:00Z' uid='1' user='antigravity' visible='true' version='1' changeset='1' lat='43.04116862' lon='-95.23782699' />
  <node id='27' timestamp='2026-06-23T11:00:00Z' uid='1' user='antigravity' visible='true' version='1' changeset='1' lat='43.08790865' lon='-95.27169697' />
  <node id='28' timestamp='2026-06-23T11:00:00Z' uid='1' user='antigravity' visible='true' version='1' changeset='1' lat='43.08667865' lon='-95.27169697' />
  <node id='29' timestamp='2026-06-23T11:00:00Z' uid='1' user='antigravity' visible='true' version='1' changeset='1' lat='43.08544865' lon='-95.27169697' />
  <node id='30' timestamp='2026-06-23T11:00:00Z' uid='1' user='antigravity' visible='true' version='1' changeset='1' lat='43.08421865' lon='-95.27169697' />
  <node id='31' timestamp='2026-06-23T11:00:00Z' uid='1' user='antigravity' visible='true' version='1' changeset='1' lat='43.08298865' lon='-95.27169697' />
  <node id='32' timestamp='2026-06-23T11:00:00Z' uid='1' user='antigravity' visible='true' version='1' changeset='1' lat='43.08280553' lon='-95.27169697' />
  <node id='33' timestamp='2026-06-23T11:00:00Z' uid='1' user='antigravity' visible='true' version='1' changeset='1' lat='43.08175865' lon='-95.27169697' />
  <node id='34' timestamp='2026-06-23T11:00:00Z' uid='1' user='antigravity' visible='true' version='1' changeset='1' lat='43.08052864' lon='-95.27169697' />
  <node id='35' timestamp='2026-06-23T11:00:00Z' uid='1' user='antigravity' visible='true' version='1' changeset='1' lat='43.07929864' lon='-95.27169697' />
  <node id='36' timestamp='2026-06-23T11:00:00Z' uid='1' user='antigravity' visible='true' version='1' changeset='1' lat='43.07806864' lon='-95.27169697' />
  <node id='37' timestamp='2026-06-23T11:00:00Z' uid='1' user='antigravity' visible='true' version='1' changeset='1' lat='43.07692156' lon='-95.27169697' />
  <node id='38' timestamp='2026-06-23T11:00:00Z' uid='1' user='antigravity' visible='true' version='1' changeset='1' lat='43.07683864' lon='-95.27169697' />
  <node id='39' timestamp='2026-06-23T11:00:00Z' uid='1' user='antigravity' visible='true' version='1' changeset='1' lat='43.07560864' lon='-95.27169697' />
  <node id='40' timestamp='2026-06-23T11:00:00Z' uid='1' user='antigravity' visible='true' version='1' changeset='1' lat='43.07437864' lon='-95.27169697' />
  <node id='41' timestamp='2026-06-23T11:00:00Z' uid='1' user='antigravity' visible='true' version='1' changeset='1' lat='43.07314864' lon='-95.27169697' />
  <node id='42' timestamp='2026-06-23T11:00:00Z' uid='1' user='antigravity' visible='true' version='1' changeset='1' lat='43.07191864' lon='-95.27171708' />
  <node id='43' timestamp='2026-06-23T11:00:00Z' uid='1' user='antigravity' visible='true' version='1' changeset='1' lat='43.0710376' lon='-95.27179271' />
  <node id='44' timestamp='2026-06-23T11:00:00Z' uid='1' user='antigravity' visible='true' version='1' changeset='1' lat='43.07068864' lon='-95.27183854' />
  <node id='45' timestamp='2026-06-23T11:00:00Z' uid='1' user='antigravity' visible='true' version='1' changeset='1' lat='43.06945864' lon='-95.27207384' />
  <node id='46' timestamp='2026-06-23T11:00:00Z' uid='1' user='antigravity' visible='true' version='1' changeset='1' lat='43.06822864' lon='-95.27242752' />
  <node id='47' timestamp='2026-06-23T11:00:00Z' uid='1' user='antigravity' visible='true' version='1' changeset='1' lat='43.06699863' lon='-95.27290411' />
  <node id='48' timestamp='2026-06-23T11:00:00Z' uid='1' user='antigravity' visible='true' version='1' changeset='1' lat='43.06576863' lon='-95.27350813' />
  <node id='49' timestamp='2026-06-23T11:00:00Z' uid='1' user='antigravity' visible='true' version='1' changeset='1' lat='43.06515363' lon='-95.27385934' />
  <node id='50' timestamp='2026-06-23T11:00:00Z' uid='1' user='antigravity' visible='true' version='1' changeset='1' lat='43.06453863' lon='-95.2742441' />
  <node id='51' timestamp='2026-06-23T11:00:00Z' uid='1' user='antigravity' visible='true' version='1' changeset='1' lat='43.06330863' lon='-95.27511656' />
  <node id='52' timestamp='2026-06-23T11:00:00Z' uid='1' user='antigravity' visible='true' version='1' changeset='1' lat='43.06207863' lon='-95.27613003' />
  <node id='53' timestamp='2026-06-23T11:00:00Z' uid='1' user='antigravity' visible='true' version='1' changeset='1' lat='43.06084863' lon='-95.27728904' />
  <node id='54' timestamp='2026-06-23T11:00:00Z' uid='1' user='antigravity' visible='true' version='1' changeset='1' lat='43.05961863' lon='-95.28055494' />
  <node id='55' timestamp='2026-06-23T11:00:00Z' uid='1' user='antigravity' visible='true' version='1' changeset='1' lat='43.05926967' lon='-95.28241857' />
  <node id='56' timestamp='2026-06-23T11:00:00Z' uid='1' user='antigravity' visible='true' version='1' changeset='1' lat='43.05838863' lon='-95.28758359' />
  <node id='57' timestamp='2026-06-23T11:00:00Z' uid='1' user='antigravity' visible='true' version='1' changeset='1' lat='43.05715863' lon='-95.29217038' />
  <node id='58' timestamp='2026-06-23T11:00:00Z' uid='1' user='antigravity' visible='true' version='1' changeset='1' lat='43.05592863' lon='-95.29366638' />
  <node id='59' timestamp='2026-06-23T11:00:00Z' uid='1' user='antigravity' visible='true' version='1' changeset='1' lat='43.05469863' lon='-95.29498089' />
  <node id='60' timestamp='2026-06-23T11:00:00Z' uid='1' user='antigravity' visible='true' version='1' changeset='1' lat='43.05346862' lon='-95.29611442' />
  <node id='61' timestamp='2026-06-23T11:00:00Z' uid='1' user='antigravity' visible='true' version='1' changeset='1' lat='43.0533857' lon='-95.29618433' />
  <node id='62' timestamp='2026-06-23T11:00:00Z' uid='1' user='antigravity' visible='true' version='1' changeset='1' lat='43.05223862' lon='-95.29706745' />
  <node id='63' timestamp='2026-06-23T11:00:00Z' uid='1' user='antigravity' visible='true' version='1' changeset='1' lat='43.05100862' lon='-95.2978405' />
  <node id='64' timestamp='2026-06-23T11:00:00Z' uid='1' user='antigravity' visible='true' version='1' changeset='1' lat='43.04977862' lon='-95.29843407' />
  <node id='65' timestamp='2026-06-23T11:00:00Z' uid='1' user='antigravity' visible='true' version='1' changeset='1' lat='43.04854862' lon='-95.29884865' />
  <node id='66' timestamp='2026-06-23T11:00:00Z' uid='1' user='antigravity' visible='true' version='1' changeset='1' lat='43.04750174' lon='-95.29906087' />
  <node id='67' timestamp='2026-06-23T11:00:00Z' uid='1' user='antigravity' visible='true' version='1' changeset='1' lat='43.04731862' lon='-95.29908473' />
  <node id='68' timestamp='2026-06-23T11:00:00Z' uid='1' user='antigravity' visible='true' version='1' changeset='1' lat='43.04608862' lon='-95.29914549' />
  <node id='69' timestamp='2026-06-23T11:00:00Z' uid='1' user='antigravity' visible='true' version='1' changeset='1' lat='43.04485862' lon='-95.29914549' />
  <node id='70' timestamp='2026-06-23T11:00:00Z' uid='1' user='antigravity' visible='true' version='1' changeset='1' lat='43.04362862' lon='-95.29914549' />
  <node id='71' timestamp='2026-06-23T11:00:00Z' uid='1' user='antigravity' visible='true' version='1' changeset='1' lat='43.04239862' lon='-95.29914549' />
  <node id='72' timestamp='2026-06-23T11:00:00Z' uid='1' user='antigravity' visible='true' version='1' changeset='1' lat='43.10198456' lon='-95.33855554' />
  <node id='73' action='modify' timestamp='2026-06-23T11:00:00Z' uid='1' user='antigravity' visible='true' version='1' changeset='1' lat='43.1019829511' lon='-95.33834663975' />
  <node id='74' timestamp='2026-06-23T11:00:00Z' uid='1' user='antigravity' visible='true' version='1' changeset='1' lat='43.10069099' lon='-95.3383588' />
  <node id='75' timestamp='2026-06-23T11:00:00Z' uid='1' user='antigravity' visible='true' version='1' changeset='1' lat='43.09997233' lon='-95.3383588' />
  <node id='76' timestamp='2026-06-23T11:00:00Z' uid='1' user='antigravity' visible='true' version='1' changeset='1' lat='43.09925368' lon='-95.3383588' />
  <node id='77' timestamp='2026-06-23T11:00:00Z' uid='1' user='antigravity' visible='true' version='1' changeset='1' lat='43.09853503' lon='-95.3383588' />
  <node id='78' timestamp='2026-06-23T11:00:00Z' uid='1' user='antigravity' visible='true' version='1' changeset='1' lat='43.09781638' lon='-95.3383588' />
  <node id='79' timestamp='2026-06-23T11:00:00Z' uid='1' user='antigravity' visible='true' version='1' changeset='1' lat='43.09709772' lon='-95.3383588' />
  <node id='80' timestamp='2026-06-23T11:00:00Z' uid='1' user='antigravity' visible='true' version='1' changeset='1' lat='43.09637907' lon='-95.3383588' />
  <node id='81' timestamp='2026-06-23T11:00:00Z' uid='1' user='antigravity' visible='true' version='1' changeset='1' lat='43.09566042' lon='-95.3383588' />
  <node id='82' timestamp='2026-06-23T11:00:00Z' uid='1' user='antigravity' visible='true' version='1' changeset='1' lat='43.09494177' lon='-95.3383588' />
  <node id='83' timestamp='2026-06-23T11:00:00Z' uid='1' user='antigravity' visible='true' version='1' changeset='1' lat='43.09422312' lon='-95.3383588' />
  <node id='84' timestamp='2026-06-23T11:00:00Z' uid='1' user='antigravity' visible='true' version='1' changeset='1' lat='43.09350446' lon='-95.3383588' />
  <node id='85' timestamp='2026-06-23T11:00:00Z' uid='1' user='antigravity' visible='true' version='1' changeset='1' lat='43.09278581' lon='-95.3383588' />
  <node id='86' timestamp='2026-06-23T11:00:00Z' uid='1' user='antigravity' visible='true' version='1' changeset='1' lat='43.09206716' lon='-95.3383588' />
  <node id='87' timestamp='2026-06-23T11:00:00Z' uid='1' user='antigravity' visible='true' version='1' changeset='1' lat='43.09134851' lon='-95.3383588' />
  <node id='88' timestamp='2026-06-23T11:00:00Z' uid='1' user='antigravity' visible='true' version='1' changeset='1' lat='43.09062985' lon='-95.3383588' />
  <node id='89' timestamp='2026-06-23T11:00:00Z' uid='1' user='antigravity' visible='true' version='1' changeset='1' lat='43.0899112' lon='-95.3383588' />
  <node id='90' timestamp='2026-06-23T11:00:00Z' uid='1' user='antigravity' visible='true' version='1' changeset='1' lat='43.08919255' lon='-95.3383588' />
  <node id='91' timestamp='2026-06-23T11:00:00Z' uid='1' user='antigravity' visible='true' version='1' changeset='1' lat='43.0884739' lon='-95.3383588' />
  <node id='92' timestamp='2026-06-23T11:00:00Z' uid='1' user='antigravity' visible='true' version='1' changeset='1' lat='43.08775525' lon='-95.3383588' />
  <node id='93' timestamp='2026-06-23T11:00:00Z' uid='1' user='antigravity' visible='true' version='1' changeset='1' lat='43.08703659' lon='-95.3383588' />
  <node id='94' timestamp='2026-06-23T11:00:00Z' uid='1' user='antigravity' visible='true' version='1' changeset='1' lat='43.08631794' lon='-95.3383588' />
  <node id='95' timestamp='2026-06-23T11:00:00Z' uid='1' user='antigravity' visible='true' version='1' changeset='1' lat='43.08559929' lon='-95.3383588' />
  <node id='96' timestamp='2026-06-23T11:00:00Z' uid='1' user='antigravity' visible='true' version='1' changeset='1' lat='43.08488064' lon='-95.3383588' />
  <node id='97' timestamp='2026-06-23T11:00:00Z' uid='1' user='antigravity' visible='true' version='1' changeset='1' lat='43.08416198' lon='-95.3383588' />
  <node id='98' timestamp='2026-06-23T11:00:00Z' uid='1' user='antigravity' visible='true' version='1' changeset='1' lat='43.08344333' lon='-95.3383588' />
  <node id='99' timestamp='2026-06-23T11:00:00Z' uid='1' user='antigravity' visible='true' version='1' changeset='1' lat='43.08272468' lon='-95.3383588' />
  <node id='100' timestamp='2026-06-23T11:00:00Z' uid='1' user='antigravity' visible='true' version='1' changeset='1' lat='43.08200603' lon='-95.3383588' />
  <node id='101' timestamp='2026-06-23T11:00:00Z' uid='1' user='antigravity' visible='true' version='1' changeset='1' lat='43.08128738' lon='-95.3383588' />
  <node id='102' timestamp='2026-06-23T11:00:00Z' uid='1' user='antigravity' visible='true' version='1' changeset='1' lat='43.08056872' lon='-95.3383588' />
  <node id='103' timestamp='2026-06-23T11:00:00Z' uid='1' user='antigravity' visible='true' version='1' changeset='1' lat='43.07985007' lon='-95.3383588' />
  <node id='104' timestamp='2026-06-23T11:00:00Z' uid='1' user='antigravity' visible='true' version='1' changeset='1' lat='43.07913142' lon='-95.3383588' />
  <node id='105' timestamp='2026-06-23T11:00:00Z' uid='1' user='antigravity' visible='true' version='1' changeset='1' lat='43.07841277' lon='-95.3383588' />
  <node id='106' timestamp='2026-06-23T11:00:00Z' uid='1' user='antigravity' visible='true' version='1' changeset='1' lat='43.07769411' lon='-95.3383588' />
  <node id='107' timestamp='2026-06-23T11:00:00Z' uid='1' user='antigravity' visible='true' version='1' changeset='1' lat='43.07697546' lon='-95.3383588' />
  <node id='108' timestamp='2026-06-23T11:00:00Z' uid='1' user='antigravity' visible='true' version='1' changeset='1' lat='43.07625681' lon='-95.3383588' />
  <node id='109' timestamp='2026-06-23T11:00:00Z' uid='1' user='antigravity' visible='true' version='1' changeset='1' lat='43.07553816' lon='-95.3383588' />
  <node id='110' action='modify' timestamp='2026-06-23T11:00:00Z' uid='1' user='antigravity' visible='true' version='1' changeset='1' lat='43.07428655118' lon='-95.33833795385' />
  <node id='111' action='delete' timestamp='2026-06-23T11:00:00Z' uid='1' user='antigravity' visible='true' version='1' changeset='1' lat='43.07410085' lon='-95.3383588' />
  <node id='112' action='delete' timestamp='2026-06-23T11:00:00Z' uid='1' user='antigravity' visible='true' version='1' changeset='1' lat='43.0733822' lon='-95.3383588' />
  <node id='113' action='delete' timestamp='2026-06-23T11:00:00Z' uid='1' user='antigravity' visible='true' version='1' changeset='1' lat='43.07266355' lon='-95.3383588' />
  <node id='114' action='delete' timestamp='2026-06-23T11:00:00Z' uid='1' user='antigravity' visible='true' version='1' changeset='1' lat='43.0719449' lon='-95.3383588' />
  <node id='115' action='delete' timestamp='2026-06-23T11:00:00Z' uid='1' user='antigravity' visible='true' version='1' changeset='1' lat='43.07122624' lon='-95.3383588' />
  <node id='116' action='delete' timestamp='2026-06-23T11:00:00Z' uid='1' user='antigravity' visible='true' version='1' changeset='1' lat='43.07050759' lon='-95.3383588' />
  <node id='117' action='delete' timestamp='2026-06-23T11:00:00Z' uid='1' user='antigravity' visible='true' version='1' changeset='1' lat='43.06978894' lon='-95.3383588' />
  <node id='118' action='delete' timestamp='2026-06-23T11:00:00Z' uid='1' user='antigravity' visible='true' version='1' changeset='1' lat='43.06907029' lon='-95.3383588' />
  <node id='119' action='delete' timestamp='2026-06-23T11:00:00Z' uid='1' user='antigravity' visible='true' version='1' changeset='1' lat='43.06835164' lon='-95.3383588' />
  <node id='120' action='delete' timestamp='2026-06-23T11:00:00Z' uid='1' user='antigravity' visible='true' version='1' changeset='1' lat='43.06763298' lon='-95.3383588' />
  <node id='121' action='delete' timestamp='2026-06-23T11:00:00Z' uid='1' user='antigravity' visible='true' version='1' changeset='1' lat='43.06691433' lon='-95.3383588' />
  <node id='122' action='delete' timestamp='2026-06-23T11:00:00Z' uid='1' user='antigravity' visible='true' version='1' changeset='1' lat='43.06619568' lon='-95.3383588' />
  <node id='123' action='delete' timestamp='2026-06-23T11:00:00Z' uid='1' user='antigravity' visible='true' version='1' changeset='1' lat='43.06648314' lon='-95.33737513' />
  <node id='124' action='delete' timestamp='2026-06-23T11:00:00Z' uid='1' user='antigravity' visible='true' version='1' changeset='1' lat='43.06720179' lon='-95.33658819' />
  <node id='125' action='delete' timestamp='2026-06-23T11:00:00Z' uid='1' user='antigravity' visible='true' version='1' changeset='1' lat='43.06792044' lon='-95.33560451' />
  <node id='126' action='delete' timestamp='2026-06-23T11:00:00Z' uid='1' user='antigravity' visible='true' version='1' changeset='1' lat='43.06849537' lon='-95.33462083' />
  <node id='127' action='delete' timestamp='2026-06-23T11:00:00Z' uid='1' user='antigravity' visible='true' version='1' changeset='1' lat='43.06921402' lon='-95.33363715' />
  <node id='128' action='delete' timestamp='2026-06-23T11:00:00Z' uid='1' user='antigravity' visible='true' version='1' changeset='1' lat='43.06978894' lon='-95.33265348' />
  <node id='129' action='delete' timestamp='2026-06-23T11:00:00Z' uid='1' user='antigravity' visible='true' version='1' changeset='1' lat='43.07050759' lon='-95.33186653' />
  <node id='130' action='delete' timestamp='2026-06-23T11:00:00Z' uid='1' user='antigravity' visible='true' version='1' changeset='1' lat='43.07122624' lon='-95.33088286' />
  <node id='131' action='delete' timestamp='2026-06-23T11:00:00Z' uid='1' user='antigravity' visible='true' version='1' changeset='1' lat='43.0719449' lon='-95.32989918' />
  <node id='132' action='delete' timestamp='2026-06-23T11:00:00Z' uid='1' user='antigravity' visible='true' version='1' changeset='1' lat='43.07251982' lon='-95.3289155' />
  <node id='133' action='delete' timestamp='2026-06-23T11:00:00Z' uid='1' user='antigravity' visible='true' version='1' changeset='1' lat='43.07309474' lon='-95.32793183' />
  <node id='134' action='delete' timestamp='2026-06-23T11:00:00Z' uid='1' user='antigravity' visible='true' version='1' changeset='1' lat='43.07366966' lon='-95.32714488' />
  <node id='135' action='delete' timestamp='2026-06-23T11:00:00Z' uid='1' user='antigravity' visible='true' version='1' changeset='1' lat='43.07410085' lon='-95.32616121' />
  <node id='136' timestamp='2026-06-23T11:00:00Z' uid='1' user='antigravity' visible='true' version='1' changeset='1' lat='43.07424458' lon='-95.32517753' />
  <node id='137' timestamp='2026-06-23T11:00:00Z' uid='1' user='antigravity' visible='true' version='1' changeset='1' lat='43.07438831' lon='-95.32419385' />
  <node id='138' timestamp='2026-06-23T11:00:00Z' uid='1' user='antigravity' visible='true' version='1' changeset='1' lat='43.07438831' lon='-95.32321017' />
  <node id='139' timestamp='2026-06-23T11:00:00Z' uid='1' user='antigravity' visible='true' version='1' changeset='1' lat='43.07438831' lon='-95.3222265' />
  <node id='140' timestamp='2026-06-23T11:00:00Z' uid='1' user='antigravity' visible='true' version='1' changeset='1' lat='43.07438831' lon='-95.32124282' />
  <node id='141' timestamp='2026-06-23T11:00:00Z' uid='1' user='antigravity' visible='true' version='1' changeset='1' lat='43.07438831' lon='-95.32025914' />
  <node id='142' timestamp='2026-06-23T11:00:00Z' uid='1' user='antigravity' visible='true' version='1' changeset='1' lat='43.07424458' lon='-95.31927547' />
  <node id='143' action='delete' timestamp='2026-06-23T11:00:00Z' uid='1' user='antigravity' visible='true' version='1' changeset='1' lat='43.07352593' lon='-95.31848852' />
  <node id='144' action='delete' timestamp='2026-06-23T11:00:00Z' uid='1' user='antigravity' visible='true' version='1' changeset='1' lat='43.07280728' lon='-95.31770158' />
  <node id='145' action='delete' timestamp='2026-06-23T11:00:00Z' uid='1' user='antigravity' visible='true' version='1' changeset='1' lat='43.07208863' lon='-95.31691464' />
  <node id='146' action='delete' timestamp='2026-06-23T11:00:00Z' uid='1' user='antigravity' visible='true' version='1' changeset='1' lat='43.07136997' lon='-95.3161277' />
  <node id='147' action='delete' timestamp='2026-06-23T11:00:00Z' uid='1' user='antigravity' visible='true' version='1' changeset='1' lat='43.07065132' lon='-95.31534076' />
  <node id='148' action='delete' timestamp='2026-06-23T11:00:00Z' uid='1' user='antigravity' visible='true' version='1' changeset='1' lat='43.0700764' lon='-95.31475055' />
  <node id='149' action='delete' timestamp='2026-06-23T11:00:00Z' uid='1' user='antigravity' visible='true' version='1' changeset='1' lat='43.06935775' lon='-95.31435708' />
  <node id='150' action='delete' timestamp='2026-06-23T11:00:00Z' uid='1' user='antigravity' visible='true' version='1' changeset='1' lat='43.0686391' lon='-95.31396361' />
  <node id='151' action='delete' timestamp='2026-06-23T11:00:00Z' uid='1' user='antigravity' visible='true' version='1' changeset='1' lat='43.06792044' lon='-95.31357014' />
  <node id='152' action='delete' timestamp='2026-06-23T11:00:00Z' uid='1' user='antigravity' visible='true' version='1' changeset='1' lat='43.06720179' lon='-95.31317667' />
  <node id='153' action='delete' timestamp='2026-06-23T11:00:00Z' uid='1' user='antigravity' visible='true' version='1' changeset='1' lat='43.06648314' lon='-95.3127832' />
  <node id='154' action='delete' timestamp='2026-06-23T11:00:00Z' uid='1' user='antigravity' visible='true' version='1' changeset='1' lat='43.06590822' lon='-95.31219299' />
  <node id='155' action='delete' timestamp='2026-06-23T11:00:00Z' uid='1' user='antigravity' visible='true' version='1' changeset='1' lat='43.06547703' lon='-95.31120931' />
  <node id='156' action='delete' timestamp='2026-06-23T11:00:00Z' uid='1' user='antigravity' visible='true' version='1' changeset='1' lat='43.06518957' lon='-95.31022564' />
  <node id='157' action='delete' timestamp='2026-06-23T11:00:00Z' uid='1' user='antigravity' visible='true' version='1' changeset='1' lat='43.06475837' lon='-95.30924196' />
  <node id='158' action='modify' timestamp='2026-06-23T11:00:00Z' uid='1' user='antigravity' visible='true' version='1' changeset='1' lat='43.06507344231' lon='-95.30868215166' />
  <node id='159' action='delete' timestamp='2026-06-23T11:00:00Z' uid='1' user='antigravity' visible='true' version='1' changeset='1' lat='43.06418345' lon='-95.3072746' />
  <node id='160' action='delete' timestamp='2026-06-23T11:00:00Z' uid='1' user='antigravity' visible='true' version='1' changeset='1' lat='43.0634648' lon='-95.30629093' />
  <node id='161' action='delete' timestamp='2026-06-23T11:00:00Z' uid='1' user='antigravity' visible='true' version='1' changeset='1' lat='43.06288988' lon='-95.30550398' />
  <node id='162' action='delete' timestamp='2026-06-23T11:00:00Z' uid='1' user='antigravity' visible='true' version='1' changeset='1' lat='43.06260242' lon='-95.30452031' />
  <node id='163' action='modify' timestamp='2026-06-23T11:00:00Z' uid='1' user='antigravity' visible='true' version='1' changeset='1' lat='43.0624688436' lon='-95.30387711707' />
  <node id='164' timestamp='2026-06-23T11:00:00Z' uid='1' user='antigravity' visible='true' version='1' changeset='1' lat='43.06245869' lon='-95.30255295' />
  <node id='165' timestamp='2026-06-23T11:00:00Z' uid='1' user='antigravity' visible='true' version='1' changeset='1' lat='43.06231496' lon='-95.30156928' />
  <node id='166' timestamp='2026-06-23T11:00:00Z' uid='1' user='antigravity' visible='true' version='1' changeset='1' lat='43.06217123' lon='-95.3005856' />
  <node id='167' action='delete' timestamp='2026-06-23T11:00:00Z' uid='1' user='antigravity' visible='true' version='1' changeset='1' lat='43.0620275' lon='-95.29960192' />
  <node id='168' action='delete' timestamp='2026-06-23T11:00:00Z' uid='1' user='antigravity' visible='true' version='1' changeset='1' lat='43.06188377' lon='-95.29861824' />
  <node id='169' action='delete' timestamp='2026-06-23T11:00:00Z' uid='1' user='antigravity' visible='true' version='1' changeset='1' lat='43.06145257' lon='-95.29763457' />
  <node id='170' action='delete' timestamp='2026-06-23T11:00:00Z' uid='1' user='antigravity' visible='true' version='1' changeset='1' lat='43.06116511' lon='-95.29665089' />
  <node id='171' action='delete' timestamp='2026-06-23T11:00:00Z' uid='1' user='antigravity' visible='true' version='1' changeset='1' lat='43.06116511' lon='-95.29566721' />
  <node id='172' action='delete' timestamp='2026-06-23T11:00:00Z' uid='1' user='antigravity' visible='true' version='1' changeset='1' lat='43.06102138' lon='-95.29468353' />
  <node id='173' action='delete' timestamp='2026-06-23T11:00:00Z' uid='1' user='antigravity' visible='true' version='1' changeset='1' lat='43.06116511' lon='-95.29369986' />
  <node id='174' action='delete' timestamp='2026-06-23T11:00:00Z' uid='1' user='antigravity' visible='true' version='1' changeset='1' lat='43.06116511' lon='-95.29271618' />
  <node id='175' action='delete' timestamp='2026-06-23T11:00:00Z' uid='1' user='antigravity' visible='true' version='1' changeset='1' lat='43.06130884' lon='-95.2917325' />
  <node id='176' action='delete' timestamp='2026-06-23T11:00:00Z' uid='1' user='antigravity' visible='true' version='1' changeset='1' lat='43.06145257' lon='-95.29074883' />
  <node id='177' action='delete' timestamp='2026-06-23T11:00:00Z' uid='1' user='antigravity' visible='true' version='1' changeset='1' lat='43.06145257' lon='-95.28976515' />
  <node id='178' action='delete' timestamp='2026-06-23T11:00:00Z' uid='1' user='antigravity' visible='true' version='1' changeset='1' lat='43.06145257' lon='-95.28878147' />
  <node id='179' action='delete' timestamp='2026-06-23T11:00:00Z' uid='1' user='antigravity' visible='true' version='1' changeset='1' lat='43.0615963' lon='-95.28779779' />
  <node id='180' action='delete' timestamp='2026-06-23T11:00:00Z' uid='1' user='antigravity' visible='true' version='1' changeset='1' lat='43.0620275' lon='-95.28681412' />
  <node id='181' timestamp='2026-06-23T11:00:00Z' uid='1' user='antigravity' visible='true' version='1' changeset='1' lat='43.06217123' lon='-95.28583044' />
  <node id='182' timestamp='2026-06-23T11:00:00Z' uid='1' user='antigravity' visible='true' version='1' changeset='1' lat='43.0620275' lon='-95.28484676' />
  <node id='183' timestamp='2026-06-23T11:00:00Z' uid='1' user='antigravity' visible='true' version='1' changeset='1' lat='43.0620275' lon='-95.28386309' />
  <node id='184' timestamp='2026-06-23T11:00:00Z' uid='1' user='antigravity' visible='true' version='1' changeset='1' lat='43.0620275' lon='-95.28287941' />
  <node id='185' timestamp='2026-06-23T11:00:00Z' uid='1' user='antigravity' visible='true' version='1' changeset='1' lat='43.06217123' lon='-95.28189573' />
  <node id='186' timestamp='2026-06-23T11:00:00Z' uid='1' user='antigravity' visible='true' version='1' changeset='1' lat='43.06231496' lon='-95.28091205' />
  <node id='187' timestamp='2026-06-23T11:00:00Z' uid='1' user='antigravity' visible='true' version='1' changeset='1' lat='43.06245869' lon='-95.27992838' />
  <node id='188' timestamp='2026-06-23T11:00:00Z' uid='1' user='antigravity' visible='true' version='1' changeset='1' lat='43.06231496' lon='-95.2789447' />
  <node id='189' timestamp='2026-06-23T11:00:00Z' uid='1' user='antigravity' visible='true' version='1' changeset='1' lat='43.0620275' lon='-95.27796102' />
  <node id='190' timestamp='2026-06-23T11:00:00Z' uid='1' user='antigravity' visible='true' version='1' changeset='1' lat='43.06145257' lon='-95.27756755' />
  <node id='191' timestamp='2026-06-23T11:00:00Z' uid='1' user='antigravity' visible='true' version='1' changeset='1' lat='43.06116511' lon='-95.27835449' />
  <node id='192' timestamp='2026-06-23T11:00:00Z' uid='1' user='antigravity' visible='true' version='1' changeset='1' lat='43.06116511' lon='-95.27933817' />
  <node id='193' timestamp='2026-06-23T11:00:00Z' uid='1' user='antigravity' visible='true' version='1' changeset='1' lat='43.06059019' lon='-95.28032185' />
  <node id='200' timestamp='2026-06-23T11:00:00Z' uid='1' user='antigravity' visible='true' version='1' changeset='1' lat='43.05886543' lon='-95.28720759' />
  <node id='201' timestamp='2026-06-23T11:00:00Z' uid='1' user='antigravity' visible='true' version='1' changeset='1' lat='43.05886543' lon='-95.28819127' />
  <node id='202' timestamp='2026-06-23T11:00:00Z' uid='1' user='antigravity' visible='true' version='1' changeset='1' lat='43.0587217' lon='-95.28917494' />
  <node id='203' timestamp='2026-06-23T11:00:00Z' uid='1' user='antigravity' visible='true' version='1' changeset='1' lat='43.0587217' lon='-95.29015862' />
  <node id='204' timestamp='2026-06-23T11:00:00Z' uid='1' user='antigravity' visible='true' version='1' changeset='1' lat='43.0587217' lon='-95.2911423' />
  <node id='205' timestamp='2026-06-23T11:00:00Z' uid='1' user='antigravity' visible='true' version='1' changeset='1' lat='43.05857797' lon='-95.29212597' />
  <node id='206' action='modify' timestamp='2026-06-23T11:00:00Z' uid='1' user='antigravity' visible='true' version='1' changeset='1' lat='43.05715635956' lon='-95.29377672672' />
  <node id='207' action='modify' timestamp='2026-06-23T11:00:00Z' uid='1' user='antigravity' visible='true' version='1' changeset='1' lat='43.05605966613' lon='-95.2954552783' />
  <node id='208' action='modify' timestamp='2026-06-23T11:00:00Z' uid='1' user='antigravity' visible='true' version='1' changeset='1' lat='43.04973999157' lon='-95.29952418811' />
  <node id='209' action='delete' timestamp='2026-06-23T11:00:00Z' uid='1' user='antigravity' visible='true' version='1' changeset='1' lat='43.05800304' lon='-95.29606068' />
  <node id='210' action='delete' timestamp='2026-06-23T11:00:00Z' uid='1' user='antigravity' visible='true' version='1' changeset='1' lat='43.05742812' lon='-95.29704436' />
  <node id='211' action='delete' timestamp='2026-06-23T11:00:00Z' uid='1' user='antigravity' visible='true' version='1' changeset='1' lat='43.05699693' lon='-95.2978313' />
  <node id='212' action='delete' timestamp='2026-06-23T11:00:00Z' uid='1' user='antigravity' visible='true' version='1' changeset='1' lat='43.05656574' lon='-95.29881498' />
  <node id='213' action='delete' timestamp='2026-06-23T11:00:00Z' uid='1' user='antigravity' visible='true' version='1' changeset='1' lat='43.05613455' lon='-95.29979866' />
  <node id='214' action='delete' timestamp='2026-06-23T11:00:00Z' uid='1' user='antigravity' visible='true' version='1' changeset='1' lat='43.05570336' lon='-95.30078233' />
  <node id='215' action='delete' timestamp='2026-06-23T11:00:00Z' uid='1' user='antigravity' visible='true' version='1' changeset='1' lat='43.0549847' lon='-95.30156928' />
  <node id='216' action='delete' timestamp='2026-06-23T11:00:00Z' uid='1' user='antigravity' visible='true' version='1' changeset='1' lat='43.05440978' lon='-95.30255295' />
  <node id='217' action='delete' timestamp='2026-06-23T11:00:00Z' uid='1' user='antigravity' visible='true' version='1' changeset='1' lat='43.05369113' lon='-95.30353663' />
  <node id='218' action='delete' timestamp='2026-06-23T11:00:00Z' uid='1' user='antigravity' visible='true' version='1' changeset='1' lat='43.05297248' lon='-95.30452031' />
  <node id='219' action='delete' timestamp='2026-06-23T11:00:00Z' uid='1' user='antigravity' visible='true' version='1' changeset='1' lat='43.05239756' lon='-95.30550398' />
  <node id='220' action='delete' timestamp='2026-06-23T11:00:00Z' uid='1' user='antigravity' visible='true' version='1' changeset='1' lat='43.05182263' lon='-95.30648766' />
  <node id='221' action='delete' timestamp='2026-06-23T11:00:00Z' uid='1' user='antigravity' visible='true' version='1' changeset='1' lat='43.05139144' lon='-95.30747134' />
  <node id='222' action='delete' timestamp='2026-06-23T11:00:00Z' uid='1' user='antigravity' visible='true' version='1' changeset='1' lat='43.05110398' lon='-95.30845502' />
  <node id='223' action='delete' timestamp='2026-06-23T11:00:00Z' uid='1' user='antigravity' visible='true' version='1' changeset='1' lat='43.05096025' lon='-95.30943869' />
  <node id='224' action='delete' timestamp='2026-06-23T11:00:00Z' uid='1' user='antigravity' visible='true' version='1' changeset='1' lat='43.05081652' lon='-95.31042237' />
  <node id='225' action='delete' timestamp='2026-06-23T11:00:00Z' uid='1' user='antigravity' visible='true' version='1' changeset='1' lat='43.05067279' lon='-95.31140605' />
  <node id='226' action='delete' timestamp='2026-06-23T11:00:00Z' uid='1' user='antigravity' visible='true' version='1' changeset='1' lat='43.05052906' lon='-95.31238973' />
  <node id='227' action='delete' timestamp='2026-06-23T11:00:00Z' uid='1' user='antigravity' visible='true' version='1' changeset='1' lat='43.05052906' lon='-95.3133734' />
  <node id='228' action='delete' timestamp='2026-06-23T11:00:00Z' uid='1' user='antigravity' visible='true' version='1' changeset='1' lat='43.05067279' lon='-95.31435708' />
  <node id='229' action='delete' timestamp='2026-06-23T11:00:00Z' uid='1' user='antigravity' visible='true' version='1' changeset='1' lat='43.05081652' lon='-95.31534076' />
  <node id='230' action='delete' timestamp='2026-06-23T11:00:00Z' uid='1' user='antigravity' visible='true' version='1' changeset='1' lat='43.05110398' lon='-95.31632443' />
  <node id='231' action='delete' timestamp='2026-06-23T11:00:00Z' uid='1' user='antigravity' visible='true' version='1' changeset='1' lat='43.0516789' lon='-95.31711138' />
  <node id='232' action='delete' timestamp='2026-06-23T11:00:00Z' uid='1' user='antigravity' visible='true' version='1' changeset='1' lat='43.05225383' lon='-95.31809505' />
  <node id='233' action='delete' timestamp='2026-06-23T11:00:00Z' uid='1' user='antigravity' visible='true' version='1' changeset='1' lat='43.05297248' lon='-95.31848852' />
  <node id='234' action='delete' timestamp='2026-06-23T11:00:00Z' uid='1' user='antigravity' visible='true' version='1' changeset='1' lat='43.05369113' lon='-95.31868526' />
  <node id='235' action='delete' timestamp='2026-06-23T11:00:00Z' uid='1' user='antigravity' visible='true' version='1' changeset='1' lat='43.05440978' lon='-95.31907873' />
  <node id='236' action='delete' timestamp='2026-06-23T11:00:00Z' uid='1' user='antigravity' visible='true' version='1' changeset='1' lat='43.05512843' lon='-95.31927547' />
  <node id='237' action='modify' timestamp='2026-06-23T11:00:00Z' uid='1' user='antigravity' visible='true' version='1' changeset='1' lat='43.04991646147' lon='-95.31933540164' />
  <node id='238' action='modify' timestamp='2026-06-23T11:00:00Z' uid='1' user='antigravity' visible='true' version='1' changeset='1' lat='43.05660635829' lon='-95.31928197787' />
  <node id='239' action='delete' timestamp='2026-06-23T11:00:00Z' uid='1' user='antigravity' visible='true' version='1' changeset='1' lat='43.05728439' lon='-95.32025914' />
  <node id='240' action='delete' timestamp='2026-06-23T11:00:00Z' uid='1' user='antigravity' visible='true' version='1' changeset='1' lat='43.05800304' lon='-95.32065261' />
  <node id='241' action='delete' timestamp='2026-06-23T11:00:00Z' uid='1' user='antigravity' visible='true' version='1' changeset='1' lat='43.0587217' lon='-95.32143956' />
  <node id='242' action='delete' timestamp='2026-06-23T11:00:00Z' uid='1' user='antigravity' visible='true' version='1' changeset='1' lat='43.05944035' lon='-95.3222265' />
  <node id='243' action='delete' timestamp='2026-06-23T11:00:00Z' uid='1' user='antigravity' visible='true' version='1' changeset='1' lat='43.05972781' lon='-95.32321017' />
  <node id='244' action='delete' timestamp='2026-06-23T11:00:00Z' uid='1' user='antigravity' visible='true' version='1' changeset='1' lat='43.05972781' lon='-95.32419385' />
  <node id='245' action='delete' timestamp='2026-06-23T11:00:00Z' uid='1' user='antigravity' visible='true' version='1' changeset='1' lat='43.05958408' lon='-95.32517753' />
  <node id='246' action='delete' timestamp='2026-06-23T11:00:00Z' uid='1' user='antigravity' visible='true' version='1' changeset='1' lat='43.05944035' lon='-95.32616121' />
  <node id='247' action='delete' timestamp='2026-06-23T11:00:00Z' uid='1' user='antigravity' visible='true' version='1' changeset='1' lat='43.05929662' lon='-95.32714488' />
  <node id='248' action='delete' timestamp='2026-06-23T11:00:00Z' uid='1' user='antigravity' visible='true' version='1' changeset='1' lat='43.05900916' lon='-95.32812856' />
  <node id='249' action='delete' timestamp='2026-06-23T11:00:00Z' uid='1' user='antigravity' visible='true' version='1' changeset='1' lat='43.0587217' lon='-95.32911224' />
  <node id='250' action='delete' timestamp='2026-06-23T11:00:00Z' uid='1' user='antigravity' visible='true' version='1' changeset='1' lat='43.05843423' lon='-95.33009592' />
  <node id='251' action='delete' timestamp='2026-06-23T11:00:00Z' uid='1' user='antigravity' visible='true' version='1' changeset='1' lat='43.05800304' lon='-95.33107959' />
  <node id='252' action='delete' timestamp='2026-06-23T11:00:00Z' uid='1' user='antigravity' visible='true' version='1' changeset='1' lat='43.05742812' lon='-95.33206327' />
  <node id='253' action='modify' timestamp='2026-06-23T11:00:00Z' uid='1' user='antigravity' visible='true' version='1' changeset='1' lat='43.0569937968' lon='-95.33340610726' />
  <node id='254' action='delete' timestamp='2026-06-23T11:00:00Z' uid='1' user='antigravity' visible='true' version='1' changeset='1' lat='43.05599082' lon='-95.33363715' />
  <node id='255' action='delete' timestamp='2026-06-23T11:00:00Z' uid='1' user='antigravity' visible='true' version='1' changeset='1' lat='43.0554159' lon='-95.3344241' />
  <node id='256' action='delete' timestamp='2026-06-23T11:00:00Z' uid='1' user='antigravity' visible='true' version='1' changeset='1' lat='43.05469724' lon='-95.3350143' />
  <node id='257' action='delete' timestamp='2026-06-23T11:00:00Z' uid='1' user='antigravity' visible='true' version='1' changeset='1' lat='43.05397859' lon='-95.33580124' />
  <node id='258' action='delete' timestamp='2026-06-23T11:00:00Z' uid='1' user='antigravity' visible='true' version='1' changeset='1' lat='43.05325994' lon='-95.33619471' />
  <node id='259' action='delete' timestamp='2026-06-23T11:00:00Z' uid='1' user='antigravity' visible='true' version='1' changeset='1' lat='43.05254129' lon='-95.33678492' />
  <node id='260' action='delete' timestamp='2026-06-23T11:00:00Z' uid='1' user='antigravity' visible='true' version='1' changeset='1' lat='43.05182263' lon='-95.33698166' />
  <node id='261' action='delete' timestamp='2026-06-23T11:00:00Z' uid='1' user='antigravity' visible='true' version='1' changeset='1' lat='43.05110398' lon='-95.33737513' />
  <node id='262' action='delete' timestamp='2026-06-23T11:00:00Z' uid='1' user='antigravity' visible='true' version='1' changeset='1' lat='43.05038533' lon='-95.3377686' />
  <node id='263' action='delete' timestamp='2026-06-23T11:00:00Z' uid='1' user='antigravity' visible='true' version='1' changeset='1' lat='43.04966668' lon='-95.33796533' />
  <node id='264' action='delete' timestamp='2026-06-23T11:00:00Z' uid='1' user='antigravity' visible='true' version='1' changeset='1' lat='43.04894803' lon='-95.33816207' />
  <node id='265' timestamp='2026-06-23T11:00:00Z' uid='1' user='antigravity' visible='true' version='1' changeset='1' lat='43.04822937' lon='-95.3383588' />
  <node id='266' timestamp='2026-06-23T11:00:00Z' uid='1' user='antigravity' visible='true' version='1' changeset='1' lat='43.04751072' lon='-95.3383588' />
  <node id='267' timestamp='2026-06-23T11:00:00Z' uid='1' user='antigravity' visible='true' version='1' changeset='1' lat='43.04679207' lon='-95.3383588' />
  <node id='268' timestamp='2026-06-23T11:00:00Z' uid='1' user='antigravity' visible='true' version='1' changeset='1' lat='43.04607342' lon='-95.3383588' />
  <node id='269' timestamp='2026-06-23T11:00:00Z' uid='1' user='antigravity' visible='true' version='1' changeset='1' lat='43.04535476' lon='-95.3383588' />
  <node id='270' timestamp='2026-06-23T11:00:00Z' uid='1' user='antigravity' visible='true' version='1' changeset='1' lat='43.04463611' lon='-95.3383588' />
  <node id='271' timestamp='2026-06-23T11:00:00Z' uid='1' user='antigravity' visible='true' version='1' changeset='1' lat='43.04391746' lon='-95.3383588' />
  <node id='272' timestamp='2026-06-23T11:00:00Z' uid='1' user='antigravity' visible='true' version='1' changeset='1' lat='43.04319881' lon='-95.3383588' />
  <node id='273' timestamp='2026-06-23T11:00:00Z' uid='1' user='antigravity' visible='true' version='1' changeset='1' lat='43.04248016' lon='-95.3383588' />
  <node id='274' timestamp='2026-06-23T11:00:00Z' uid='1' user='antigravity' visible='true' version='1' changeset='1' lat='43.0417615' lon='-95.3383588' />
  <node id='275' timestamp='2026-06-23T11:00:00Z' uid='1' user='antigravity' visible='true' version='1' changeset='1' lat='43.04104285' lon='-95.3383588' />
  <node id='276' timestamp='2026-06-23T11:00:00Z' uid='1' user='antigravity' visible='true' version='1' changeset='1' lat='43.0403242' lon='-95.3383588' />
  <node id='277' timestamp='2026-06-23T11:00:00Z' uid='1' user='antigravity' visible='true' version='1' changeset='1' lat='43.03960555' lon='-95.3383588' />
  <node id='278' timestamp='2026-06-23T11:00:00Z' uid='1' user='antigravity' visible='true' version='1' changeset='1' lat='43.03888689' lon='-95.3383588' />
  <node id='279' timestamp='2026-06-23T11:00:00Z' uid='1' user='antigravity' visible='true' version='1' changeset='1' lat='43.03816824' lon='-95.3383588' />
  <node id='280' timestamp='2026-06-23T11:00:00Z' uid='1' user='antigravity' visible='true' version='1' changeset='1' lat='43.03744959' lon='-95.3383588' />
  <node id='281' timestamp='2026-06-23T11:00:00Z' uid='1' user='antigravity' visible='true' version='1' changeset='1' lat='43.03673094' lon='-95.3383588' />
  <node id='282' timestamp='2026-06-23T11:00:00Z' uid='1' user='antigravity' visible='true' version='1' changeset='1' lat='43.03601229' lon='-95.3383588' />
  <node id='283' timestamp='2026-06-23T11:00:00Z' uid='1' user='antigravity' visible='true' version='1' changeset='1' lat='43.03529363' lon='-95.3383588' />
  <node id='284' timestamp='2026-06-23T11:00:00Z' uid='1' user='antigravity' visible='true' version='1' changeset='1' lat='43.03457498' lon='-95.3383588' />
  <node id='285' timestamp='2026-06-23T11:00:00Z' uid='1' user='antigravity' visible='true' version='1' changeset='1' lat='43.03385633' lon='-95.3383588' />
  <node id='286' timestamp='2026-06-23T11:00:00Z' uid='1' user='antigravity' visible='true' version='1' changeset='1' lat='43.03313768' lon='-95.3383588' />
  <node id='287' timestamp='2026-06-23T11:00:00Z' uid='1' user='antigravity' visible='true' version='1' changeset='1' lat='43.03241902' lon='-95.3383588' />
  <node id='288' timestamp='2026-06-23T11:00:00Z' uid='1' user='antigravity' visible='true' version='1' changeset='1' lat='43.03170037' lon='-95.3383588' />
  <node id='289' timestamp='2026-06-23T11:00:00Z' uid='1' user='antigravity' visible='true' version='1' changeset='1' lat='43.03098172' lon='-95.3383588' />
  <node id='290' timestamp='2026-06-23T11:00:00Z' uid='1' user='antigravity' visible='true' version='1' changeset='1' lat='43.03026307' lon='-95.3383588' />
  <node id='291' timestamp='2026-06-23T11:00:00Z' uid='1' user='antigravity' visible='true' version='1' changeset='1' lat='43.02954442' lon='-95.3383588' />
  <node id='292' timestamp='2026-06-23T11:00:00Z' uid='1' user='antigravity' visible='true' version='1' changeset='1' lat='43.02882576' lon='-95.3383588' />
  <node id='293' timestamp='2026-06-23T11:00:00Z' uid='1' user='antigravity' visible='true' version='1' changeset='1' lat='43.02882576' lon='-95.33855554' />
  <node id='294' timestamp='2026-06-23T11:00:00Z' uid='1' user='antigravity' visible='true' version='1' changeset='1' lat='43.02954442' lon='-95.33855554' />
  <node id='295' timestamp='2026-06-23T11:00:00Z' uid='1' user='antigravity' visible='true' version='1' changeset='1' lat='43.03026307' lon='-95.33855554' />
  <node id='296' timestamp='2026-06-23T11:00:00Z' uid='1' user='antigravity' visible='true' version='1' changeset='1' lat='43.03098172' lon='-95.33855554' />
  <node id='297' timestamp='2026-06-23T11:00:00Z' uid='1' user='antigravity' visible='true' version='1' changeset='1' lat='43.03170037' lon='-95.33855554' />
  <node id='298' timestamp='2026-06-23T11:00:00Z' uid='1' user='antigravity' visible='true' version='1' changeset='1' lat='43.03241902' lon='-95.33855554' />
  <node id='299' timestamp='2026-06-23T11:00:00Z' uid='1' user='antigravity' visible='true' version='1' changeset='1' lat='43.03313768' lon='-95.33855554' />
  <node id='300' timestamp='2026-06-23T11:00:00Z' uid='1' user='antigravity' visible='true' version='1' changeset='1' lat='43.03385633' lon='-95.33855554' />
  <node id='301' timestamp='2026-06-23T11:00:00Z' uid='1' user='antigravity' visible='true' version='1' changeset='1' lat='43.03457498' lon='-95.33855554' />
  <node id='302' timestamp='2026-06-23T11:00:00Z' uid='1' user='antigravity' visible='true' version='1' changeset='1' lat='43.03529363' lon='-95.33855554' />
  <node id='303' timestamp='2026-06-23T11:00:00Z' uid='1' user='antigravity' visible='true' version='1' changeset='1' lat='43.03601229' lon='-95.33855554' />
  <node id='304' timestamp='2026-06-23T11:00:00Z' uid='1' user='antigravity' visible='true' version='1' changeset='1' lat='43.03673094' lon='-95.33855554' />
  <node id='305' timestamp='2026-06-23T11:00:00Z' uid='1' user='antigravity' visible='true' version='1' changeset='1' lat='43.03744959' lon='-95.33855554' />
  <node id='306' timestamp='2026-06-23T11:00:00Z' uid='1' user='antigravity' visible='true' version='1' changeset='1' lat='43.03816824' lon='-95.33855554' />
  <node id='307' timestamp='2026-06-23T11:00:00Z' uid='1' user='antigravity' visible='true' version='1' changeset='1' lat='43.03888689' lon='-95.33855554' />
  <node id='308' timestamp='2026-06-23T11:00:00Z' uid='1' user='antigravity' visible='true' version='1' changeset='1' lat='43.03960555' lon='-95.33855554' />
  <node id='309' timestamp='2026-06-23T11:00:00Z' uid='1' user='antigravity' visible='true' version='1' changeset='1' lat='43.0403242' lon='-95.33855554' />
  <node id='310' timestamp='2026-06-23T11:00:00Z' uid='1' user='antigravity' visible='true' version='1' changeset='1' lat='43.04104285' lon='-95.33855554' />
  <node id='311' timestamp='2026-06-23T11:00:00Z' uid='1' user='antigravity' visible='true' version='1' changeset='1' lat='43.0417615' lon='-95.33855554' />
  <node id='312' timestamp='2026-06-23T11:00:00Z' uid='1' user='antigravity' visible='true' version='1' changeset='1' lat='43.04248016' lon='-95.33855554' />
  <node id='313' timestamp='2026-06-23T11:00:00Z' uid='1' user='antigravity' visible='true' version='1' changeset='1' lat='43.04319881' lon='-95.33855554' />
  <node id='314' timestamp='2026-06-23T11:00:00Z' uid='1' user='antigravity' visible='true' version='1' changeset='1' lat='43.04391746' lon='-95.33855554' />
  <node id='315' timestamp='2026-06-23T11:00:00Z' uid='1' user='antigravity' visible='true' version='1' changeset='1' lat='43.04463611' lon='-95.33855554' />
  <node id='316' timestamp='2026-06-23T11:00:00Z' uid='1' user='antigravity' visible='true' version='1' changeset='1' lat='43.04535476' lon='-95.33855554' />
  <node id='317' timestamp='2026-06-23T11:00:00Z' uid='1' user='antigravity' visible='true' version='1' changeset='1' lat='43.04607342' lon='-95.33855554' />
  <node id='318' timestamp='2026-06-23T11:00:00Z' uid='1' user='antigravity' visible='true' version='1' changeset='1' lat='43.04679207' lon='-95.33855554' />
  <node id='319' timestamp='2026-06-23T11:00:00Z' uid='1' user='antigravity' visible='true' version='1' changeset='1' lat='43.04751072' lon='-95.33855554' />
  <node id='320' timestamp='2026-06-23T11:00:00Z' uid='1' user='antigravity' visible='true' version='1' changeset='1' lat='43.04822937' lon='-95.33855554' />
  <node id='321' timestamp='2026-06-23T11:00:00Z' uid='1' user='antigravity' visible='true' version='1' changeset='1' lat='43.04894803' lon='-95.33855554' />
  <node id='322' timestamp='2026-06-23T11:00:00Z' uid='1' user='antigravity' visible='true' version='1' changeset='1' lat='43.04966668' lon='-95.33855554' />
  <node id='323' timestamp='2026-06-23T11:00:00Z' uid='1' user='antigravity' visible='true' version='1' changeset='1' lat='43.05038533' lon='-95.33855554' />
  <node id='324' timestamp='2026-06-23T11:00:00Z' uid='1' user='antigravity' visible='true' version='1' changeset='1' lat='43.05110398' lon='-95.33855554' />
  <node id='325' timestamp='2026-06-23T11:00:00Z' uid='1' user='antigravity' visible='true' version='1' changeset='1' lat='43.05182263' lon='-95.33855554' />
  <node id='326' timestamp='2026-06-23T11:00:00Z' uid='1' user='antigravity' visible='true' version='1' changeset='1' lat='43.05254129' lon='-95.33855554' />
  <node id='327' timestamp='2026-06-23T11:00:00Z' uid='1' user='antigravity' visible='true' version='1' changeset='1' lat='43.05325994' lon='-95.33855554' />
  <node id='328' timestamp='2026-06-23T11:00:00Z' uid='1' user='antigravity' visible='true' version='1' changeset='1' lat='43.05397859' lon='-95.33855554' />
  <node id='329' timestamp='2026-06-23T11:00:00Z' uid='1' user='antigravity' visible='true' version='1' changeset='1' lat='43.05469724' lon='-95.33855554' />
  <node id='330' timestamp='2026-06-23T11:00:00Z' uid='1' user='antigravity' visible='true' version='1' changeset='1' lat='43.0554159' lon='-95.33855554' />
  <node id='331' timestamp='2026-06-23T11:00:00Z' uid='1' user='antigravity' visible='true' version='1' changeset='1' lat='43.05613455' lon='-95.33855554' />
  <node id='332' timestamp='2026-06-23T11:00:00Z' uid='1' user='antigravity' visible='true' version='1' changeset='1' lat='43.0568532' lon='-95.33855554' />
  <node id='333' timestamp='2026-06-23T11:00:00Z' uid='1' user='antigravity' visible='true' version='1' changeset='1' lat='43.05757185' lon='-95.33855554' />
  <node id='334' timestamp='2026-06-23T11:00:00Z' uid='1' user='antigravity' visible='true' version='1' changeset='1' lat='43.0582905' lon='-95.33855554' />
  <node id='335' timestamp='2026-06-23T11:00:00Z' uid='1' user='antigravity' visible='true' version='1' changeset='1' lat='43.05900916' lon='-95.33855554' />
  <node id='336' timestamp='2026-06-23T11:00:00Z' uid='1' user='antigravity' visible='true' version='1' changeset='1' lat='43.05972781' lon='-95.33855554' />
  <node id='337' timestamp='2026-06-23T11:00:00Z' uid='1' user='antigravity' visible='true' version='1' changeset='1' lat='43.06044646' lon='-95.33855554' />
  <node id='338' timestamp='2026-06-23T11:00:00Z' uid='1' user='antigravity' visible='true' version='1' changeset='1' lat='43.06116511' lon='-95.33855554' />
  <node id='339' timestamp='2026-06-23T11:00:00Z' uid='1' user='antigravity' visible='true' version='1' changeset='1' lat='43.06188377' lon='-95.33855554' />
  <node id='340' timestamp='2026-06-23T11:00:00Z' uid='1' user='antigravity' visible='true' version='1' changeset='1' lat='43.06260242' lon='-95.33855554' />
  <node id='341' timestamp='2026-06-23T11:00:00Z' uid='1' user='antigravity' visible='true' version='1' changeset='1' lat='43.06332107' lon='-95.33855554' />
  <node id='342' timestamp='2026-06-23T11:00:00Z' uid='1' user='antigravity' visible='true' version='1' changeset='1' lat='43.06403972' lon='-95.33855554' />
  <node id='343' timestamp='2026-06-23T11:00:00Z' uid='1' user='antigravity' visible='true' version='1' changeset='1' lat='43.06475837' lon='-95.33855554' />
  <node id='344' timestamp='2026-06-23T11:00:00Z' uid='1' user='antigravity' visible='true' version='1' changeset='1' lat='43.06547703' lon='-95.33855554' />
  <node id='345' timestamp='2026-06-23T11:00:00Z' uid='1' user='antigravity' visible='true' version='1' changeset='1' lat='43.06619568' lon='-95.33855554' />
  <node id='346' timestamp='2026-06-23T11:00:00Z' uid='1' user='antigravity' visible='true' version='1' changeset='1' lat='43.06691433' lon='-95.33855554' />
  <node id='347' timestamp='2026-06-23T11:00:00Z' uid='1' user='antigravity' visible='true' version='1' changeset='1' lat='43.06763298' lon='-95.33855554' />
  <node id='348' timestamp='2026-06-23T11:00:00Z' uid='1' user='antigravity' visible='true' version='1' changeset='1' lat='43.06835164' lon='-95.33855554' />
  <node id='349' timestamp='2026-06-23T11:00:00Z' uid='1' user='antigravity' visible='true' version='1' changeset='1' lat='43.06907029' lon='-95.33855554' />
  <node id='350' timestamp='2026-06-23T11:00:00Z' uid='1' user='antigravity' visible='true' version='1' changeset='1' lat='43.06978894' lon='-95.33855554' />
  <node id='351' timestamp='2026-06-23T11:00:00Z' uid='1' user='antigravity' visible='true' version='1' changeset='1' lat='43.07050759' lon='-95.33855554' />
  <node id='352' timestamp='2026-06-23T11:00:00Z' uid='1' user='antigravity' visible='true' version='1' changeset='1' lat='43.07122624' lon='-95.33855554' />
  <node id='353' timestamp='2026-06-23T11:00:00Z' uid='1' user='antigravity' visible='true' version='1' changeset='1' lat='43.0719449' lon='-95.33855554' />
  <node id='354' timestamp='2026-06-23T11:00:00Z' uid='1' user='antigravity' visible='true' version='1' changeset='1' lat='43.07266355' lon='-95.33855554' />
  <node id='355' timestamp='2026-06-23T11:00:00Z' uid='1' user='antigravity' visible='true' version='1' changeset='1' lat='43.0733822' lon='-95.33855554' />
  <node id='356' timestamp='2026-06-23T11:00:00Z' uid='1' user='antigravity' visible='true' version='1' changeset='1' lat='43.07410085' lon='-95.33855554' />
  <node id='357' timestamp='2026-06-23T11:00:00Z' uid='1' user='antigravity' visible='true' version='1' changeset='1' lat='43.07481951' lon='-95.33855554' />
  <node id='358' timestamp='2026-06-23T11:00:00Z' uid='1' user='antigravity' visible='true' version='1' changeset='1' lat='43.07553816' lon='-95.33855554' />
  <node id='359' timestamp='2026-06-23T11:00:00Z' uid='1' user='antigravity' visible='true' version='1' changeset='1' lat='43.07625681' lon='-95.33855554' />
  <node id='360' timestamp='2026-06-23T11:00:00Z' uid='1' user='antigravity' visible='true' version='1' changeset='1' lat='43.07697546' lon='-95.33855554' />
  <node id='361' timestamp='2026-06-23T11:00:00Z' uid='1' user='antigravity' visible='true' version='1' changeset='1' lat='43.07769411' lon='-95.33855554' />
  <node id='362' timestamp='2026-06-23T11:00:00Z' uid='1' user='antigravity' visible='true' version='1' changeset='1' lat='43.07841277' lon='-95.33855554' />
  <node id='363' timestamp='2026-06-23T11:00:00Z' uid='1' user='antigravity' visible='true' version='1' changeset='1' lat='43.07913142' lon='-95.33855554' />
  <node id='364' timestamp='2026-06-23T11:00:00Z' uid='1' user='antigravity' visible='true' version='1' changeset='1' lat='43.07985007' lon='-95.33855554' />
  <node id='365' timestamp='2026-06-23T11:00:00Z' uid='1' user='antigravity' visible='true' version='1' changeset='1' lat='43.08056872' lon='-95.33855554' />
  <node id='366' timestamp='2026-06-23T11:00:00Z' uid='1' user='antigravity' visible='true' version='1' changeset='1' lat='43.08128738' lon='-95.33855554' />
  <node id='367' timestamp='2026-06-23T11:00:00Z' uid='1' user='antigravity' visible='true' version='1' changeset='1' lat='43.08200603' lon='-95.33855554' />
  <node id='368' timestamp='2026-06-23T11:00:00Z' uid='1' user='antigravity' visible='true' version='1' changeset='1' lat='43.08272468' lon='-95.33855554' />
  <node id='369' timestamp='2026-06-23T11:00:00Z' uid='1' user='antigravity' visible='true' version='1' changeset='1' lat='43.08344333' lon='-95.33855554' />
  <node id='370' timestamp='2026-06-23T11:00:00Z' uid='1' user='antigravity' visible='true' version='1' changeset='1' lat='43.08416198' lon='-95.33855554' />
  <node id='371' timestamp='2026-06-23T11:00:00Z' uid='1' user='antigravity' visible='true' version='1' changeset='1' lat='43.08488064' lon='-95.33855554' />
  <node id='372' timestamp='2026-06-23T11:00:00Z' uid='1' user='antigravity' visible='true' version='1' changeset='1' lat='43.08559929' lon='-95.33855554' />
  <node id='373' timestamp='2026-06-23T11:00:00Z' uid='1' user='antigravity' visible='true' version='1' changeset='1' lat='43.08631794' lon='-95.33855554' />
  <node id='374' timestamp='2026-06-23T11:00:00Z' uid='1' user='antigravity' visible='true' version='1' changeset='1' lat='43.08703659' lon='-95.33855554' />
  <node id='375' timestamp='2026-06-23T11:00:00Z' uid='1' user='antigravity' visible='true' version='1' changeset='1' lat='43.08775525' lon='-95.33855554' />
  <node id='376' timestamp='2026-06-23T11:00:00Z' uid='1' user='antigravity' visible='true' version='1' changeset='1' lat='43.0884739' lon='-95.33855554' />
  <node id='377' timestamp='2026-06-23T11:00:00Z' uid='1' user='antigravity' visible='true' version='1' changeset='1' lat='43.08919255' lon='-95.33855554' />
  <node id='378' timestamp='2026-06-23T11:00:00Z' uid='1' user='antigravity' visible='true' version='1' changeset='1' lat='43.0899112' lon='-95.33855554' />
  <node id='379' timestamp='2026-06-23T11:00:00Z' uid='1' user='antigravity' visible='true' version='1' changeset='1' lat='43.09062985' lon='-95.33855554' />
  <node id='380' timestamp='2026-06-23T11:00:00Z' uid='1' user='antigravity' visible='true' version='1' changeset='1' lat='43.09134851' lon='-95.33855554' />
  <node id='381' timestamp='2026-06-23T11:00:00Z' uid='1' user='antigravity' visible='true' version='1' changeset='1' lat='43.09206716' lon='-95.33855554' />
  <node id='382' timestamp='2026-06-23T11:00:00Z' uid='1' user='antigravity' visible='true' version='1' changeset='1' lat='43.09278581' lon='-95.33855554' />
  <node id='383' timestamp='2026-06-23T11:00:00Z' uid='1' user='antigravity' visible='true' version='1' changeset='1' lat='43.09350446' lon='-95.33855554' />
  <node id='384' timestamp='2026-06-23T11:00:00Z' uid='1' user='antigravity' visible='true' version='1' changeset='1' lat='43.09422312' lon='-95.33855554' />
  <node id='385' timestamp='2026-06-23T11:00:00Z' uid='1' user='antigravity' visible='true' version='1' changeset='1' lat='43.09494177' lon='-95.33855554' />
  <node id='386' timestamp='2026-06-23T11:00:00Z' uid='1' user='antigravity' visible='true' version='1' changeset='1' lat='43.09566042' lon='-95.33855554' />
  <node id='387' timestamp='2026-06-23T11:00:00Z' uid='1' user='antigravity' visible='true' version='1' changeset='1' lat='43.09637907' lon='-95.33855554' />
  <node id='388' timestamp='2026-06-23T11:00:00Z' uid='1' user='antigravity' visible='true' version='1' changeset='1' lat='43.09709772' lon='-95.33855554' />
  <node id='389' timestamp='2026-06-23T11:00:00Z' uid='1' user='antigravity' visible='true' version='1' changeset='1' lat='43.09781638' lon='-95.33855554' />
  <node id='390' timestamp='2026-06-23T11:00:00Z' uid='1' user='antigravity' visible='true' version='1' changeset='1' lat='43.09853503' lon='-95.33855554' />
  <node id='391' timestamp='2026-06-23T11:00:00Z' uid='1' user='antigravity' visible='true' version='1' changeset='1' lat='43.09925368' lon='-95.33855554' />
  <node id='392' timestamp='2026-06-23T11:00:00Z' uid='1' user='antigravity' visible='true' version='1' changeset='1' lat='43.09997233' lon='-95.33855554' />
  <node id='393' timestamp='2026-06-23T11:00:00Z' uid='1' user='antigravity' visible='true' version='1' changeset='1' lat='43.10069099' lon='-95.33855554' />
  <node id='394' timestamp='2026-06-23T11:00:00Z' uid='1' user='antigravity' visible='true' version='1' changeset='1' lat='43.10140964' lon='-95.33855554' />
  <node id='395' timestamp='2026-06-23T11:00:00Z' uid='1' user='antigravity' visible='true' version='1' changeset='1' lat='43.10184083' lon='-95.33855554' />
  <node id='396' action='delete' timestamp='2026-06-23T11:00:00Z' uid='1' user='antigravity' visible='true' version='1' changeset='1' lat='43.08171857' lon='-95.23940087' />
  <node id='397' timestamp='2026-06-23T11:00:00Z' uid='1' user='antigravity' visible='true' version='1' changeset='1' lat='43.08143111' lon='-95.23861393' />
  <node id='398' timestamp='2026-06-23T11:00:00Z' uid='1' user='antigravity' visible='true' version='1' changeset='1' lat='43.08071245' lon='-95.23861393' />
  <node id='399' timestamp='2026-06-23T11:00:00Z' uid='1' user='antigravity' visible='true' version='1' changeset='1' lat='43.0799938' lon='-95.23861393' />
  <node id='400' timestamp='2026-06-23T11:00:00Z' uid='1' user='antigravity' visible='true' version='1' changeset='1' lat='43.07927515' lon='-95.23861393' />
  <node id='401' timestamp='2026-06-23T11:00:00Z' uid='1' user='antigravity' visible='true' version='1' changeset='1' lat='43.0785565' lon='-95.23861393' />
  <node id='402' timestamp='2026-06-23T11:00:00Z' uid='1' user='antigravity' visible='true' version='1' changeset='1' lat='43.07783784' lon='-95.23861393' />
  <node id='403' timestamp='2026-06-23T11:00:00Z' uid='1' user='antigravity' visible='true' version='1' changeset='1' lat='43.07711919' lon='-95.23861393' />
  <node id='404' timestamp='2026-06-23T11:00:00Z' uid='1' user='antigravity' visible='true' version='1' changeset='1' lat='43.07640054' lon='-95.23861393' />
  <node id='405' timestamp='2026-06-23T11:00:00Z' uid='1' user='antigravity' visible='true' version='1' changeset='1' lat='43.07568189' lon='-95.23861393' />
  <node id='406' action='delete' timestamp='2026-06-23T11:00:00Z' uid='1' user='antigravity' visible='true' version='1' changeset='1' lat='43.07553816' lon='-95.23959761' />
  <node id='407' action='delete' timestamp='2026-06-23T11:00:00Z' uid='1' user='antigravity' visible='true' version='1' changeset='1' lat='43.07568189' lon='-95.24058129' />
  <node id='408' action='delete' timestamp='2026-06-23T11:00:00Z' uid='1' user='antigravity' visible='true' version='1' changeset='1' lat='43.07568189' lon='-95.24156496' />
  <node id='409' action='delete' timestamp='2026-06-23T11:00:00Z' uid='1' user='antigravity' visible='true' version='1' changeset='1' lat='43.07582562' lon='-95.24254864' />
  <node id='410' action='delete' timestamp='2026-06-23T11:00:00Z' uid='1' user='antigravity' visible='true' version='1' changeset='1' lat='43.07582562' lon='-95.24353232' />
  <node id='411' action='delete' timestamp='2026-06-23T11:00:00Z' uid='1' user='antigravity' visible='true' version='1' changeset='1' lat='43.07582562' lon='-95.244516' />
  <node id='412' action='delete' timestamp='2026-06-23T11:00:00Z' uid='1' user='antigravity' visible='true' version='1' changeset='1' lat='43.07568189' lon='-95.24549967' />
  <node id='413' action='delete' timestamp='2026-06-23T11:00:00Z' uid='1' user='antigravity' visible='true' version='1' changeset='1' lat='43.07568189' lon='-95.24648335' />
  <node id='414' action='delete' timestamp='2026-06-23T11:00:00Z' uid='1' user='antigravity' visible='true' version='1' changeset='1' lat='43.07568189' lon='-95.24746703' />
  <node id='415' action='delete' timestamp='2026-06-23T11:00:00Z' uid='1' user='antigravity' visible='true' version='1' changeset='1' lat='43.07553816' lon='-95.2484507' />
  <node id='416' action='delete' timestamp='2026-06-23T11:00:00Z' uid='1' user='antigravity' visible='true' version='1' changeset='1' lat='43.07539443' lon='-95.24943438' />
  <node id='417' action='delete' timestamp='2026-06-23T11:00:00Z' uid='1' user='antigravity' visible='true' version='1' changeset='1' lat='43.0752507' lon='-95.25041806' />
  <node id='418' action='delete' timestamp='2026-06-23T11:00:00Z' uid='1' user='antigravity' visible='true' version='1' changeset='1' lat='43.07496324' lon='-95.25140174' />
  <node id='419' action='delete' timestamp='2026-06-23T11:00:00Z' uid='1' user='antigravity' visible='true' version='1' changeset='1' lat='43.07453204' lon='-95.25238541' />
  <node id='420' action='delete' timestamp='2026-06-23T11:00:00Z' uid='1' user='antigravity' visible='true' version='1' changeset='1' lat='43.07410085' lon='-95.25336909' />
  <node id='421' action='delete' timestamp='2026-06-23T11:00:00Z' uid='1' user='antigravity' visible='true' version='1' changeset='1' lat='43.07352593' lon='-95.25415603' />
  <node id='422' action='modify' timestamp='2026-06-23T11:00:00Z' uid='1' user='antigravity' visible='true' version='1' changeset='1' lat='43.07189360346' lon='-95.25533209808' />
  <node id='423' action='delete' timestamp='2026-06-23T11:00:00Z' uid='1' user='antigravity' visible='true' version='1' changeset='1' lat='43.07208863' lon='-95.25572992' />
  <node id='424' timestamp='2026-06-23T11:00:00Z' uid='1' user='antigravity' visible='true' version='1' changeset='1' lat='43.07136997' lon='-95.25612339' />
  <node id='425' timestamp='2026-06-23T11:00:00Z' uid='1' user='antigravity' visible='true' version='1' changeset='1' lat='43.07065132' lon='-95.25651686' />
  <node id='426' action='delete' timestamp='2026-06-23T11:00:00Z' uid='1' user='antigravity' visible='true' version='1' changeset='1' lat='43.06993267' lon='-95.25671359' />
  <node id='427' action='delete' timestamp='2026-06-23T11:00:00Z' uid='1' user='antigravity' visible='true' version='1' changeset='1' lat='43.06921402' lon='-95.25691033' />
  <node id='428' action='delete' timestamp='2026-06-23T11:00:00Z' uid='1' user='antigravity' visible='true' version='1' changeset='1' lat='43.06849537' lon='-95.2573038' />
  <node id='429' action='delete' timestamp='2026-06-23T11:00:00Z' uid='1' user='antigravity' visible='true' version='1' changeset='1' lat='43.06777671' lon='-95.25750054' />
  <node id='430' action='delete' timestamp='2026-06-23T11:00:00Z' uid='1' user='antigravity' visible='true' version='1' changeset='1' lat='43.06705806' lon='-95.25769727' />
  <node id='431' action='delete' timestamp='2026-06-23T11:00:00Z' uid='1' user='antigravity' visible='true' version='1' changeset='1' lat='43.06633941' lon='-95.25789401' />
  <node id='432' action='delete' timestamp='2026-06-23T11:00:00Z' uid='1' user='antigravity' visible='true' version='1' changeset='1' lat='43.06562076' lon='-95.25789401' />
  <node id='433' action='delete' timestamp='2026-06-23T11:00:00Z' uid='1' user='antigravity' visible='true' version='1' changeset='1' lat='43.0649021' lon='-95.25809074' />
  <node id='434' action='delete' timestamp='2026-06-23T11:00:00Z' uid='1' user='antigravity' visible='true' version='1' changeset='1' lat='43.06418345' lon='-95.25828748' />
  <node id='435' action='delete' timestamp='2026-06-23T11:00:00Z' uid='1' user='antigravity' visible='true' version='1' changeset='1' lat='43.0634648' lon='-95.25868095' />
  <node id='436' action='delete' timestamp='2026-06-23T11:00:00Z' uid='1' user='antigravity' visible='true' version='1' changeset='1' lat='43.06274615' lon='-95.25927115' />
  <node id='437' action='delete' timestamp='2026-06-23T11:00:00Z' uid='1' user='antigravity' visible='true' version='1' changeset='1' lat='43.0620275' lon='-95.26025483' />
  <node id='438' action='delete' timestamp='2026-06-23T11:00:00Z' uid='1' user='antigravity' visible='true' version='1' changeset='1' lat='43.06174004' lon='-95.26123851' />
  <node id='439' action='delete' timestamp='2026-06-23T11:00:00Z' uid='1' user='antigravity' visible='true' version='1' changeset='1' lat='43.06145257' lon='-95.26222219' />
  <node id='440' action='delete' timestamp='2026-06-23T11:00:00Z' uid='1' user='antigravity' visible='true' version='1' changeset='1' lat='43.06145257' lon='-95.26320586' />
  <node id='441' action='delete' timestamp='2026-06-23T11:00:00Z' uid='1' user='antigravity' visible='true' version='1' changeset='1' lat='43.06102138' lon='-95.26418954' />
  <node id='442' action='delete' timestamp='2026-06-23T11:00:00Z' uid='1' user='antigravity' visible='true' version='1' changeset='1' lat='43.06073392' lon='-95.26517322' />
  <node id='443' action='delete' timestamp='2026-06-23T11:00:00Z' uid='1' user='antigravity' visible='true' version='1' changeset='1' lat='43.06044646' lon='-95.2661569' />
  <node id='444' action='delete' timestamp='2026-06-23T11:00:00Z' uid='1' user='antigravity' visible='true' version='1' changeset='1' lat='43.06001527' lon='-95.26714057' />
  <node id='445' action='delete' timestamp='2026-06-23T11:00:00Z' uid='1' user='antigravity' visible='true' version='1' changeset='1' lat='43.05958408' lon='-95.26812425' />
  <node id='446' action='delete' timestamp='2026-06-23T11:00:00Z' uid='1' user='antigravity' visible='true' version='1' changeset='1' lat='43.05915289' lon='-95.26910793' />
  <node id='447' action='delete' timestamp='2026-06-23T11:00:00Z' uid='1' user='antigravity' visible='true' version='1' changeset='1' lat='43.05857797' lon='-95.2700916' />
  <node id='448' action='delete' timestamp='2026-06-23T11:00:00Z' uid='1' user='antigravity' visible='true' version='1' changeset='1' lat='43.05814677' lon='-95.27107528' />
  <node id='449' action='delete' timestamp='2026-06-23T11:00:00Z' uid='1' user='antigravity' visible='true' version='1' changeset='1' lat='43.05757185' lon='-95.27205896' />
  <node id='450' action='delete' timestamp='2026-06-23T11:00:00Z' uid='1' user='antigravity' visible='true' version='1' changeset='1' lat='43.05728439' lon='-95.27304264' />
  <node id='451' action='delete' timestamp='2026-06-23T11:00:00Z' uid='1' user='antigravity' visible='true' version='1' changeset='1' lat='43.0568532' lon='-95.27402631' />
  <node id='452' action='delete' timestamp='2026-06-23T11:00:00Z' uid='1' user='antigravity' visible='true' version='1' changeset='1' lat='43.05670947' lon='-95.27500999' />
  <node id='453' action='delete' timestamp='2026-06-23T11:00:00Z' uid='1' user='antigravity' visible='true' version='1' changeset='1' lat='43.05642201' lon='-95.27599367' />
  <node id='454' timestamp='2026-06-23T11:00:00Z' uid='1' user='antigravity' visible='true' version='1' changeset='1' lat='43.05613455' lon='-95.27697734' />
  <node id='455' timestamp='2026-06-23T11:00:00Z' uid='1' user='antigravity' visible='true' version='1' changeset='1' lat='43.05599082' lon='-95.27796102' />
  <node id='456' timestamp='2026-06-23T11:00:00Z' uid='1' user='antigravity' visible='true' version='1' changeset='1' lat='43.05570336' lon='-95.2789447' />
  <node id='457' timestamp='2026-06-23T11:00:00Z' uid='1' user='antigravity' visible='true' version='1' changeset='1' lat='43.0554159' lon='-95.27992838' />
  <node id='458' action='delete' timestamp='2026-06-23T11:00:00Z' uid='1' user='antigravity' visible='true' version='1' changeset='1' lat='43.0549847' lon='-95.28091205' />
  <node id='459' action='delete' timestamp='2026-06-23T11:00:00Z' uid='1' user='antigravity' visible='true' version='1' changeset='1' lat='43.05455351' lon='-95.28189573' />
  <node id='460' action='delete' timestamp='2026-06-23T11:00:00Z' uid='1' user='antigravity' visible='true' version='1' changeset='1' lat='43.05412232' lon='-95.28287941' />
  <node id='461' action='delete' timestamp='2026-06-23T11:00:00Z' uid='1' user='antigravity' visible='true' version='1' changeset='1' lat='43.0535474' lon='-95.28386309' />
  <node id='462' action='delete' timestamp='2026-06-23T11:00:00Z' uid='1' user='antigravity' visible='true' version='1' changeset='1' lat='43.05297248' lon='-95.28484676' />
  <node id='463' action='delete' timestamp='2026-06-23T11:00:00Z' uid='1' user='antigravity' visible='true' version='1' changeset='1' lat='43.05239756' lon='-95.28583044' />
  <node id='464' action='delete' timestamp='2026-06-23T11:00:00Z' uid='1' user='antigravity' visible='true' version='1' changeset='1' lat='43.05196636' lon='-95.28681412' />
  <node id='465' action='delete' timestamp='2026-06-23T11:00:00Z' uid='1' user='antigravity' visible='true' version='1' changeset='1' lat='43.05182263' lon='-95.28779779' />
  <node id='466' action='delete' timestamp='2026-06-23T11:00:00Z' uid='1' user='antigravity' visible='true' version='1' changeset='1' lat='43.05239756' lon='-95.288388' />
  <node id='467' action='delete' timestamp='2026-06-23T11:00:00Z' uid='1' user='antigravity' visible='true' version='1' changeset='1' lat='43.05311621' lon='-95.288388' />
  <node id='468' action='delete' timestamp='2026-06-23T11:00:00Z' uid='1' user='antigravity' visible='true' version='1' changeset='1' lat='43.05383486' lon='-95.288388' />
  <node id='469' action='delete' timestamp='2026-06-23T11:00:00Z' uid='1' user='antigravity' visible='true' version='1' changeset='1' lat='43.05455351' lon='-95.28819127' />
  <node id='470' action='delete' timestamp='2026-06-23T11:00:00Z' uid='1' user='antigravity' visible='true' version='1' changeset='1' lat='43.05527216' lon='-95.28799453' />
  <node id='471' action='delete' timestamp='2026-06-23T11:00:00Z' uid='1' user='antigravity' visible='true' version='1' changeset='1' lat='43.05599082' lon='-95.28740432' />
  <node id='472' action='delete' timestamp='2026-06-23T11:00:00Z' uid='1' user='antigravity' visible='true' version='1' changeset='1' lat='43.05670947' lon='-95.28661738' />
  <node id='473' action='delete' timestamp='2026-06-23T11:00:00Z' uid='1' user='antigravity' visible='true' version='1' changeset='1' lat='43.05742812' lon='-95.2856337' />
  <node id='474' action='modify' timestamp='2026-06-23T11:00:00Z' uid='1' user='antigravity' visible='true' version='1' changeset='1' lat='43.0479103672' lon='-95.29849403782' />
  <node id='475' timestamp='2026-06-23T11:00:00Z' uid='1' user='antigravity' visible='true' version='1' changeset='1' lat='43.05857797' lon='-95.28405982' />
  <node id='476' timestamp='2026-06-23T11:00:00Z' uid='1' user='antigravity' visible='true' version='1' changeset='1' lat='43.05857797' lon='-95.28307614' />
  <node id='477' timestamp='2026-06-23T11:00:00Z' uid='1' user='antigravity' visible='true' version='1' changeset='1' lat='43.05857797' lon='-95.28209247' />
  <node id='478' timestamp='2026-06-23T11:00:00Z' uid='1' user='antigravity' visible='true' version='1' changeset='1' lat='43.05857797' lon='-95.28110879' />
  <node id='479' timestamp='2026-06-23T11:00:00Z' uid='1' user='antigravity' visible='true' version='1' changeset='1' lat='43.05886543' lon='-95.28012511' />
  <node id='480' timestamp='2026-06-23T11:00:00Z' uid='1' user='antigravity' visible='true' version='1' changeset='1' lat='43.05915289' lon='-95.27914143' />
  <node id='481' timestamp='2026-06-23T11:00:00Z' uid='1' user='antigravity' visible='true' version='1' changeset='1' lat='43.05944035' lon='-95.27815776' />
  <node id='482' action='delete' timestamp='2026-06-23T11:00:00Z' uid='1' user='antigravity' visible='true' version='1' changeset='1' lat='43.05972781' lon='-95.27717408' />
  <node id='483' action='delete' timestamp='2026-06-23T11:00:00Z' uid='1' user='antigravity' visible='true' version='1' changeset='1' lat='43.06001527' lon='-95.2761904' />
  <node id='484' action='delete' timestamp='2026-06-23T11:00:00Z' uid='1' user='antigravity' visible='true' version='1' changeset='1' lat='43.06059019' lon='-95.27520673' />
  <node id='485' action='delete' timestamp='2026-06-23T11:00:00Z' uid='1' user='antigravity' visible='true' version='1' changeset='1' lat='43.06116511' lon='-95.27422305' />
  <node id='486' action='delete' timestamp='2026-06-23T11:00:00Z' uid='1' user='antigravity' visible='true' version='1' changeset='1' lat='43.06188377' lon='-95.27343611' />
  <node id='487' action='delete' timestamp='2026-06-23T11:00:00Z' uid='1' user='antigravity' visible='true' version='1' changeset='1' lat='43.06260242' lon='-95.27304264' />
  <node id='488' action='delete' timestamp='2026-06-23T11:00:00Z' uid='1' user='antigravity' visible='true' version='1' changeset='1' lat='43.06332107' lon='-95.27264916' />
  <node id='489' action='delete' timestamp='2026-06-23T11:00:00Z' uid='1' user='antigravity' visible='true' version='1' changeset='1' lat='43.06403972' lon='-95.27205896' />
  <node id='490' action='delete' timestamp='2026-06-23T11:00:00Z' uid='1' user='antigravity' visible='true' version='1' changeset='1' lat='43.06475837' lon='-95.27146875' />
  <node id='491' action='delete' timestamp='2026-06-23T11:00:00Z' uid='1' user='antigravity' visible='true' version='1' changeset='1' lat='43.06547703' lon='-95.27107528' />
  <node id='492' action='delete' timestamp='2026-06-23T11:00:00Z' uid='1' user='antigravity' visible='true' version='1' changeset='1' lat='43.06619568' lon='-95.27048507' />
  <node id='493' action='delete' timestamp='2026-06-23T11:00:00Z' uid='1' user='antigravity' visible='true' version='1' changeset='1' lat='43.06691433' lon='-95.2700916' />
  <node id='494' action='delete' timestamp='2026-06-23T11:00:00Z' uid='1' user='antigravity' visible='true' version='1' changeset='1' lat='43.06763298' lon='-95.26969813' />
  <node id='495' action='delete' timestamp='2026-06-23T11:00:00Z' uid='1' user='antigravity' visible='true' version='1' changeset='1' lat='43.06835164' lon='-95.26910793' />
  <node id='496' action='delete' timestamp='2026-06-23T11:00:00Z' uid='1' user='antigravity' visible='true' version='1' changeset='1' lat='43.06907029' lon='-95.26871446' />
  <node id='497' action='delete' timestamp='2026-06-23T11:00:00Z' uid='1' user='antigravity' visible='true' version='1' changeset='1' lat='43.06978894' lon='-95.26832099' />
  <node id='498' action='delete' timestamp='2026-06-23T11:00:00Z' uid='1' user='antigravity' visible='true' version='1' changeset='1' lat='43.07050759' lon='-95.26773078' />
  <node id='499' action='delete' timestamp='2026-06-23T11:00:00Z' uid='1' user='antigravity' visible='true' version='1' changeset='1' lat='43.07122624' lon='-95.26733731' />
  <node id='500' action='delete' timestamp='2026-06-23T11:00:00Z' uid='1' user='antigravity' visible='true' version='1' changeset='1' lat='43.0719449' lon='-95.2667471' />
  <node id='501' action='delete' timestamp='2026-06-23T11:00:00Z' uid='1' user='antigravity' visible='true' version='1' changeset='1' lat='43.07266355' lon='-95.26635363' />
  <node id='502' action='delete' timestamp='2026-06-23T11:00:00Z' uid='1' user='antigravity' visible='true' version='1' changeset='1' lat='43.0733822' lon='-95.26576342' />
  <node id='503' action='delete' timestamp='2026-06-23T11:00:00Z' uid='1' user='antigravity' visible='true' version='1' changeset='1' lat='43.07410085' lon='-95.26517322' />
  <node id='504' action='delete' timestamp='2026-06-23T11:00:00Z' uid='1' user='antigravity' visible='true' version='1' changeset='1' lat='43.07481951' lon='-95.26438628' />
  <node id='505' action='delete' timestamp='2026-06-23T11:00:00Z' uid='1' user='antigravity' visible='true' version='1' changeset='1' lat='43.07553816' lon='-95.26359933' />
  <node id='506' timestamp='2026-06-23T11:00:00Z' uid='1' user='antigravity' visible='true' version='1' changeset='1' lat='43.07625681' lon='-95.26261566' />
  <node id='507' action='delete' timestamp='2026-06-23T11:00:00Z' uid='1' user='antigravity' visible='true' version='1' changeset='1' lat='43.07683173' lon='-95.26163198' />
  <node id='508' action='delete' timestamp='2026-06-23T11:00:00Z' uid='1' user='antigravity' visible='true' version='1' changeset='1' lat='43.07740665' lon='-95.2606483' />
  <node id='509' action='delete' timestamp='2026-06-23T11:00:00Z' uid='1' user='antigravity' visible='true' version='1' changeset='1' lat='43.07798158' lon='-95.25966463' />
  <node id='510' action='modify' timestamp='2026-06-23T11:00:00Z' uid='1' user='antigravity' visible='true' version='1' changeset='1' lat='43.07856341774' lon='-95.25859756541' />
  <node id='511' action='delete' timestamp='2026-06-23T11:00:00Z' uid='1' user='antigravity' visible='true' version='1' changeset='1' lat='43.07841277' lon='-95.25769727' />
  <node id='512' action='delete' timestamp='2026-06-23T11:00:00Z' uid='1' user='antigravity' visible='true' version='1' changeset='1' lat='43.0785565' lon='-95.25671359' />
  <node id='513' timestamp='2026-06-23T11:00:00Z' uid='1' user='antigravity' visible='true' version='1' changeset='1' lat='43.07884396' lon='-95.25572992' />
  <node id='514' action='delete' timestamp='2026-06-23T11:00:00Z' uid='1' user='antigravity' visible='true' version='1' changeset='1' lat='43.07941888' lon='-95.25474624' />
  <node id='515' action='delete' timestamp='2026-06-23T11:00:00Z' uid='1' user='antigravity' visible='true' version='1' changeset='1' lat='43.0799938' lon='-95.25376256' />
  <node id='516' action='delete' timestamp='2026-06-23T11:00:00Z' uid='1' user='antigravity' visible='true' version='1' changeset='1' lat='43.08042499' lon='-95.25277888' />
  <node id='517' action='delete' timestamp='2026-06-23T11:00:00Z' uid='1' user='antigravity' visible='true' version='1' changeset='1' lat='43.08071245' lon='-95.25179521' />
  <node id='518' action='delete' timestamp='2026-06-23T11:00:00Z' uid='1' user='antigravity' visible='true' version='1' changeset='1' lat='43.08099991' lon='-95.25081153' />
  <node id='519' action='delete' timestamp='2026-06-23T11:00:00Z' uid='1' user='antigravity' visible='true' version='1' changeset='1' lat='43.08128738' lon='-95.24982785' />
  <node id='520' action='delete' timestamp='2026-06-23T11:00:00Z' uid='1' user='antigravity' visible='true' version='1' changeset='1' lat='43.08143111' lon='-95.24884418' />
  <node id='521' action='delete' timestamp='2026-06-23T11:00:00Z' uid='1' user='antigravity' visible='true' version='1' changeset='1' lat='43.08143111' lon='-95.2478605' />
  <node id='522' action='modify' timestamp='2026-06-23T11:00:00Z' uid='1' user='antigravity' visible='true' version='1' changeset='1' lat='43.08242584673' lon='-95.24676564055' />
  <node id='523' action='delete' timestamp='2026-06-23T11:00:00Z' uid='1' user='antigravity' visible='true' version='1' changeset='1' lat='43.08157484' lon='-95.24589314' />
  <node id='524' action='delete' timestamp='2026-06-23T11:00:00Z' uid='1' user='antigravity' visible='true' version='1' changeset='1' lat='43.08157484' lon='-95.24490947' />
  <node id='525' action='delete' timestamp='2026-06-23T11:00:00Z' uid='1' user='antigravity' visible='true' version='1' changeset='1' lat='43.08157484' lon='-95.24392579' />
  <node id='526' action='delete' timestamp='2026-06-23T11:00:00Z' uid='1' user='antigravity' visible='true' version='1' changeset='1' lat='43.08157484' lon='-95.24294211' />
  <node id='527' action='delete' timestamp='2026-06-23T11:00:00Z' uid='1' user='antigravity' visible='true' version='1' changeset='1' lat='43.08157484' lon='-95.24195844' />
  <node id='528' action='delete' timestamp='2026-06-23T11:00:00Z' uid='1' user='antigravity' visible='true' version='1' changeset='1' lat='43.08157484' lon='-95.24097476' />
  <node id='529' action='delete' timestamp='2026-06-23T11:00:00Z' uid='1' user='antigravity' visible='true' version='1' changeset='1' lat='43.08157484' lon='-95.23999108' />
  <node id='530' action='delete' timestamp='2026-06-23T11:00:00Z' uid='1' user='antigravity' visible='true' version='1' changeset='1' lat='43.08157484' lon='-95.23959761' />
  <node id='531' timestamp='2026-06-23T11:00:00Z' uid='1' user='antigravity' visible='true' version='1' changeset='1' lat='43.09372006' lon='-95.32822693' />
  <node id='532' timestamp='2026-06-23T11:00:00Z' uid='1' user='antigravity' visible='true' version='1' changeset='1' lat='43.09372006' lon='-95.32183303' />
  <node id='533' timestamp='2026-06-23T11:00:00Z' uid='1' user='antigravity' visible='true' version='1' changeset='1' lat='43.08904882' lon='-95.32183303' />
  <node id='534' timestamp='2026-06-23T11:00:00Z' uid='1' user='antigravity' visible='true' version='1' changeset='1' lat='43.08904882' lon='-95.32822693' />
  <node id='535' timestamp='2026-06-23T11:00:00Z' uid='1' user='antigravity' visible='true' version='1' changeset='1' lat='43.09372006' lon='-95.29133903' />
  <node id='536' timestamp='2026-06-23T11:00:00Z' uid='1' user='antigravity' visible='true' version='1' changeset='1' lat='43.09372006' lon='-95.28494513' />
  <node id='537' timestamp='2026-06-23T11:00:00Z' uid='1' user='antigravity' visible='true' version='1' changeset='1' lat='43.08904882' lon='-95.28494513' />
  <node id='538' timestamp='2026-06-23T11:00:00Z' uid='1' user='antigravity' visible='true' version='1' changeset='1' lat='43.08904882' lon='-95.29133903' />
  <node id='539' timestamp='2026-06-23T11:00:00Z' uid='1' user='antigravity' visible='true' version='1' changeset='1' lat='43.09372006' lon='-95.25691033' />
  <node id='540' timestamp='2026-06-23T11:00:00Z' uid='1' user='antigravity' visible='true' version='1' changeset='1' lat='43.09372006' lon='-95.25051643' />
  <node id='541' timestamp='2026-06-23T11:00:00Z' uid='1' user='antigravity' visible='true' version='1' changeset='1' lat='43.08904882' lon='-95.25051643' />
  <node id='542' timestamp='2026-06-23T11:00:00Z' uid='1' user='antigravity' visible='true' version='1' changeset='1' lat='43.08904882' lon='-95.25691033' />
  <node id='543' timestamp='2026-06-23T11:00:00Z' uid='1' user='antigravity' visible='true' version='1' changeset='1' lat='43.04125845' lon='-95.32945653' />
  <node id='544' timestamp='2026-06-23T11:00:00Z' uid='1' user='antigravity' visible='true' version='1' changeset='1' lat='43.04125845' lon='-95.32060343' />
  <node id='545' timestamp='2026-06-23T11:00:00Z' uid='1' user='antigravity' visible='true' version='1' changeset='1' lat='43.03479058' lon='-95.32060343' />
  <node id='546' timestamp='2026-06-23T11:00:00Z' uid='1' user='antigravity' visible='true' version='1' changeset='1' lat='43.03479058' lon='-95.32945653' />
  <node id='547' timestamp='2026-06-23T11:00:00Z' uid='1' user='antigravity' visible='true' version='1' changeset='1' lat='43.04125845' lon='-95.29256863' />
  <node id='548' timestamp='2026-06-23T11:00:00Z' uid='1' user='antigravity' visible='true' version='1' changeset='1' lat='43.04125845' lon='-95.28371553' />
  <node id='549' timestamp='2026-06-23T11:00:00Z' uid='1' user='antigravity' visible='true' version='1' changeset='1' lat='43.03479058' lon='-95.28371553' />
  <node id='550' timestamp='2026-06-23T11:00:00Z' uid='1' user='antigravity' visible='true' version='1' changeset='1' lat='43.03479058' lon='-95.29256863' />
  <node id='551' timestamp='2026-06-23T11:00:00Z' uid='1' user='antigravity' visible='true' version='1' changeset='1' lat='43.04125845' lon='-95.25813993' />
  <node id='552' timestamp='2026-06-23T11:00:00Z' uid='1' user='antigravity' visible='true' version='1' changeset='1' lat='43.04125845' lon='-95.24928683' />
  <node id='553' timestamp='2026-06-23T11:00:00Z' uid='1' user='antigravity' visible='true' version='1' changeset='1' lat='43.03479058' lon='-95.24928683' />
  <node id='554' timestamp='2026-06-23T11:00:00Z' uid='1' user='antigravity' visible='true' version='1' changeset='1' lat='43.03479058' lon='-95.25813993' />
  <node id='555' timestamp='2026-06-23T11:00:00Z' uid='1' user='antigravity' visible='true' version='1' changeset='1' lat='43.09363023' lon='-95.32810397' />
  <node id='556' timestamp='2026-06-23T11:00:00Z' uid='1' user='antigravity' visible='true' version='1' changeset='1' lat='43.09273191' lon='-95.32810397' />
  <node id='557' timestamp='2026-06-23T11:00:00Z' uid='1' user='antigravity' visible='true' version='1' changeset='1' lat='43.0918336' lon='-95.32810397' />
  <node id='558' timestamp='2026-06-23T11:00:00Z' uid='1' user='antigravity' visible='true' version='1' changeset='1' lat='43.09093528' lon='-95.32810397' />
  <node id='559' timestamp='2026-06-23T11:00:00Z' uid='1' user='antigravity' visible='true' version='1' changeset='1' lat='43.09003697' lon='-95.32810397' />
  <node id='560' timestamp='2026-06-23T11:00:00Z' uid='1' user='antigravity' visible='true' version='1' changeset='1' lat='43.09363023' lon='-95.32687437' />
  <node id='561' timestamp='2026-06-23T11:00:00Z' uid='1' user='antigravity' visible='true' version='1' changeset='1' lat='43.09273191' lon='-95.32687437' />
  <node id='562' timestamp='2026-06-23T11:00:00Z' uid='1' user='antigravity' visible='true' version='1' changeset='1' lat='43.0918336' lon='-95.32687437' />
  <node id='563' timestamp='2026-06-23T11:00:00Z' uid='1' user='antigravity' visible='true' version='1' changeset='1' lat='43.09093528' lon='-95.32687437' />
  <node id='564' timestamp='2026-06-23T11:00:00Z' uid='1' user='antigravity' visible='true' version='1' changeset='1' lat='43.09003697' lon='-95.32687437' />
  <node id='565' timestamp='2026-06-23T11:00:00Z' uid='1' user='antigravity' visible='true' version='1' changeset='1' lat='43.09363023' lon='-95.32564478' />
  <node id='566' timestamp='2026-06-23T11:00:00Z' uid='1' user='antigravity' visible='true' version='1' changeset='1' lat='43.09273191' lon='-95.32564478' />
  <node id='567' timestamp='2026-06-23T11:00:00Z' uid='1' user='antigravity' visible='true' version='1' changeset='1' lat='43.0918336' lon='-95.32564478' />
  <node id='568' timestamp='2026-06-23T11:00:00Z' uid='1' user='antigravity' visible='true' version='1' changeset='1' lat='43.09093528' lon='-95.32564478' />
  <node id='569' timestamp='2026-06-23T11:00:00Z' uid='1' user='antigravity' visible='true' version='1' changeset='1' lat='43.09003697' lon='-95.32564478' />
  <node id='570' timestamp='2026-06-23T11:00:00Z' uid='1' user='antigravity' visible='true' version='1' changeset='1' lat='43.09363023' lon='-95.32441518' />
  <node id='571' timestamp='2026-06-23T11:00:00Z' uid='1' user='antigravity' visible='true' version='1' changeset='1' lat='43.09273191' lon='-95.32441518' />
  <node id='572' timestamp='2026-06-23T11:00:00Z' uid='1' user='antigravity' visible='true' version='1' changeset='1' lat='43.0918336' lon='-95.32441518' />
  <node id='573' timestamp='2026-06-23T11:00:00Z' uid='1' user='antigravity' visible='true' version='1' changeset='1' lat='43.09093528' lon='-95.32441518' />
  <node id='574' timestamp='2026-06-23T11:00:00Z' uid='1' user='antigravity' visible='true' version='1' changeset='1' lat='43.09003697' lon='-95.32441518' />
  <node id='575' timestamp='2026-06-23T11:00:00Z' uid='1' user='antigravity' visible='true' version='1' changeset='1' lat='43.09363023' lon='-95.32318558' />
  <node id='576' timestamp='2026-06-23T11:00:00Z' uid='1' user='antigravity' visible='true' version='1' changeset='1' lat='43.09273191' lon='-95.32318558' />
  <node id='577' timestamp='2026-06-23T11:00:00Z' uid='1' user='antigravity' visible='true' version='1' changeset='1' lat='43.0918336' lon='-95.32318558' />
  <node id='578' timestamp='2026-06-23T11:00:00Z' uid='1' user='antigravity' visible='true' version='1' changeset='1' lat='43.09093528' lon='-95.32318558' />
  <node id='579' timestamp='2026-06-23T11:00:00Z' uid='1' user='antigravity' visible='true' version='1' changeset='1' lat='43.09003697' lon='-95.32318558' />
  <node id='580' timestamp='2026-06-23T11:00:00Z' uid='1' user='antigravity' visible='true' version='1' changeset='1' lat='43.09363023' lon='-95.32195599' />
  <node id='581' timestamp='2026-06-23T11:00:00Z' uid='1' user='antigravity' visible='true' version='1' changeset='1' lat='43.09273191' lon='-95.32195599' />
  <node id='582' timestamp='2026-06-23T11:00:00Z' uid='1' user='antigravity' visible='true' version='1' changeset='1' lat='43.0918336' lon='-95.32195599' />
  <node id='583' timestamp='2026-06-23T11:00:00Z' uid='1' user='antigravity' visible='true' version='1' changeset='1' lat='43.09093528' lon='-95.32195599' />
  <node id='584' timestamp='2026-06-23T11:00:00Z' uid='1' user='antigravity' visible='true' version='1' changeset='1' lat='43.09003697' lon='-95.32195599' />
  <node id='1443' timestamp='2026-06-23T11:00:00Z' uid='1' user='antigravity' visible='true' version='1' changeset='1' lat='43.09342062' lon='-95.32170616' />
  <node id='1689' timestamp='2026-06-23T11:00:00Z' uid='1' user='antigravity' visible='true' version='1' changeset='1' lat='43.09342062' lon='-95.29145051' />
  <node id='1690' timestamp='2026-06-23T11:00:00Z' uid='1' user='antigravity' visible='true' version='1' changeset='1' lat='43.09342062' lon='-95.28480903' />
  <node id='1916' timestamp='2026-06-23T11:00:00Z' uid='1' user='antigravity' visible='true' version='1' changeset='1' lat='43.09342062' lon='-95.25701319' />
  <node id='1917' timestamp='2026-06-23T11:00:00Z' uid='1' user='antigravity' visible='true' version='1' changeset='1' lat='43.09342062' lon='-95.25037171' />
  <node id='2009' timestamp='2026-06-23T11:00:00Z' uid='1' user='antigravity' visible='true' version='1' changeset='1' lat='43.09342062' lon='-95.23905659' />
  <node id='2102' timestamp='2026-06-23T11:00:00Z' uid='1' user='antigravity' visible='true' version='1' changeset='1' lat='43.10108624' lon='-95.3127586' />
  <node id='2251' timestamp='2026-06-23T11:00:00Z' uid='1' user='antigravity' visible='true' version='1' changeset='1' lat='43.10108624' lon='-95.30047493' />
  <node id='2400' timestamp='2026-06-23T11:00:00Z' uid='1' user='antigravity' visible='true' version='1' changeset='1' lat='43.10108624' lon='-95.28819127' />
  <node id='2491' timestamp='2026-06-23T11:00:00Z' uid='1' user='antigravity' visible='true' version='1' changeset='1' lat='43.09378939' lon='-95.28819127' />
  <node id='2492' timestamp='2026-06-23T11:00:00Z' uid='1' user='antigravity' visible='true' version='1' changeset='1' lat='43.10108624' lon='-95.2759076' />
  <node id='2641' timestamp='2026-06-23T11:00:00Z' uid='1' user='antigravity' visible='true' version='1' changeset='1' lat='43.10108624' lon='-95.26362393' />
  <node id='2790' timestamp='2026-06-23T11:00:00Z' uid='1' user='antigravity' visible='true' version='1' changeset='1' lat='43.10108624' lon='-95.25134026' />
  <node id='2881' timestamp='2026-06-23T11:00:00Z' uid='1' user='antigravity' visible='true' version='1' changeset='1' lat='43.09378939' lon='-95.25134026' />
  <node id='2882' timestamp='2026-06-23T11:00:00Z' uid='1' user='antigravity' visible='true' version='1' changeset='1' lat='43.08280553' lon='-95.33668655' />
  <node id='3672' timestamp='2026-06-23T11:00:00Z' uid='1' user='antigravity' visible='true' version='1' changeset='1' lat='43.08280553' lon='-95.23949924' />
  <node id='3673' timestamp='2026-06-23T11:00:00Z' uid='1' user='antigravity' visible='true' version='1' changeset='1' lat='43.07692156' lon='-95.33668655' />
  <node id='4271' timestamp='2026-06-23T11:00:00Z' uid='1' user='antigravity' visible='true' version='1' changeset='1' lat='43.07692156' lon='-95.2631075' />
  <node id='4272' timestamp='2026-06-23T11:00:00Z' uid='1' user='antigravity' visible='true' version='1' changeset='1' lat='43.0710376' lon='-95.31425871' />
  <node id='4640' action='delete' timestamp='2026-06-23T11:00:00Z' uid='1' user='antigravity' visible='true' version='1' changeset='1' lat='43.0710376' lon='-95.26900956' />
  <node id='5047' timestamp='2026-06-23T11:00:00Z' uid='1' user='antigravity' visible='true' version='1' changeset='1' lat='43.04750174' lon='-95.33668655' />
  <node id='5838' timestamp='2026-06-23T11:00:00Z' uid='1' user='antigravity' visible='true' version='1' changeset='1' lat='43.04750174' lon='-95.23949924' />
  <node id='5839' timestamp='2026-06-23T11:00:00Z' uid='1' user='antigravity' visible='true' version='1' changeset='1' lat='43.08868949' lon='-95.30428398' />
  <node id='5888' timestamp='2026-06-23T11:00:00Z' uid='1' user='antigravity' visible='true' version='1' changeset='1' lat='43.08280553' lon='-95.30428398' />
  <node id='5889' timestamp='2026-06-23T11:00:00Z' uid='1' user='antigravity' visible='true' version='1' changeset='1' lat='43.08868949' lon='-95.25550588' />
  <node id='5938' timestamp='2026-06-23T11:00:00Z' uid='1' user='antigravity' visible='true' version='1' changeset='1' lat='43.08280553' lon='-95.25550588' />
  <node id='5987' timestamp='2026-06-23T11:00:00Z' uid='1' user='antigravity' visible='true' version='1' changeset='1' lat='43.07692156' lon='-95.30428398' />
  <node id='6356' timestamp='2026-06-23T11:00:00Z' uid='1' user='antigravity' visible='true' version='1' changeset='1' lat='43.04750174' lon='-95.31796593' />
  <node id='6401' timestamp='2026-06-23T11:00:00Z' uid='1' user='antigravity' visible='true' version='1' changeset='1' lat='43.04750174' lon='-95.26918784' />
  <node id='6450' timestamp='2026-06-23T11:00:00Z' uid='1' user='antigravity' visible='true' version='1' changeset='1' lat='43.04161777' lon='-95.31800824' />
  <node id='6499' timestamp='2026-06-23T11:00:00Z' uid='1' user='antigravity' visible='true' version='1' changeset='1' lat='43.04161777' lon='-95.26923015' />
  <node id='6500' timestamp='2026-06-23T11:00:00Z' uid='1' user='antigravity' visible='true' version='1' changeset='1' lat='43.03843414' lon='-95.33732594' />
  <node id='6563' timestamp='2026-06-23T11:00:00Z' uid='1' user='antigravity' visible='true' version='1' changeset='1' lat='43.03843414' lon='-95.32957755' />
  <node id='6564' timestamp='2026-06-23T11:00:00Z' uid='1' user='antigravity' visible='true' version='1' changeset='1' lat='43.03843414' lon='-95.32047625' />
  <node id='6790' timestamp='2026-06-23T11:00:00Z' uid='1' user='antigravity' visible='true' version='1' changeset='1' lat='43.03843414' lon='-95.29268042' />
  <node id='6791' timestamp='2026-06-23T11:00:00Z' uid='1' user='antigravity' visible='true' version='1' changeset='1' lat='43.03843414' lon='-95.28357912' />
  <node id='6997' timestamp='2026-06-23T11:00:00Z' uid='1' user='antigravity' visible='true' version='1' changeset='1' lat='43.03843414' lon='-95.25824309' />
  <node id='6998' timestamp='2026-06-23T11:00:00Z' uid='1' user='antigravity' visible='true' version='1' changeset='1' lat='43.03843414' lon='-95.2491418' />
  <node id='7080' timestamp='2026-06-23T11:00:00Z' uid='1' user='antigravity' visible='true' version='1' changeset='1' lat='43.03843414' lon='-95.23905659' />
  <node id='7081' timestamp='2026-06-23T11:00:00Z' uid='1' user='antigravity' visible='true' version='1' changeset='1' lat='43.03614883' lon='-95.33732594' />
  <node id='7144' timestamp='2026-06-23T11:00:00Z' uid='1' user='antigravity' visible='true' version='1' changeset='1' lat='43.03614883' lon='-95.32957755' />
  <node id='7145' timestamp='2026-06-23T11:00:00Z' uid='1' user='antigravity' visible='true' version='1' changeset='1' lat='43.03614883' lon='-95.32047625' />
  <node id='7371' timestamp='2026-06-23T11:00:00Z' uid='1' user='antigravity' visible='true' version='1' changeset='1' lat='43.03614883' lon='-95.29268042' />
  <node id='7372' timestamp='2026-06-23T11:00:00Z' uid='1' user='antigravity' visible='true' version='1' changeset='1' lat='43.03614883' lon='-95.28357912' />
  <node id='7578' timestamp='2026-06-23T11:00:00Z' uid='1' user='antigravity' visible='true' version='1' changeset='1' lat='43.03614883' lon='-95.25824309' />
  <node id='7579' timestamp='2026-06-23T11:00:00Z' uid='1' user='antigravity' visible='true' version='1' changeset='1' lat='43.03614883' lon='-95.2491418' />
  <node id='7661' timestamp='2026-06-23T11:00:00Z' uid='1' user='antigravity' visible='true' version='1' changeset='1' lat='43.03614883' lon='-95.23905659' />
  <node id='7662' timestamp='2026-06-23T11:00:00Z' uid='1' user='antigravity' visible='true' version='1' changeset='1' lat='43.03386352' lon='-95.33732594' />
  <node id='8347' timestamp='2026-06-23T11:00:00Z' uid='1' user='antigravity' visible='true' version='1' changeset='1' lat='43.03386352' lon='-95.2530775' />
  <node id='8388' timestamp='2026-06-23T11:00:00Z' uid='1' user='antigravity' visible='true' version='1' changeset='1' lat='43.0315782' lon='-95.33732594' />
  <node id='9319' timestamp='2026-06-23T11:00:00Z' uid='1' user='antigravity' visible='true' version='1' changeset='1' lat='43.02929289' lon='-95.3303067' />
  <node id='9320' timestamp='2026-06-23T11:00:00Z' uid='1' user='antigravity' visible='true' version='1' changeset='1' lat='43.03471268' lon='-95.32328746' />
  <node id='9388' timestamp='2026-06-23T11:00:00Z' uid='1' user='antigravity' visible='true' version='1' changeset='1' lat='43.02929289' lon='-95.32328746' />
  <node id='9537' timestamp='2026-06-23T11:00:00Z' uid='1' user='antigravity' visible='true' version='1' changeset='1' lat='43.02929289' lon='-95.31626822' />
  <node id='9686' timestamp='2026-06-23T11:00:00Z' uid='1' user='antigravity' visible='true' version='1' changeset='1' lat='43.02929289' lon='-95.30924898' />
  <node id='9835' timestamp='2026-06-23T11:00:00Z' uid='1' user='antigravity' visible='true' version='1' changeset='1' lat='43.02929289' lon='-95.30222974' />
  <node id='9984' timestamp='2026-06-23T11:00:00Z' uid='1' user='antigravity' visible='true' version='1' changeset='1' lat='43.02929289' lon='-95.2952105' />
  <node id='9985' timestamp='2026-06-23T11:00:00Z' uid='1' user='antigravity' visible='true' version='1' changeset='1' lat='43.03471268' lon='-95.28819127' />
  <node id='10053' timestamp='2026-06-23T11:00:00Z' uid='1' user='antigravity' visible='true' version='1' changeset='1' lat='43.02929289' lon='-95.28819127' />
  <node id='10202' timestamp='2026-06-23T11:00:00Z' uid='1' user='antigravity' visible='true' version='1' changeset='1' lat='43.02929289' lon='-95.28117203' />
  <node id='10351' timestamp='2026-06-23T11:00:00Z' uid='1' user='antigravity' visible='true' version='1' changeset='1' lat='43.02929289' lon='-95.27415279' />
  <node id='10500' timestamp='2026-06-23T11:00:00Z' uid='1' user='antigravity' visible='true' version='1' changeset='1' lat='43.02929289' lon='-95.26713355' />
  <node id='10649' timestamp='2026-06-23T11:00:00Z' uid='1' user='antigravity' visible='true' version='1' changeset='1' lat='43.02929289' lon='-95.26011431' />
  <node id='10650' timestamp='2026-06-23T11:00:00Z' uid='1' user='antigravity' visible='true' version='1' changeset='1' lat='43.03471268' lon='-95.25309507' />
  <node id='10718' timestamp='2026-06-23T11:00:00Z' uid='1' user='antigravity' visible='true' version='1' changeset='1' lat='43.02929289' lon='-95.25309507' />
  <node id='10781' timestamp='2026-06-23T11:00:00Z' uid='1' user='antigravity' visible='true' version='1' changeset='1' lat='43.03614733' lon='-95.24607583' />
  <node id='10786' timestamp='2026-06-23T11:00:00Z' uid='1' user='antigravity' visible='true' version='1' changeset='1' lat='43.1009515' lon='-95.32485783' />
  <node id='10787' timestamp='2026-06-23T11:00:00Z' uid='1' user='antigravity' visible='true' version='1' changeset='1' lat='43.1009515' lon='-95.31294304' />
  <node id='10788' timestamp='2026-06-23T11:00:00Z' uid='1' user='antigravity' visible='true' version='1' changeset='1' lat='43.09738818' lon='-95.31294304' />
  <node id='10789' timestamp='2026-06-23T11:00:00Z' uid='1' user='antigravity' visible='true' version='1' changeset='1' lat='43.09738818' lon='-95.32485783' />
  <node id='10790' timestamp='2026-06-23T11:00:00Z' uid='1' user='antigravity' visible='true' version='1' changeset='1' lat='43.1009515' lon='-95.31257416' />
  <node id='10791' timestamp='2026-06-23T11:00:00Z' uid='1' user='antigravity' visible='true' version='1' changeset='1' lat='43.1009515' lon='-95.30065937' />
  <node id='10792' timestamp='2026-06-23T11:00:00Z' uid='1' user='antigravity' visible='true' version='1' changeset='1' lat='43.09738818' lon='-95.30065937' />
  <node id='10793' timestamp='2026-06-23T11:00:00Z' uid='1' user='antigravity' visible='true' version='1' changeset='1' lat='43.09738818' lon='-95.31257416' />
  <node id='10794' timestamp='2026-06-23T11:00:00Z' uid='1' user='antigravity' visible='true' version='1' changeset='1' lat='43.09711869' lon='-95.31257416' />
  <node id='10795' timestamp='2026-06-23T11:00:00Z' uid='1' user='antigravity' visible='true' version='1' changeset='1' lat='43.09711869' lon='-95.30065937' />
  <node id='10796' timestamp='2026-06-23T11:00:00Z' uid='1' user='antigravity' visible='true' version='1' changeset='1' lat='43.09355537' lon='-95.30065937' />
  <node id='10797' timestamp='2026-06-23T11:00:00Z' uid='1' user='antigravity' visible='true' version='1' changeset='1' lat='43.09355537' lon='-95.31257416' />
  <node id='10798' timestamp='2026-06-23T11:00:00Z' uid='1' user='antigravity' visible='true' version='1' changeset='1' lat='43.09328587' lon='-95.31257416' />
  <node id='10799' timestamp='2026-06-23T11:00:00Z' uid='1' user='antigravity' visible='true' version='1' changeset='1' lat='43.09328587' lon='-95.30065937' />
  <node id='10800' timestamp='2026-06-23T11:00:00Z' uid='1' user='antigravity' visible='true' version='1' changeset='1' lat='43.08972256' lon='-95.30065937' />
  <node id='10801' timestamp='2026-06-23T11:00:00Z' uid='1' user='antigravity' visible='true' version='1' changeset='1' lat='43.08972256' lon='-95.31257416' />
  <node id='10802' timestamp='2026-06-23T11:00:00Z' uid='1' user='antigravity' visible='true' version='1' changeset='1' lat='43.1009515' lon='-95.3002905' />
  <node id='10803' timestamp='2026-06-23T11:00:00Z' uid='1' user='antigravity' visible='true' version='1' changeset='1' lat='43.1009515' lon='-95.2883757' />
  <node id='10804' timestamp='2026-06-23T11:00:00Z' uid='1' user='antigravity' visible='true' version='1' changeset='1' lat='43.09738818' lon='-95.2883757' />
  <node id='10805' timestamp='2026-06-23T11:00:00Z' uid='1' user='antigravity' visible='true' version='1' changeset='1' lat='43.09738818' lon='-95.3002905' />
  <node id='10806' timestamp='2026-06-23T11:00:00Z' uid='1' user='antigravity' visible='true' version='1' changeset='1' lat='43.1009515' lon='-95.28800683' />
  <node id='10807' timestamp='2026-06-23T11:00:00Z' uid='1' user='antigravity' visible='true' version='1' changeset='1' lat='43.1009515' lon='-95.27609204' />
  <node id='10808' timestamp='2026-06-23T11:00:00Z' uid='1' user='antigravity' visible='true' version='1' changeset='1' lat='43.09738818' lon='-95.27609204' />
  <node id='10809' timestamp='2026-06-23T11:00:00Z' uid='1' user='antigravity' visible='true' version='1' changeset='1' lat='43.09738818' lon='-95.28800683' />
  <node id='10810' timestamp='2026-06-23T11:00:00Z' uid='1' user='antigravity' visible='true' version='1' changeset='1' lat='43.1009515' lon='-95.27572316' />
  <node id='10811' timestamp='2026-06-23T11:00:00Z' uid='1' user='antigravity' visible='true' version='1' changeset='1' lat='43.1009515' lon='-95.26380837' />
  <node id='10812' timestamp='2026-06-23T11:00:00Z' uid='1' user='antigravity' visible='true' version='1' changeset='1' lat='43.09738818' lon='-95.26380837' />
  <node id='10813' timestamp='2026-06-23T11:00:00Z' uid='1' user='antigravity' visible='true' version='1' changeset='1' lat='43.09738818' lon='-95.27572316' />
  <node id='10814' timestamp='2026-06-23T11:00:00Z' uid='1' user='antigravity' visible='true' version='1' changeset='1' lat='43.09711869' lon='-95.27572316' />
  <node id='10815' timestamp='2026-06-23T11:00:00Z' uid='1' user='antigravity' visible='true' version='1' changeset='1' lat='43.09711869' lon='-95.26380837' />
  <node id='10816' timestamp='2026-06-23T11:00:00Z' uid='1' user='antigravity' visible='true' version='1' changeset='1' lat='43.09355537' lon='-95.26380837' />
  <node id='10817' timestamp='2026-06-23T11:00:00Z' uid='1' user='antigravity' visible='true' version='1' changeset='1' lat='43.09355537' lon='-95.27572316' />
  <node id='10818' timestamp='2026-06-23T11:00:00Z' uid='1' user='antigravity' visible='true' version='1' changeset='1' lat='43.09328587' lon='-95.27572316' />
  <node id='10819' timestamp='2026-06-23T11:00:00Z' uid='1' user='antigravity' visible='true' version='1' changeset='1' lat='43.09328587' lon='-95.26380837' />
  <node id='10820' timestamp='2026-06-23T11:00:00Z' uid='1' user='antigravity' visible='true' version='1' changeset='1' lat='43.08972256' lon='-95.26380837' />
  <node id='10821' timestamp='2026-06-23T11:00:00Z' uid='1' user='antigravity' visible='true' version='1' changeset='1' lat='43.08972256' lon='-95.27572316' />
  <node id='10822' timestamp='2026-06-23T11:00:00Z' uid='1' user='antigravity' visible='true' version='1' changeset='1' lat='43.1009515' lon='-95.26343949' />
  <node id='10823' timestamp='2026-06-23T11:00:00Z' uid='1' user='antigravity' visible='true' version='1' changeset='1' lat='43.1009515' lon='-95.2515247' />
  <node id='10824' timestamp='2026-06-23T11:00:00Z' uid='1' user='antigravity' visible='true' version='1' changeset='1' lat='43.09738818' lon='-95.2515247' />
  <node id='10825' timestamp='2026-06-23T11:00:00Z' uid='1' user='antigravity' visible='true' version='1' changeset='1' lat='43.09738818' lon='-95.26343949' />
  <node id='10826' timestamp='2026-06-23T11:00:00Z' uid='1' user='antigravity' visible='true' version='1' changeset='1' lat='43.1009515' lon='-95.25115582' />
  <node id='10827' timestamp='2026-06-23T11:00:00Z' uid='1' user='antigravity' visible='true' version='1' changeset='1' lat='43.1009515' lon='-95.23925332' />
  <node id='10828' timestamp='2026-06-23T11:00:00Z' uid='1' user='antigravity' visible='true' version='1' changeset='1' lat='43.09738818' lon='-95.23925332' />
  <node id='10829' timestamp='2026-06-23T11:00:00Z' uid='1' user='antigravity' visible='true' version='1' changeset='1' lat='43.09738818' lon='-95.25115582' />
  <node id='10830' timestamp='2026-06-23T11:00:00Z' uid='1' user='antigravity' visible='true' version='1' changeset='1' lat='43.08855475' lon='-95.33650211' />
  <node id='10831' timestamp='2026-06-23T11:00:00Z' uid='1' user='antigravity' visible='true' version='1' changeset='1' lat='43.08855475' lon='-95.30446842' />
  <node id='10832' timestamp='2026-06-23T11:00:00Z' uid='1' user='antigravity' visible='true' version='1' changeset='1' lat='43.08294028' lon='-95.30446842' />
  <node id='10833' timestamp='2026-06-23T11:00:00Z' uid='1' user='antigravity' visible='true' version='1' changeset='1' lat='43.08294028' lon='-95.33650211' />
  <node id='10834' timestamp='2026-06-23T11:00:00Z' uid='1' user='antigravity' visible='true' version='1' changeset='1' lat='43.08855475' lon='-95.30409954' />
  <node id='10835' timestamp='2026-06-23T11:00:00Z' uid='1' user='antigravity' visible='true' version='1' changeset='1' lat='43.08855475' lon='-95.27206584' />
  <node id='10836' timestamp='2026-06-23T11:00:00Z' uid='1' user='antigravity' visible='true' version='1' changeset='1' lat='43.08294028' lon='-95.27206584' />
  <node id='10837' timestamp='2026-06-23T11:00:00Z' uid='1' user='antigravity' visible='true' version='1' changeset='1' lat='43.08294028' lon='-95.30409954' />
  <node id='10838' timestamp='2026-06-23T11:00:00Z' uid='1' user='antigravity' visible='true' version='1' changeset='1' lat='43.08855475' lon='-95.27132809' />
  <node id='10839' timestamp='2026-06-23T11:00:00Z' uid='1' user='antigravity' visible='true' version='1' changeset='1' lat='43.08855475' lon='-95.25569032' />
  <node id='10840' timestamp='2026-06-23T11:00:00Z' uid='1' user='antigravity' visible='true' version='1' changeset='1' lat='43.08294028' lon='-95.25569032' />
  <node id='10841' timestamp='2026-06-23T11:00:00Z' uid='1' user='antigravity' visible='true' version='1' changeset='1' lat='43.08294028' lon='-95.27132809' />
  <node id='10842' timestamp='2026-06-23T11:00:00Z' uid='1' user='antigravity' visible='true' version='1' changeset='1' lat='43.08855475' lon='-95.25532144' />
  <node id='10843' timestamp='2026-06-23T11:00:00Z' uid='1' user='antigravity' visible='true' version='1' changeset='1' lat='43.08855475' lon='-95.23968368' />
  <node id='10844' timestamp='2026-06-23T11:00:00Z' uid='1' user='antigravity' visible='true' version='1' changeset='1' lat='43.08294028' lon='-95.23968368' />
  <node id='10845' timestamp='2026-06-23T11:00:00Z' uid='1' user='antigravity' visible='true' version='1' changeset='1' lat='43.08294028' lon='-95.25532144' />
  <node id='10846' timestamp='2026-06-23T11:00:00Z' uid='1' user='antigravity' visible='true' version='1' changeset='1' lat='43.08267078' lon='-95.33650211' />
  <node id='10847' timestamp='2026-06-23T11:00:00Z' uid='1' user='antigravity' visible='true' version='1' changeset='1' lat='43.08267078' lon='-95.30446842' />
  <node id='10848' timestamp='2026-06-23T11:00:00Z' uid='1' user='antigravity' visible='true' version='1' changeset='1' lat='43.07705631' lon='-95.30446842' />
  <node id='10849' timestamp='2026-06-23T11:00:00Z' uid='1' user='antigravity' visible='true' version='1' changeset='1' lat='43.07705631' lon='-95.33650211' />
  <node id='10850' timestamp='2026-06-23T11:00:00Z' uid='1' user='antigravity' visible='true' version='1' changeset='1' lat='43.08267078' lon='-95.30409954' />
  <node id='10851' timestamp='2026-06-23T11:00:00Z' uid='1' user='antigravity' visible='true' version='1' changeset='1' lat='43.08267078' lon='-95.27206584' />
  <node id='10852' timestamp='2026-06-23T11:00:00Z' uid='1' user='antigravity' visible='true' version='1' changeset='1' lat='43.07705631' lon='-95.27206584' />
  <node id='10853' timestamp='2026-06-23T11:00:00Z' uid='1' user='antigravity' visible='true' version='1' changeset='1' lat='43.07705631' lon='-95.30409954' />
  <node id='10854' timestamp='2026-06-23T11:00:00Z' uid='1' user='antigravity' visible='true' version='1' changeset='1' lat='43.08267078' lon='-95.27132809' />
  <node id='10855' timestamp='2026-06-23T11:00:00Z' uid='1' user='antigravity' visible='true' version='1' changeset='1' lat='43.08267078' lon='-95.26749445' />
  <node id='10856' timestamp='2026-06-23T11:00:00Z' uid='1' user='antigravity' visible='true' version='1' changeset='1' lat='43.07705631' lon='-95.26749445' />
  <node id='10857' timestamp='2026-06-23T11:00:00Z' uid='1' user='antigravity' visible='true' version='1' changeset='1' lat='43.07705631' lon='-95.27132809' />
  <node id='10858' timestamp='2026-06-23T11:00:00Z' uid='1' user='antigravity' visible='true' version='1' changeset='1' lat='43.08267078' lon='-95.26712557' />
  <node id='10859' timestamp='2026-06-23T11:00:00Z' uid='1' user='antigravity' visible='true' version='1' changeset='1' lat='43.08267078' lon='-95.26329194' />
  <node id='10860' timestamp='2026-06-23T11:00:00Z' uid='1' user='antigravity' visible='true' version='1' changeset='1' lat='43.07705631' lon='-95.26329194' />
  <node id='10861' timestamp='2026-06-23T11:00:00Z' uid='1' user='antigravity' visible='true' version='1' changeset='1' lat='43.07705631' lon='-95.26712557' />
  <node id='10862' timestamp='2026-06-23T11:00:00Z' uid='1' user='antigravity' visible='true' version='1' changeset='1' lat='43.07678682' lon='-95.31407427' />
  <node id='10863' timestamp='2026-06-23T11:00:00Z' uid='1' user='antigravity' visible='true' version='1' changeset='1' lat='43.07678682' lon='-95.29330237' />
  <node id='10864' timestamp='2026-06-23T11:00:00Z' uid='1' user='antigravity' visible='true' version='1' changeset='1' lat='43.07117235' lon='-95.29330237' />
  <node id='10865' timestamp='2026-06-23T11:00:00Z' uid='1' user='antigravity' visible='true' version='1' changeset='1' lat='43.07117235' lon='-95.31407427' />
  <node id='10866' timestamp='2026-06-23T11:00:00Z' uid='1' user='antigravity' visible='true' version='1' changeset='1' lat='43.07678682' lon='-95.29293349' />
  <node id='10867' timestamp='2026-06-23T11:00:00Z' uid='1' user='antigravity' visible='true' version='1' changeset='1' lat='43.07678682' lon='-95.27216159' />
  <node id='10868' timestamp='2026-06-23T11:00:00Z' uid='1' user='antigravity' visible='true' version='1' changeset='1' lat='43.07117235' lon='-95.27216159' />
  <node id='10869' timestamp='2026-06-23T11:00:00Z' uid='1' user='antigravity' visible='true' version='1' changeset='1' lat='43.07117235' lon='-95.29293349' />
  <node id='10878' timestamp='2026-06-23T11:00:00Z' uid='1' user='antigravity' visible='true' version='1' changeset='1' lat='43.07090285' lon='-95.30836894' />
  <node id='10879' timestamp='2026-06-23T11:00:00Z' uid='1' user='antigravity' visible='true' version='1' changeset='1' lat='43.07090285' lon='-95.29148302' />
  <node id='10880' timestamp='2026-06-23T11:00:00Z' uid='1' user='antigravity' visible='true' version='1' changeset='1' lat='43.06528838' lon='-95.29148302' />
  <node id='10881' timestamp='2026-06-23T11:00:00Z' uid='1' user='antigravity' visible='true' version='1' changeset='1' lat='43.06528838' lon='-95.30836894' />
  <node id='10882' timestamp='2026-06-23T11:00:00Z' uid='1' user='antigravity' visible='true' version='1' changeset='1' lat='43.07090285' lon='-95.29111414' />
  <node id='10883' timestamp='2026-06-23T11:00:00Z' uid='1' user='antigravity' visible='true' version='1' changeset='1' lat='43.07090285' lon='-95.27422821' />
  <node id='10884' timestamp='2026-06-23T11:00:00Z' uid='1' user='antigravity' visible='true' version='1' changeset='1' lat='43.06528838' lon='-95.27422821' />
  <node id='10885' timestamp='2026-06-23T11:00:00Z' uid='1' user='antigravity' visible='true' version='1' changeset='1' lat='43.06528838' lon='-95.29111414' />
  <node id='10902' timestamp='2026-06-23T11:00:00Z' uid='1' user='antigravity' visible='true' version='1' changeset='1' lat='43.04736699' lon='-95.33650211' />
  <node id='10903' timestamp='2026-06-23T11:00:00Z' uid='1' user='antigravity' visible='true' version='1' changeset='1' lat='43.04736699' lon='-95.31819268' />
  <node id='10904' timestamp='2026-06-23T11:00:00Z' uid='1' user='antigravity' visible='true' version='1' changeset='1' lat='43.04175252' lon='-95.31819268' />
  <node id='10905' timestamp='2026-06-23T11:00:00Z' uid='1' user='antigravity' visible='true' version='1' changeset='1' lat='43.04175252' lon='-95.33650211' />
  <node id='10906' timestamp='2026-06-23T11:00:00Z' uid='1' user='antigravity' visible='true' version='1' changeset='1' lat='43.04736699' lon='-95.3178238' />
  <node id='10907' timestamp='2026-06-23T11:00:00Z' uid='1' user='antigravity' visible='true' version='1' changeset='1' lat='43.04736699' lon='-95.29951437' />
  <node id='10908' timestamp='2026-06-23T11:00:00Z' uid='1' user='antigravity' visible='true' version='1' changeset='1' lat='43.04175252' lon='-95.29951437' />
  <node id='10909' timestamp='2026-06-23T11:00:00Z' uid='1' user='antigravity' visible='true' version='1' changeset='1' lat='43.04175252' lon='-95.3178238' />
  <node id='10910' timestamp='2026-06-23T11:00:00Z' uid='1' user='antigravity' visible='true' version='1' changeset='1' lat='43.04736699' lon='-95.298692' />
  <node id='10911' timestamp='2026-06-23T11:00:00Z' uid='1' user='antigravity' visible='true' version='1' changeset='1' lat='43.04736699' lon='-95.26937228' />
  <node id='10912' timestamp='2026-06-23T11:00:00Z' uid='1' user='antigravity' visible='true' version='1' changeset='1' lat='43.04175252' lon='-95.26937228' />
  <node id='10913' timestamp='2026-06-23T11:00:00Z' uid='1' user='antigravity' visible='true' version='1' changeset='1' lat='43.04175252' lon='-95.298692' />
  <node id='10914' timestamp='2026-06-23T11:00:00Z' uid='1' user='antigravity' visible='true' version='1' changeset='1' lat='43.04736699' lon='-95.2690034' />
  <node id='10915' timestamp='2026-06-23T11:00:00Z' uid='1' user='antigravity' visible='true' version='1' changeset='1' lat='43.04736699' lon='-95.23968368' />
  <node id='10916' timestamp='2026-06-23T11:00:00Z' uid='1' user='antigravity' visible='true' version='1' changeset='1' lat='43.04175252' lon='-95.23968368' />
  <node id='10917' timestamp='2026-06-23T11:00:00Z' uid='1' user='antigravity' visible='true' version='1' changeset='1' lat='43.04175252' lon='-95.2690034' />
  <node id='10918' timestamp='2026-06-23T11:00:00Z' uid='1' user='antigravity' visible='true' version='1' changeset='1' lat='43.04058471' lon='-95.33693247' />
  <node id='10919' timestamp='2026-06-23T11:00:00Z' uid='1' user='antigravity' visible='true' version='1' changeset='1' lat='43.04058471' lon='-95.33049114' />
  <node id='10920' timestamp='2026-06-23T11:00:00Z' uid='1' user='antigravity' visible='true' version='1' changeset='1' lat='43.03856889' lon='-95.33049114' />
  <node id='10921' timestamp='2026-06-23T11:00:00Z' uid='1' user='antigravity' visible='true' version='1' changeset='1' lat='43.03856889' lon='-95.33693247' />
  <node id='10922' timestamp='2026-06-23T11:00:00Z' uid='1' user='antigravity' visible='true' version='1' changeset='1' lat='43.0382994' lon='-95.33693247' />
  <node id='10923' timestamp='2026-06-23T11:00:00Z' uid='1' user='antigravity' visible='true' version='1' changeset='1' lat='43.0382994' lon='-95.33049114' />
  <node id='10924' timestamp='2026-06-23T11:00:00Z' uid='1' user='antigravity' visible='true' version='1' changeset='1' lat='43.03628358' lon='-95.33049114' />
  <node id='10925' timestamp='2026-06-23T11:00:00Z' uid='1' user='antigravity' visible='true' version='1' changeset='1' lat='43.03628358' lon='-95.33693247' />
  <node id='10926' timestamp='2026-06-23T11:00:00Z' uid='1' user='antigravity' visible='true' version='1' changeset='1' lat='43.03601408' lon='-95.33693247' />
  <node id='10927' timestamp='2026-06-23T11:00:00Z' uid='1' user='antigravity' visible='true' version='1' changeset='1' lat='43.03601408' lon='-95.33049114' />
  <node id='10928' timestamp='2026-06-23T11:00:00Z' uid='1' user='antigravity' visible='true' version='1' changeset='1' lat='43.03399826' lon='-95.33049114' />
  <node id='10929' timestamp='2026-06-23T11:00:00Z' uid='1' user='antigravity' visible='true' version='1' changeset='1' lat='43.03399826' lon='-95.33693247' />
  <node id='10930' timestamp='2026-06-23T11:00:00Z' uid='1' user='antigravity' visible='true' version='1' changeset='1' lat='43.03372877' lon='-95.33693247' />
  <node id='10931' timestamp='2026-06-23T11:00:00Z' uid='1' user='antigravity' visible='true' version='1' changeset='1' lat='43.03372877' lon='-95.33049114' />
  <node id='10932' timestamp='2026-06-23T11:00:00Z' uid='1' user='antigravity' visible='true' version='1' changeset='1' lat='43.03171295' lon='-95.33049114' />
  <node id='10933' timestamp='2026-06-23T11:00:00Z' uid='1' user='antigravity' visible='true' version='1' changeset='1' lat='43.03171295' lon='-95.33693247' />
  <node id='10934' timestamp='2026-06-23T11:00:00Z' uid='1' user='antigravity' visible='true' version='1' changeset='1' lat='43.03144345' lon='-95.33693247' />
  <node id='10935' timestamp='2026-06-23T11:00:00Z' uid='1' user='antigravity' visible='true' version='1' changeset='1' lat='43.03144345' lon='-95.33049114' />
  <node id='10936' timestamp='2026-06-23T11:00:00Z' uid='1' user='antigravity' visible='true' version='1' changeset='1' lat='43.02942763' lon='-95.33049114' />
  <node id='10937' timestamp='2026-06-23T11:00:00Z' uid='1' user='antigravity' visible='true' version='1' changeset='1' lat='43.02942763' lon='-95.33693247' />
  <node id='10938' timestamp='2026-06-23T11:00:00Z' uid='1' user='antigravity' visible='true' version='1' changeset='1' lat='43.03372877' lon='-95.33012226' />
  <node id='10939' timestamp='2026-06-23T11:00:00Z' uid='1' user='antigravity' visible='true' version='1' changeset='1' lat='43.03372877' lon='-95.3234719' />
  <node id='10940' timestamp='2026-06-23T11:00:00Z' uid='1' user='antigravity' visible='true' version='1' changeset='1' lat='43.03171295' lon='-95.3234719' />
  <node id='10941' timestamp='2026-06-23T11:00:00Z' uid='1' user='antigravity' visible='true' version='1' changeset='1' lat='43.03171295' lon='-95.33012226' />
  <node id='10942' timestamp='2026-06-23T11:00:00Z' uid='1' user='antigravity' visible='true' version='1' changeset='1' lat='43.03144345' lon='-95.33012226' />
  <node id='10943' timestamp='2026-06-23T11:00:00Z' uid='1' user='antigravity' visible='true' version='1' changeset='1' lat='43.03144345' lon='-95.3234719' />
  <node id='10944' timestamp='2026-06-23T11:00:00Z' uid='1' user='antigravity' visible='true' version='1' changeset='1' lat='43.02942763' lon='-95.3234719' />
  <node id='10945' timestamp='2026-06-23T11:00:00Z' uid='1' user='antigravity' visible='true' version='1' changeset='1' lat='43.02942763' lon='-95.33012226' />
  <node id='10946' timestamp='2026-06-23T11:00:00Z' uid='1' user='antigravity' visible='true' version='1' changeset='1' lat='43.03372877' lon='-95.32310302' />
  <node id='10947' timestamp='2026-06-23T11:00:00Z' uid='1' user='antigravity' visible='true' version='1' changeset='1' lat='43.03372877' lon='-95.31645266' />
  <node id='10948' timestamp='2026-06-23T11:00:00Z' uid='1' user='antigravity' visible='true' version='1' changeset='1' lat='43.03171295' lon='-95.31645266' />
  <node id='10949' timestamp='2026-06-23T11:00:00Z' uid='1' user='antigravity' visible='true' version='1' changeset='1' lat='43.03171295' lon='-95.32310302' />
  <node id='10950' timestamp='2026-06-23T11:00:00Z' uid='1' user='antigravity' visible='true' version='1' changeset='1' lat='43.03144345' lon='-95.32310302' />
  <node id='10951' timestamp='2026-06-23T11:00:00Z' uid='1' user='antigravity' visible='true' version='1' changeset='1' lat='43.03144345' lon='-95.31645266' />
  <node id='10952' timestamp='2026-06-23T11:00:00Z' uid='1' user='antigravity' visible='true' version='1' changeset='1' lat='43.02942763' lon='-95.31645266' />
  <node id='10953' timestamp='2026-06-23T11:00:00Z' uid='1' user='antigravity' visible='true' version='1' changeset='1' lat='43.02942763' lon='-95.32310302' />
  <node id='10954' timestamp='2026-06-23T11:00:00Z' uid='1' user='antigravity' visible='true' version='1' changeset='1' lat='43.04058471' lon='-95.31608378' />
  <node id='10955' timestamp='2026-06-23T11:00:00Z' uid='1' user='antigravity' visible='true' version='1' changeset='1' lat='43.04058471' lon='-95.30943342' />
  <node id='10956' timestamp='2026-06-23T11:00:00Z' uid='1' user='antigravity' visible='true' version='1' changeset='1' lat='43.03856889' lon='-95.30943342' />
  <node id='10957' timestamp='2026-06-23T11:00:00Z' uid='1' user='antigravity' visible='true' version='1' changeset='1' lat='43.03856889' lon='-95.31608378' />
  <node id='10958' timestamp='2026-06-23T11:00:00Z' uid='1' user='antigravity' visible='true' version='1' changeset='1' lat='43.0382994' lon='-95.31608378' />
  <node id='10959' timestamp='2026-06-23T11:00:00Z' uid='1' user='antigravity' visible='true' version='1' changeset='1' lat='43.0382994' lon='-95.30943342' />
  <node id='10960' timestamp='2026-06-23T11:00:00Z' uid='1' user='antigravity' visible='true' version='1' changeset='1' lat='43.03628358' lon='-95.30943342' />
  <node id='10961' timestamp='2026-06-23T11:00:00Z' uid='1' user='antigravity' visible='true' version='1' changeset='1' lat='43.03628358' lon='-95.31608378' />
  <node id='10962' timestamp='2026-06-23T11:00:00Z' uid='1' user='antigravity' visible='true' version='1' changeset='1' lat='43.03601408' lon='-95.31608378' />
  <node id='10963' timestamp='2026-06-23T11:00:00Z' uid='1' user='antigravity' visible='true' version='1' changeset='1' lat='43.03601408' lon='-95.30943342' />
  <node id='10964' timestamp='2026-06-23T11:00:00Z' uid='1' user='antigravity' visible='true' version='1' changeset='1' lat='43.03399826' lon='-95.30943342' />
  <node id='10965' timestamp='2026-06-23T11:00:00Z' uid='1' user='antigravity' visible='true' version='1' changeset='1' lat='43.03399826' lon='-95.31608378' />
  <node id='10966' timestamp='2026-06-23T11:00:00Z' uid='1' user='antigravity' visible='true' version='1' changeset='1' lat='43.03372877' lon='-95.31608378' />
  <node id='10967' timestamp='2026-06-23T11:00:00Z' uid='1' user='antigravity' visible='true' version='1' changeset='1' lat='43.03372877' lon='-95.30943342' />
  <node id='10968' timestamp='2026-06-23T11:00:00Z' uid='1' user='antigravity' visible='true' version='1' changeset='1' lat='43.03171295' lon='-95.30943342' />
  <node id='10969' timestamp='2026-06-23T11:00:00Z' uid='1' user='antigravity' visible='true' version='1' changeset='1' lat='43.03171295' lon='-95.31608378' />
  <node id='10970' timestamp='2026-06-23T11:00:00Z' uid='1' user='antigravity' visible='true' version='1' changeset='1' lat='43.03144345' lon='-95.31608378' />
  <node id='10971' timestamp='2026-06-23T11:00:00Z' uid='1' user='antigravity' visible='true' version='1' changeset='1' lat='43.03144345' lon='-95.30943342' />
  <node id='10972' timestamp='2026-06-23T11:00:00Z' uid='1' user='antigravity' visible='true' version='1' changeset='1' lat='43.02942763' lon='-95.30943342' />
  <node id='10973' timestamp='2026-06-23T11:00:00Z' uid='1' user='antigravity' visible='true' version='1' changeset='1' lat='43.02942763' lon='-95.31608378' />
  <node id='10974' timestamp='2026-06-23T11:00:00Z' uid='1' user='antigravity' visible='true' version='1' changeset='1' lat='43.04058471' lon='-95.30906454' />
  <node id='10975' timestamp='2026-06-23T11:00:00Z' uid='1' user='antigravity' visible='true' version='1' changeset='1' lat='43.04058471' lon='-95.30241418' />
  <node id='10976' timestamp='2026-06-23T11:00:00Z' uid='1' user='antigravity' visible='true' version='1' changeset='1' lat='43.03856889' lon='-95.30241418' />
  <node id='10977' timestamp='2026-06-23T11:00:00Z' uid='1' user='antigravity' visible='true' version='1' changeset='1' lat='43.03856889' lon='-95.30906454' />
  <node id='10978' timestamp='2026-06-23T11:00:00Z' uid='1' user='antigravity' visible='true' version='1' changeset='1' lat='43.0382994' lon='-95.30906454' />
  <node id='10979' timestamp='2026-06-23T11:00:00Z' uid='1' user='antigravity' visible='true' version='1' changeset='1' lat='43.0382994' lon='-95.30241418' />
  <node id='10980' timestamp='2026-06-23T11:00:00Z' uid='1' user='antigravity' visible='true' version='1' changeset='1' lat='43.03628358' lon='-95.30241418' />
  <node id='10981' timestamp='2026-06-23T11:00:00Z' uid='1' user='antigravity' visible='true' version='1' changeset='1' lat='43.03628358' lon='-95.30906454' />
  <node id='10982' timestamp='2026-06-23T11:00:00Z' uid='1' user='antigravity' visible='true' version='1' changeset='1' lat='43.03601408' lon='-95.30906454' />
  <node id='10983' timestamp='2026-06-23T11:00:00Z' uid='1' user='antigravity' visible='true' version='1' changeset='1' lat='43.03601408' lon='-95.30241418' />
  <node id='10984' timestamp='2026-06-23T11:00:00Z' uid='1' user='antigravity' visible='true' version='1' changeset='1' lat='43.03399826' lon='-95.30241418' />
  <node id='10985' timestamp='2026-06-23T11:00:00Z' uid='1' user='antigravity' visible='true' version='1' changeset='1' lat='43.03399826' lon='-95.30906454' />
  <node id='10986' timestamp='2026-06-23T11:00:00Z' uid='1' user='antigravity' visible='true' version='1' changeset='1' lat='43.03372877' lon='-95.30906454' />
  <node id='10987' timestamp='2026-06-23T11:00:00Z' uid='1' user='antigravity' visible='true' version='1' changeset='1' lat='43.03372877' lon='-95.30241418' />
  <node id='10988' timestamp='2026-06-23T11:00:00Z' uid='1' user='antigravity' visible='true' version='1' changeset='1' lat='43.03171295' lon='-95.30241418' />
  <node id='10989' timestamp='2026-06-23T11:00:00Z' uid='1' user='antigravity' visible='true' version='1' changeset='1' lat='43.03171295' lon='-95.30906454' />
  <node id='10990' timestamp='2026-06-23T11:00:00Z' uid='1' user='antigravity' visible='true' version='1' changeset='1' lat='43.03144345' lon='-95.30906454' />
  <node id='10991' timestamp='2026-06-23T11:00:00Z' uid='1' user='antigravity' visible='true' version='1' changeset='1' lat='43.03144345' lon='-95.30241418' />
  <node id='10992' timestamp='2026-06-23T11:00:00Z' uid='1' user='antigravity' visible='true' version='1' changeset='1' lat='43.02942763' lon='-95.30241418' />
  <node id='10993' timestamp='2026-06-23T11:00:00Z' uid='1' user='antigravity' visible='true' version='1' changeset='1' lat='43.02942763' lon='-95.30906454' />
  <node id='10994' timestamp='2026-06-23T11:00:00Z' uid='1' user='antigravity' visible='true' version='1' changeset='1' lat='43.04058471' lon='-95.30204531' />
  <node id='10995' timestamp='2026-06-23T11:00:00Z' uid='1' user='antigravity' visible='true' version='1' changeset='1' lat='43.04058471' lon='-95.29539494' />
  <node id='10996' timestamp='2026-06-23T11:00:00Z' uid='1' user='antigravity' visible='true' version='1' changeset='1' lat='43.03856889' lon='-95.29539494' />
  <node id='10997' timestamp='2026-06-23T11:00:00Z' uid='1' user='antigravity' visible='true' version='1' changeset='1' lat='43.03856889' lon='-95.30204531' />
  <node id='10998' timestamp='2026-06-23T11:00:00Z' uid='1' user='antigravity' visible='true' version='1' changeset='1' lat='43.0382994' lon='-95.30204531' />
  <node id='10999' timestamp='2026-06-23T11:00:00Z' uid='1' user='antigravity' visible='true' version='1' changeset='1' lat='43.0382994' lon='-95.29539494' />
  <node id='11000' timestamp='2026-06-23T11:00:00Z' uid='1' user='antigravity' visible='true' version='1' changeset='1' lat='43.03628358' lon='-95.29539494' />
  <node id='11001' timestamp='2026-06-23T11:00:00Z' uid='1' user='antigravity' visible='true' version='1' changeset='1' lat='43.03628358' lon='-95.30204531' />
  <node id='11002' timestamp='2026-06-23T11:00:00Z' uid='1' user='antigravity' visible='true' version='1' changeset='1' lat='43.03601408' lon='-95.30204531' />
  <node id='11003' timestamp='2026-06-23T11:00:00Z' uid='1' user='antigravity' visible='true' version='1' changeset='1' lat='43.03601408' lon='-95.29539494' />
  <node id='11004' timestamp='2026-06-23T11:00:00Z' uid='1' user='antigravity' visible='true' version='1' changeset='1' lat='43.03399826' lon='-95.29539494' />
  <node id='11005' timestamp='2026-06-23T11:00:00Z' uid='1' user='antigravity' visible='true' version='1' changeset='1' lat='43.03399826' lon='-95.30204531' />
  <node id='11006' timestamp='2026-06-23T11:00:00Z' uid='1' user='antigravity' visible='true' version='1' changeset='1' lat='43.03372877' lon='-95.30204531' />
  <node id='11007' timestamp='2026-06-23T11:00:00Z' uid='1' user='antigravity' visible='true' version='1' changeset='1' lat='43.03372877' lon='-95.29539494' />
  <node id='11008' timestamp='2026-06-23T11:00:00Z' uid='1' user='antigravity' visible='true' version='1' changeset='1' lat='43.03171295' lon='-95.29539494' />
  <node id='11009' timestamp='2026-06-23T11:00:00Z' uid='1' user='antigravity' visible='true' version='1' changeset='1' lat='43.03171295' lon='-95.30204531' />
  <node id='11010' timestamp='2026-06-23T11:00:00Z' uid='1' user='antigravity' visible='true' version='1' changeset='1' lat='43.03144345' lon='-95.30204531' />
  <node id='11011' timestamp='2026-06-23T11:00:00Z' uid='1' user='antigravity' visible='true' version='1' changeset='1' lat='43.03144345' lon='-95.29539494' />
  <node id='11012' timestamp='2026-06-23T11:00:00Z' uid='1' user='antigravity' visible='true' version='1' changeset='1' lat='43.02942763' lon='-95.29539494' />
  <node id='11013' timestamp='2026-06-23T11:00:00Z' uid='1' user='antigravity' visible='true' version='1' changeset='1' lat='43.02942763' lon='-95.30204531' />
  <node id='11014' timestamp='2026-06-23T11:00:00Z' uid='1' user='antigravity' visible='true' version='1' changeset='1' lat='43.03372877' lon='-95.29502607' />
  <node id='11015' timestamp='2026-06-23T11:00:00Z' uid='1' user='antigravity' visible='true' version='1' changeset='1' lat='43.03372877' lon='-95.2883757' />
  <node id='11016' timestamp='2026-06-23T11:00:00Z' uid='1' user='antigravity' visible='true' version='1' changeset='1' lat='43.03171295' lon='-95.2883757' />
  <node id='11017' timestamp='2026-06-23T11:00:00Z' uid='1' user='antigravity' visible='true' version='1' changeset='1' lat='43.03171295' lon='-95.29502607' />
  <node id='11018' timestamp='2026-06-23T11:00:00Z' uid='1' user='antigravity' visible='true' version='1' changeset='1' lat='43.03144345' lon='-95.29502607' />
  <node id='11019' timestamp='2026-06-23T11:00:00Z' uid='1' user='antigravity' visible='true' version='1' changeset='1' lat='43.03144345' lon='-95.2883757' />
  <node id='11020' timestamp='2026-06-23T11:00:00Z' uid='1' user='antigravity' visible='true' version='1' changeset='1' lat='43.02942763' lon='-95.2883757' />
  <node id='11021' timestamp='2026-06-23T11:00:00Z' uid='1' user='antigravity' visible='true' version='1' changeset='1' lat='43.02942763' lon='-95.29502607' />
  <node id='11022' timestamp='2026-06-23T11:00:00Z' uid='1' user='antigravity' visible='true' version='1' changeset='1' lat='43.03372877' lon='-95.28800683' />
  <node id='11023' timestamp='2026-06-23T11:00:00Z' uid='1' user='antigravity' visible='true' version='1' changeset='1' lat='43.03372877' lon='-95.28135646' />
  <node id='11024' timestamp='2026-06-23T11:00:00Z' uid='1' user='antigravity' visible='true' version='1' changeset='1' lat='43.03171295' lon='-95.28135646' />
  <node id='11025' timestamp='2026-06-23T11:00:00Z' uid='1' user='antigravity' visible='true' version='1' changeset='1' lat='43.03171295' lon='-95.28800683' />
  <node id='11026' timestamp='2026-06-23T11:00:00Z' uid='1' user='antigravity' visible='true' version='1' changeset='1' lat='43.03144345' lon='-95.28800683' />
  <node id='11027' timestamp='2026-06-23T11:00:00Z' uid='1' user='antigravity' visible='true' version='1' changeset='1' lat='43.03144345' lon='-95.28135646' />
  <node id='11028' timestamp='2026-06-23T11:00:00Z' uid='1' user='antigravity' visible='true' version='1' changeset='1' lat='43.02942763' lon='-95.28135646' />
  <node id='11029' timestamp='2026-06-23T11:00:00Z' uid='1' user='antigravity' visible='true' version='1' changeset='1' lat='43.02942763' lon='-95.28800683' />
  <node id='11030' timestamp='2026-06-23T11:00:00Z' uid='1' user='antigravity' visible='true' version='1' changeset='1' lat='43.04058471' lon='-95.28098759' />
  <node id='11031' timestamp='2026-06-23T11:00:00Z' uid='1' user='antigravity' visible='true' version='1' changeset='1' lat='43.04058471' lon='-95.27433723' />
  <node id='11032' timestamp='2026-06-23T11:00:00Z' uid='1' user='antigravity' visible='true' version='1' changeset='1' lat='43.03856889' lon='-95.27433723' />
  <node id='11033' timestamp='2026-06-23T11:00:00Z' uid='1' user='antigravity' visible='true' version='1' changeset='1' lat='43.03856889' lon='-95.28098759' />
  <node id='11034' timestamp='2026-06-23T11:00:00Z' uid='1' user='antigravity' visible='true' version='1' changeset='1' lat='43.0382994' lon='-95.28098759' />
  <node id='11035' timestamp='2026-06-23T11:00:00Z' uid='1' user='antigravity' visible='true' version='1' changeset='1' lat='43.0382994' lon='-95.27433723' />
  <node id='11036' timestamp='2026-06-23T11:00:00Z' uid='1' user='antigravity' visible='true' version='1' changeset='1' lat='43.03628358' lon='-95.27433723' />
  <node id='11037' timestamp='2026-06-23T11:00:00Z' uid='1' user='antigravity' visible='true' version='1' changeset='1' lat='43.03628358' lon='-95.28098759' />
  <node id='11038' timestamp='2026-06-23T11:00:00Z' uid='1' user='antigravity' visible='true' version='1' changeset='1' lat='43.03601408' lon='-95.28098759' />
  <node id='11039' timestamp='2026-06-23T11:00:00Z' uid='1' user='antigravity' visible='true' version='1' changeset='1' lat='43.03601408' lon='-95.27433723' />
  <node id='11040' timestamp='2026-06-23T11:00:00Z' uid='1' user='antigravity' visible='true' version='1' changeset='1' lat='43.03399826' lon='-95.27433723' />
  <node id='11041' timestamp='2026-06-23T11:00:00Z' uid='1' user='antigravity' visible='true' version='1' changeset='1' lat='43.03399826' lon='-95.28098759' />
  <node id='11042' timestamp='2026-06-23T11:00:00Z' uid='1' user='antigravity' visible='true' version='1' changeset='1' lat='43.03372877' lon='-95.28098759' />
  <node id='11043' timestamp='2026-06-23T11:00:00Z' uid='1' user='antigravity' visible='true' version='1' changeset='1' lat='43.03372877' lon='-95.27433723' />
  <node id='11044' timestamp='2026-06-23T11:00:00Z' uid='1' user='antigravity' visible='true' version='1' changeset='1' lat='43.03171295' lon='-95.27433723' />
  <node id='11045' timestamp='2026-06-23T11:00:00Z' uid='1' user='antigravity' visible='true' version='1' changeset='1' lat='43.03171295' lon='-95.28098759' />
  <node id='11046' timestamp='2026-06-23T11:00:00Z' uid='1' user='antigravity' visible='true' version='1' changeset='1' lat='43.03144345' lon='-95.28098759' />
  <node id='11047' timestamp='2026-06-23T11:00:00Z' uid='1' user='antigravity' visible='true' version='1' changeset='1' lat='43.03144345' lon='-95.27433723' />
  <node id='11048' timestamp='2026-06-23T11:00:00Z' uid='1' user='antigravity' visible='true' version='1' changeset='1' lat='43.02942763' lon='-95.27433723' />
  <node id='11049' timestamp='2026-06-23T11:00:00Z' uid='1' user='antigravity' visible='true' version='1' changeset='1' lat='43.02942763' lon='-95.28098759' />
  <node id='11050' timestamp='2026-06-23T11:00:00Z' uid='1' user='antigravity' visible='true' version='1' changeset='1' lat='43.04058471' lon='-95.27396835' />
  <node id='11051' timestamp='2026-06-23T11:00:00Z' uid='1' user='antigravity' visible='true' version='1' changeset='1' lat='43.04058471' lon='-95.26731799' />
  <node id='11052' timestamp='2026-06-23T11:00:00Z' uid='1' user='antigravity' visible='true' version='1' changeset='1' lat='43.03856889' lon='-95.26731799' />
  <node id='11053' timestamp='2026-06-23T11:00:00Z' uid='1' user='antigravity' visible='true' version='1' changeset='1' lat='43.03856889' lon='-95.27396835' />
  <node id='11054' timestamp='2026-06-23T11:00:00Z' uid='1' user='antigravity' visible='true' version='1' changeset='1' lat='43.0382994' lon='-95.27396835' />
  <node id='11055' timestamp='2026-06-23T11:00:00Z' uid='1' user='antigravity' visible='true' version='1' changeset='1' lat='43.0382994' lon='-95.26731799' />
  <node id='11056' timestamp='2026-06-23T11:00:00Z' uid='1' user='antigravity' visible='true' version='1' changeset='1' lat='43.03628358' lon='-95.26731799' />
  <node id='11057' timestamp='2026-06-23T11:00:00Z' uid='1' user='antigravity' visible='true' version='1' changeset='1' lat='43.03628358' lon='-95.27396835' />
  <node id='11058' timestamp='2026-06-23T11:00:00Z' uid='1' user='antigravity' visible='true' version='1' changeset='1' lat='43.03601408' lon='-95.27396835' />
  <node id='11059' timestamp='2026-06-23T11:00:00Z' uid='1' user='antigravity' visible='true' version='1' changeset='1' lat='43.03601408' lon='-95.26731799' />
  <node id='11060' timestamp='2026-06-23T11:00:00Z' uid='1' user='antigravity' visible='true' version='1' changeset='1' lat='43.03399826' lon='-95.26731799' />
  <node id='11061' timestamp='2026-06-23T11:00:00Z' uid='1' user='antigravity' visible='true' version='1' changeset='1' lat='43.03399826' lon='-95.27396835' />
  <node id='11062' timestamp='2026-06-23T11:00:00Z' uid='1' user='antigravity' visible='true' version='1' changeset='1' lat='43.03372877' lon='-95.27396835' />
  <node id='11063' timestamp='2026-06-23T11:00:00Z' uid='1' user='antigravity' visible='true' version='1' changeset='1' lat='43.03372877' lon='-95.26731799' />
  <node id='11064' timestamp='2026-06-23T11:00:00Z' uid='1' user='antigravity' visible='true' version='1' changeset='1' lat='43.03171295' lon='-95.26731799' />
  <node id='11065' timestamp='2026-06-23T11:00:00Z' uid='1' user='antigravity' visible='true' version='1' changeset='1' lat='43.03171295' lon='-95.27396835' />
  <node id='11066' timestamp='2026-06-23T11:00:00Z' uid='1' user='antigravity' visible='true' version='1' changeset='1' lat='43.03144345' lon='-95.27396835' />
  <node id='11067' timestamp='2026-06-23T11:00:00Z' uid='1' user='antigravity' visible='true' version='1' changeset='1' lat='43.03144345' lon='-95.26731799' />
  <node id='11068' timestamp='2026-06-23T11:00:00Z' uid='1' user='antigravity' visible='true' version='1' changeset='1' lat='43.02942763' lon='-95.26731799' />
  <node id='11069' timestamp='2026-06-23T11:00:00Z' uid='1' user='antigravity' visible='true' version='1' changeset='1' lat='43.02942763' lon='-95.27396835' />
  <node id='11070' timestamp='2026-06-23T11:00:00Z' uid='1' user='antigravity' visible='true' version='1' changeset='1' lat='43.04058471' lon='-95.26694911' />
  <node id='11071' timestamp='2026-06-23T11:00:00Z' uid='1' user='antigravity' visible='true' version='1' changeset='1' lat='43.04058471' lon='-95.26029875' />
  <node id='11072' timestamp='2026-06-23T11:00:00Z' uid='1' user='antigravity' visible='true' version='1' changeset='1' lat='43.03856889' lon='-95.26029875' />
  <node id='11073' timestamp='2026-06-23T11:00:00Z' uid='1' user='antigravity' visible='true' version='1' changeset='1' lat='43.03856889' lon='-95.26694911' />
  <node id='11074' timestamp='2026-06-23T11:00:00Z' uid='1' user='antigravity' visible='true' version='1' changeset='1' lat='43.0382994' lon='-95.26694911' />
  <node id='11075' timestamp='2026-06-23T11:00:00Z' uid='1' user='antigravity' visible='true' version='1' changeset='1' lat='43.0382994' lon='-95.26029875' />
  <node id='11076' timestamp='2026-06-23T11:00:00Z' uid='1' user='antigravity' visible='true' version='1' changeset='1' lat='43.03628358' lon='-95.26029875' />
  <node id='11077' timestamp='2026-06-23T11:00:00Z' uid='1' user='antigravity' visible='true' version='1' changeset='1' lat='43.03628358' lon='-95.26694911' />
  <node id='11078' timestamp='2026-06-23T11:00:00Z' uid='1' user='antigravity' visible='true' version='1' changeset='1' lat='43.03601408' lon='-95.26694911' />
  <node id='11079' timestamp='2026-06-23T11:00:00Z' uid='1' user='antigravity' visible='true' version='1' changeset='1' lat='43.03601408' lon='-95.26029875' />
  <node id='11080' timestamp='2026-06-23T11:00:00Z' uid='1' user='antigravity' visible='true' version='1' changeset='1' lat='43.03399826' lon='-95.26029875' />
  <node id='11081' timestamp='2026-06-23T11:00:00Z' uid='1' user='antigravity' visible='true' version='1' changeset='1' lat='43.03399826' lon='-95.26694911' />
  <node id='11082' timestamp='2026-06-23T11:00:00Z' uid='1' user='antigravity' visible='true' version='1' changeset='1' lat='43.03372877' lon='-95.26694911' />
  <node id='11083' timestamp='2026-06-23T11:00:00Z' uid='1' user='antigravity' visible='true' version='1' changeset='1' lat='43.03372877' lon='-95.26029875' />
  <node id='11084' timestamp='2026-06-23T11:00:00Z' uid='1' user='antigravity' visible='true' version='1' changeset='1' lat='43.03171295' lon='-95.26029875' />
  <node id='11085' timestamp='2026-06-23T11:00:00Z' uid='1' user='antigravity' visible='true' version='1' changeset='1' lat='43.03171295' lon='-95.26694911' />
  <node id='11086' timestamp='2026-06-23T11:00:00Z' uid='1' user='antigravity' visible='true' version='1' changeset='1' lat='43.03144345' lon='-95.26694911' />
  <node id='11087' timestamp='2026-06-23T11:00:00Z' uid='1' user='antigravity' visible='true' version='1' changeset='1' lat='43.03144345' lon='-95.26029875' />
  <node id='11088' timestamp='2026-06-23T11:00:00Z' uid='1' user='antigravity' visible='true' version='1' changeset='1' lat='43.02942763' lon='-95.26029875' />
  <node id='11089' timestamp='2026-06-23T11:00:00Z' uid='1' user='antigravity' visible='true' version='1' changeset='1' lat='43.02942763' lon='-95.26694911' />
  <node id='11090' timestamp='2026-06-23T11:00:00Z' uid='1' user='antigravity' visible='true' version='1' changeset='1' lat='43.03372877' lon='-95.25992987' />
  <node id='11091' timestamp='2026-06-23T11:00:00Z' uid='1' user='antigravity' visible='true' version='1' changeset='1' lat='43.03372877' lon='-95.25327951' />
  <node id='11092' timestamp='2026-06-23T11:00:00Z' uid='1' user='antigravity' visible='true' version='1' changeset='1' lat='43.03171295' lon='-95.25327951' />
  <node id='11093' timestamp='2026-06-23T11:00:00Z' uid='1' user='antigravity' visible='true' version='1' changeset='1' lat='43.03171295' lon='-95.25992987' />
  <node id='11094' timestamp='2026-06-23T11:00:00Z' uid='1' user='antigravity' visible='true' version='1' changeset='1' lat='43.03144345' lon='-95.25992987' />
  <node id='11095' timestamp='2026-06-23T11:00:00Z' uid='1' user='antigravity' visible='true' version='1' changeset='1' lat='43.03144345' lon='-95.25327951' />
  <node id='11096' timestamp='2026-06-23T11:00:00Z' uid='1' user='antigravity' visible='true' version='1' changeset='1' lat='43.02942763' lon='-95.25327951' />
  <node id='11097' timestamp='2026-06-23T11:00:00Z' uid='1' user='antigravity' visible='true' version='1' changeset='1' lat='43.02942763' lon='-95.25992987' />
  <node id='11098' timestamp='2026-06-23T11:00:00Z' uid='1' user='antigravity' visible='true' version='1' changeset='1' lat='43.04058471' lon='-95.24589139' />
  <node id='11099' timestamp='2026-06-23T11:00:00Z' uid='1' user='antigravity' visible='true' version='1' changeset='1' lat='43.04058471' lon='-95.23925332' />
  <node id='11100' timestamp='2026-06-23T11:00:00Z' uid='1' user='antigravity' visible='true' version='1' changeset='1' lat='43.03856889' lon='-95.23925332' />
  <node id='11101' timestamp='2026-06-23T11:00:00Z' uid='1' user='antigravity' visible='true' version='1' changeset='1' lat='43.03856889' lon='-95.24589139' />
  <node id='11102' timestamp='2026-06-23T11:00:00Z' uid='1' user='antigravity' visible='true' version='1' changeset='1' lat='43.0382994' lon='-95.24589139' />
  <node id='11103' timestamp='2026-06-23T11:00:00Z' uid='1' user='antigravity' visible='true' version='1' changeset='1' lat='43.0382994' lon='-95.23925332' />
  <node id='11104' timestamp='2026-06-23T11:00:00Z' uid='1' user='antigravity' visible='true' version='1' changeset='1' lat='43.03628358' lon='-95.23925332' />
  <node id='11105' timestamp='2026-06-23T11:00:00Z' uid='1' user='antigravity' visible='true' version='1' changeset='1' lat='43.03628358' lon='-95.24589139' />
  <way id='-579' action='modify' visible='true'>
    <nd ref='-27163' />
    <nd ref='-27164' />
    <nd ref='-27165' />
    <nd ref='-27166' />
    <nd ref='-27163' />
    <tag k='landuse' v='farmland' />
    <tag k='name' v='Campo de Cultivo 82' />
  </way>
  <way id='-580' action='modify' visible='true'>
    <nd ref='-27167' />
    <nd ref='-27168' />
    <nd ref='-27169' />
    <nd ref='-27170' />
    <nd ref='-27167' />
    <tag k='landuse' v='farmland' />
    <tag k='name' v='Campo de Cultivo 83' />
  </way>
  <way id='-581' action='modify' visible='true'>
    <nd ref='-27171' />
    <nd ref='-27172' />
    <nd ref='-27173' />
    <nd ref='-27174' />
    <nd ref='-27171' />
    <tag k='landuse' v='farmland' />
    <tag k='name' v='Campo de Cultivo 84' />
  </way>
  <way id='-582' action='modify' visible='true'>
    <nd ref='-27175' />
    <nd ref='-27176' />
    <nd ref='-27177' />
    <nd ref='-27178' />
    <nd ref='-27175' />
    <tag k='landuse' v='farmland' />
    <tag k='name' v='Campo de Cultivo 85' />
  </way>
  <way id='-584' action='modify' visible='true'>
    <nd ref='-27183' />
    <nd ref='-27184' />
    <nd ref='-27185' />
    <nd ref='-27186' />
    <nd ref='-27183' />
    <tag k='landuse' v='farmyard' />
    <tag k='name' v='Bosque marginal 1' />
    <tag k='natural' v='wood' />
  </way>
  <way id='-585' action='modify' visible='true'>
    <nd ref='-27187' />
    <nd ref='-27188' />
    <nd ref='-27189' />
    <nd ref='-27190' />
    <nd ref='-27187' />
    <tag k='landuse' v='farmland' />
    <tag k='name' v='Campo de Cultivo 88' />
  </way>
  <way id='-587' action='modify' visible='true'>
    <nd ref='-27195' />
    <nd ref='-27196' />
    <nd ref='-27197' />
    <nd ref='-27198' />
    <nd ref='-27195' />
    <tag k='landuse' v='farmland' />
    <tag k='name' v='Campo de Cultivo 90' />
  </way>
  <way id='-589' action='modify' visible='true'>
    <nd ref='-27203' />
    <nd ref='-27204' />
    <nd ref='-27205' />
    <nd ref='-27206' />
    <nd ref='-27203' />
    <tag k='landuse' v='farmland' />
    <tag k='name' v='Campo de Cultivo 92' />
  </way>
  <way id='-590' action='modify' visible='true'>
    <nd ref='-27207' />
    <nd ref='-27208' />
    <nd ref='-27209' />
    <nd ref='-27210' />
    <nd ref='-27207' />
    <tag k='landuse' v='farmland' />
    <tag k='name' v='Campo de Cultivo 93' />
  </way>
  <way id='-592' action='modify' visible='true'>
    <nd ref='-27215' />
    <nd ref='-27216' />
    <nd ref='-27217' />
    <nd ref='-27218' />
    <nd ref='-27215' />
    <tag k='landuse' v='farmland' />
    <tag k='name' v='Campo de Cultivo 95' />
  </way>
  <way id='-593' action='modify' visible='true'>
    <nd ref='-27219' />
    <nd ref='-27220' />
    <nd ref='-27221' />
    <nd ref='-27222' />
    <nd ref='-27219' />
    <tag k='landuse' v='farmland' />
    <tag k='name' v='Campo de Cultivo 96' />
  </way>
  <way id='-594' action='modify' visible='true'>
    <nd ref='-27223' />
    <nd ref='-27224' />
    <nd ref='-27225' />
    <nd ref='-27226' />
    <nd ref='-27223' />
    <tag k='landuse' v='farmland' />
    <tag k='name' v='Campo de Cultivo 97' />
  </way>
  <way id='-595' action='modify' visible='true'>
    <nd ref='-27227' />
    <nd ref='-27228' />
    <nd ref='-27229' />
    <nd ref='-27230' />
    <nd ref='-27227' />
    <tag k='landuse' v='farmland' />
    <tag k='name' v='Campo de Cultivo 98' />
  </way>
  <way id='-596' action='modify' visible='true'>
    <nd ref='-27231' />
    <nd ref='-27232' />
    <nd ref='-27233' />
    <nd ref='-27234' />
    <nd ref='-27231' />
    <tag k='landuse' v='farmland' />
    <tag k='name' v='Campo de Cultivo 99' />
  </way>
  <way id='-597' action='modify' visible='true'>
    <nd ref='-27235' />
    <nd ref='-27236' />
    <nd ref='-27237' />
    <nd ref='-27238' />
    <nd ref='-27235' />
    <tag k='landuse' v='farmland' />
    <tag k='name' v='Campo de Cultivo 100' />
  </way>
  <way id='-598' action='modify' visible='true'>
    <nd ref='-27239' />
    <nd ref='-27240' />
    <nd ref='-27241' />
    <nd ref='-27242' />
    <nd ref='-27239' />
    <tag k='landuse' v='farmland' />
    <tag k='name' v='Campo de Cultivo 101' />
  </way>
  <way id='-599' action='modify' visible='true'>
    <nd ref='-27243' />
    <nd ref='-27244' />
    <nd ref='-27245' />
    <nd ref='-27246' />
    <nd ref='-27243' />
    <tag k='landuse' v='farmland' />
    <tag k='name' v='Campo de Cultivo 102' />
  </way>
  <way id='-601' action='modify' visible='true'>
    <nd ref='-27251' />
    <nd ref='-27252' />
    <nd ref='-27253' />
    <nd ref='-27254' />
    <nd ref='-27251' />
    <tag k='landuse' v='farmland' />
    <tag k='name' v='Campo de Cultivo 104' />
  </way>
  <way id='-602' action='modify' visible='true'>
    <nd ref='-27255' />
    <nd ref='-27256' />
    <nd ref='-27257' />
    <nd ref='-27258' />
    <nd ref='-27255' />
    <tag k='landuse' v='farmyard' />
    <tag k='leaf_type' v='broadleaved' />
    <tag k='natural' v='wood' />
  </way>
  <way id='-604' action='modify' visible='true'>
    <nd ref='-27263' />
    <nd ref='-27264' />
    <nd ref='-27265' />
    <nd ref='-27266' />
    <nd ref='-27263' />
    <tag k='landuse' v='farmland' />
    <tag k='name' v='Campo de Cultivo 107' />
  </way>
  <way id='-608' action='modify' visible='true'>
    <nd ref='-27279' />
    <nd ref='-27280' />
    <nd ref='-27281' />
    <nd ref='-27282' />
    <nd ref='-27279' />
    <tag k='landuse' v='farmland' />
    <tag k='name' v='Campo de Cultivo 111' />
  </way>
  <way id='-613' action='modify' visible='true'>
    <nd ref='-27307' />
    <nd ref='-27308' />
    <nd ref='-27309' />
    <nd ref='-27310' />
    <nd ref='-27307' />
    <tag k='landuse' v='farmland' />
    <tag k='name' v='Campo de Cultivo 118' />
  </way>
  <way id='-614' action='modify' visible='true'>
    <nd ref='-27311' />
    <nd ref='-27312' />
    <nd ref='-27313' />
    <nd ref='-27314' />
    <nd ref='-27311' />
    <tag k='landuse' v='farmland' />
    <tag k='name' v='Campo de Cultivo 119' />
  </way>
  <way id='-617' action='modify' visible='true'>
    <nd ref='-27323' />
    <nd ref='-27324' />
    <nd ref='-27325' />
    <nd ref='-27326' />
    <nd ref='-27323' />
    <tag k='landuse' v='farmland' />
    <tag k='name' v='Campo de Cultivo 122' />
  </way>
  <way id='-618' action='modify' visible='true'>
    <nd ref='-27327' />
    <nd ref='-27328' />
    <nd ref='-27329' />
    <nd ref='-27330' />
    <nd ref='-27327' />
    <tag k='landuse' v='farmland' />
    <tag k='name' v='Campo de Cultivo 123' />
  </way>
  <way id='-622' action='modify' visible='true'>
    <nd ref='-27343' />
    <nd ref='-27344' />
    <nd ref='-27345' />
    <nd ref='-27346' />
    <nd ref='-27343' />
    <tag k='landuse' v='farmland' />
    <tag k='name' v='Campo de Cultivo 127' />
  </way>
  <way id='-624' action='modify' visible='true'>
    <nd ref='-27351' />
    <nd ref='-27352' />
    <nd ref='-27353' />
    <nd ref='-27354' />
    <nd ref='-27351' />
    <tag k='landuse' v='farmland' />
    <tag k='name' v='Campo de Cultivo 129' />
  </way>
  <way id='-625' action='modify' visible='true'>
    <nd ref='-27355' />
    <nd ref='-27356' />
    <nd ref='-27357' />
    <nd ref='-27358' />
    <nd ref='-27355' />
    <tag k='landuse' v='farmland' />
    <tag k='name' v='Campo de Cultivo 130' />
  </way>
  <way id='-629' action='modify' visible='true'>
    <nd ref='-27379' />
    <nd ref='-27380' />
    <nd ref='-27381' />
    <nd ref='-27382' />
    <nd ref='-27379' />
    <tag k='landuse' v='farmland' />
    <tag k='name' v='Campo de Cultivo 136' />
  </way>
  <way id='-634' action='modify' visible='true'>
    <nd ref='-27407' />
    <nd ref='-27408' />
    <nd ref='-27409' />
    <nd ref='-27410' />
    <nd ref='-27407' />
    <tag k='landuse' v='farmland' />
    <tag k='name' v='Campo de Cultivo 143' />
  </way>
  <way id='-635' action='modify' visible='true'>
    <nd ref='-27411' />
    <nd ref='-27412' />
    <nd ref='-27413' />
    <nd ref='-27414' />
    <nd ref='-27411' />
    <tag k='landuse' v='farmland' />
    <tag k='name' v='Campo de Cultivo 144' />
  </way>
  <way id='-751' action='modify' visible='true'>
    <nd ref='-28088' />
    <nd ref='-28089' />
    <nd ref='-28090' />
    <nd ref='-28091' />
    <nd ref='-28088' />
    <tag k='landuse' v='farmland' />
  </way>
  <way id='1' timestamp='2026-06-23T11:00:00Z' uid='1' user='antigravity' visible='true' version='1' changeset='1'>
    <nd ref='1' />
    <nd ref='2' />
    <nd ref='3' />
    <nd ref='4' />
    <nd ref='5' />
    <nd ref='6' />
    <nd ref='7' />
    <nd ref='8' />
    <nd ref='9' />
    <nd ref='10' />
    <nd ref='11' />
    <nd ref='12' />
    <nd ref='13' />
    <tag k='highway' v='primary' />
    <tag k='name' v='Autopista del Norte' />
    <tag k='surface' v='asphalt' />
  </way>
  <way id='2' timestamp='2026-06-23T11:00:00Z' uid='1' user='antigravity' visible='true' version='1' changeset='1'>
    <nd ref='14' />
    <nd ref='15' />
    <nd ref='16' />
    <nd ref='17' />
    <nd ref='18' />
    <nd ref='19' />
    <nd ref='20' />
    <nd ref='21' />
    <nd ref='22' />
    <nd ref='23' />
    <nd ref='24' />
    <nd ref='25' />
    <nd ref='26' />
    <tag k='highway' v='primary' />
    <tag k='name' v='Autopista del Sur' />
    <tag k='surface' v='asphalt' />
  </way>
  <way id='3' timestamp='2026-06-23T11:00:00Z' uid='1' user='antigravity' visible='true' version='1' changeset='1'>
    <nd ref='11' />
    <nd ref='27' />
    <nd ref='28' />
    <nd ref='29' />
    <nd ref='30' />
    <nd ref='31' />
    <nd ref='32' />
    <nd ref='33' />
    <nd ref='34' />
    <nd ref='35' />
    <nd ref='36' />
    <nd ref='37' />
    <nd ref='38' />
    <nd ref='39' />
    <nd ref='40' />
    <nd ref='41' />
    <nd ref='42' />
    <nd ref='43' />
    <nd ref='44' />
    <nd ref='45' />
    <nd ref='46' />
    <nd ref='47' />
    <nd ref='48' />
    <nd ref='49' />
    <nd ref='50' />
    <nd ref='51' />
    <nd ref='52' />
    <nd ref='53' />
    <nd ref='54' />
    <nd ref='55' />
    <nd ref='56' />
    <nd ref='57' />
    <nd ref='58' />
    <nd ref='59' />
    <nd ref='60' />
    <nd ref='61' />
    <nd ref='62' />
    <nd ref='63' />
    <nd ref='64' />
    <nd ref='65' />
    <nd ref='66' />
    <nd ref='67' />
    <nd ref='68' />
    <nd ref='69' />
    <nd ref='70' />
    <nd ref='71' />
    <nd ref='19' />
    <tag k='highway' v='primary' />
    <tag k='name' v='Camino de la Montana' />
    <tag k='surface' v='asphalt' />
  </way>
  <way id='4' action='modify' timestamp='2026-06-23T11:00:00Z' uid='1' user='antigravity' visible='true' version='1' changeset='1'>
    <nd ref='72' />
    <nd ref='73' />
    <nd ref='74' />
    <nd ref='75' />
    <nd ref='76' />
    <nd ref='77' />
    <nd ref='78' />
    <nd ref='79' />
    <nd ref='80' />
    <nd ref='81' />
    <nd ref='82' />
    <nd ref='83' />
    <nd ref='84' />
    <nd ref='85' />
    <nd ref='86' />
    <nd ref='87' />
    <nd ref='88' />
    <nd ref='89' />
    <nd ref='90' />
    <nd ref='91' />
    <nd ref='92' />
    <nd ref='93' />
    <nd ref='94' />
    <nd ref='95' />
    <nd ref='96' />
    <nd ref='97' />
    <nd ref='98' />
    <nd ref='99' />
    <nd ref='100' />
    <nd ref='101' />
    <nd ref='102' />
    <nd ref='103' />
    <nd ref='104' />
    <nd ref='105' />
    <nd ref='106' />
    <nd ref='107' />
    <nd ref='108' />
    <nd ref='109' />
    <nd ref='110' />
    <nd ref='136' />
    <nd ref='137' />
    <nd ref='138' />
    <nd ref='139' />
    <nd ref='140' />
    <nd ref='141' />
    <nd ref='142' />
    <nd ref='-27511' />
    <nd ref='-27534' />
    <nd ref='-27544' />
    <nd ref='158' />
    <nd ref='-27564' />
    <nd ref='163' />
    <nd ref='164' />
    <nd ref='165' />
    <nd ref='166' />
    <nd ref='181' />
    <nd ref='182' />
    <nd ref='183' />
    <nd ref='184' />
    <nd ref='185' />
    <nd ref='186' />
    <nd ref='187' />
    <nd ref='188' />
    <nd ref='189' />
    <nd ref='190' />
    <nd ref='191' />
    <nd ref='192' />
    <nd ref='193' />
    <nd ref='200' />
    <nd ref='201' />
    <nd ref='202' />
    <nd ref='203' />
    <nd ref='204' />
    <nd ref='205' />
    <nd ref='206' />
    <nd ref='207' />
    <nd ref='-28126' />
    <nd ref='208' />
    <nd ref='237' />
    <nd ref='238' />
    <nd ref='253' />
    <nd ref='-28086' />
    <nd ref='265' />
    <nd ref='266' />
    <nd ref='267' />
    <nd ref='268' />
    <nd ref='269' />
    <nd ref='270' />
    <nd ref='271' />
    <nd ref='272' />
    <nd ref='273' />
    <nd ref='274' />
    <nd ref='275' />
    <nd ref='276' />
    <nd ref='277' />
    <nd ref='278' />
    <nd ref='279' />
    <nd ref='280' />
    <nd ref='281' />
    <nd ref='282' />
    <nd ref='283' />
    <nd ref='284' />
    <nd ref='285' />
    <nd ref='286' />
    <nd ref='287' />
    <nd ref='288' />
    <nd ref='289' />
    <nd ref='290' />
    <nd ref='291' />
    <nd ref='292' />
    <nd ref='293' />
    <nd ref='294' />
    <nd ref='295' />
    <nd ref='296' />
    <nd ref='297' />
    <nd ref='298' />
    <nd ref='299' />
    <nd ref='300' />
    <nd ref='301' />
    <nd ref='302' />
    <nd ref='303' />
    <nd ref='304' />
    <nd ref='305' />
    <nd ref='306' />
    <nd ref='307' />
    <nd ref='308' />
    <nd ref='309' />
    <nd ref='310' />
    <nd ref='311' />
    <nd ref='312' />
    <nd ref='313' />
    <nd ref='314' />
    <nd ref='315' />
    <nd ref='316' />
    <nd ref='317' />
    <nd ref='318' />
    <nd ref='319' />
    <nd ref='320' />
    <nd ref='321' />
    <nd ref='322' />
    <nd ref='323' />
    <nd ref='324' />
    <nd ref='325' />
    <nd ref='326' />
    <nd ref='327' />
    <nd ref='328' />
    <nd ref='329' />
    <nd ref='330' />
    <nd ref='331' />
    <nd ref='332' />
    <nd ref='333' />
    <nd ref='334' />
    <nd ref='335' />
    <nd ref='336' />
    <nd ref='337' />
    <nd ref='338' />
    <nd ref='339' />
    <nd ref='340' />
    <nd ref='341' />
    <nd ref='342' />
    <nd ref='343' />
    <nd ref='344' />
    <nd ref='345' />
    <nd ref='346' />
    <nd ref='347' />
    <nd ref='348' />
    <nd ref='349' />
    <nd ref='350' />
    <nd ref='351' />
    <nd ref='352' />
    <nd ref='353' />
    <nd ref='354' />
    <nd ref='355' />
    <nd ref='356' />
    <nd ref='357' />
    <nd ref='358' />
    <nd ref='359' />
    <nd ref='360' />
    <nd ref='361' />
    <nd ref='362' />
    <nd ref='363' />
    <nd ref='364' />
    <nd ref='365' />
    <nd ref='366' />
    <nd ref='367' />
    <nd ref='368' />
    <nd ref='369' />
    <nd ref='370' />
    <nd ref='371' />
    <nd ref='372' />
    <nd ref='373' />
    <nd ref='374' />
    <nd ref='375' />
    <nd ref='376' />
    <nd ref='377' />
    <nd ref='378' />
    <nd ref='379' />
    <nd ref='380' />
    <nd ref='381' />
    <nd ref='382' />
    <nd ref='383' />
    <nd ref='384' />
    <nd ref='385' />
    <nd ref='386' />
    <nd ref='387' />
    <nd ref='388' />
    <nd ref='389' />
    <nd ref='390' />
    <nd ref='391' />
    <nd ref='392' />
    <nd ref='393' />
    <nd ref='394' />
    <nd ref='395' />
    <nd ref='72' />
    <tag k='landuse' v='farmyard' />
    <tag k='name' v='Bosque de Montana 1' />
    <tag k='natural' v='wood' />
  </way>
  <way id='5' action='modify' timestamp='2026-06-23T11:00:00Z' uid='1' user='antigravity' visible='true' version='1' changeset='1'>
    <nd ref='397' />
    <nd ref='398' />
    <nd ref='399' />
    <nd ref='400' />
    <nd ref='401' />
    <nd ref='402' />
    <nd ref='403' />
    <nd ref='404' />
    <nd ref='405' />
    <nd ref='-27861' />
    <nd ref='422' />
    <nd ref='-27871' />
    <nd ref='424' />
    <nd ref='425' />
    <nd ref='-27955' />
    <nd ref='454' />
    <nd ref='455' />
    <nd ref='456' />
    <nd ref='457' />
    <nd ref='-28032' />
    <nd ref='474' />
    <nd ref='-28022' />
    <nd ref='475' />
    <nd ref='476' />
    <nd ref='477' />
    <nd ref='478' />
    <nd ref='479' />
    <nd ref='480' />
    <nd ref='481' />
    <nd ref='-27635' />
    <nd ref='-27655' />
    <nd ref='-27676' />
    <nd ref='506' />
    <nd ref='-27700' />
    <nd ref='510' />
    <nd ref='513' />
    <nd ref='-27776' />
    <nd ref='-27789' />
    <nd ref='522' />
    <nd ref='-27807' />
    <nd ref='397' />
    <tag k='landuse' v='farmyard' />
    <tag k='name' v='Bosque de Montana 2' />
    <tag k='natural' v='wood' />
  </way>
  <way id='6' timestamp='2026-06-23T11:00:00Z' uid='1' user='antigravity' visible='true' version='1' changeset='1'>
    <nd ref='531' />
    <nd ref='532' />
    <nd ref='533' />
    <nd ref='534' />
    <nd ref='531' />
    <tag k='landuse' v='farmyard' />
    <tag k='name' v='Zona Construible 1' />
  </way>
  <way id='7' timestamp='2026-06-23T11:00:00Z' uid='1' user='antigravity' visible='true' version='1' changeset='1'>
    <nd ref='535' />
    <nd ref='536' />
    <nd ref='537' />
    <nd ref='538' />
    <nd ref='535' />
    <tag k='landuse' v='farmyard' />
    <tag k='name' v='Zona Construible 2' />
  </way>
  <way id='8' timestamp='2026-06-23T11:00:00Z' uid='1' user='antigravity' visible='true' version='1' changeset='1'>
    <nd ref='539' />
    <nd ref='540' />
    <nd ref='541' />
    <nd ref='542' />
    <nd ref='539' />
    <tag k='landuse' v='farmyard' />
    <tag k='name' v='Zona Construible 3' />
  </way>
  <way id='9' timestamp='2026-06-23T11:00:00Z' uid='1' user='antigravity' visible='true' version='1' changeset='1'>
    <nd ref='543' />
    <nd ref='544' />
    <nd ref='545' />
    <nd ref='546' />
    <nd ref='543' />
    <tag k='landuse' v='farmyard' />
    <tag k='name' v='Zona Construible 4' />
  </way>
  <way id='10' timestamp='2026-06-23T11:00:00Z' uid='1' user='antigravity' visible='true' version='1' changeset='1'>
    <nd ref='547' />
    <nd ref='548' />
    <nd ref='549' />
    <nd ref='550' />
    <nd ref='547' />
    <tag k='landuse' v='farmyard' />
    <tag k='name' v='Zona Construible 5' />
  </way>
  <way id='11' timestamp='2026-06-23T11:00:00Z' uid='1' user='antigravity' visible='true' version='1' changeset='1'>
    <nd ref='551' />
    <nd ref='552' />
    <nd ref='553' />
    <nd ref='554' />
    <nd ref='551' />
    <tag k='landuse' v='farmyard' />
    <tag k='name' v='Zona Construible 6' />
  </way>
  <way id='12' timestamp='2026-06-23T11:00:00Z' uid='1' user='antigravity' visible='true' version='1' changeset='1'>
    <nd ref='555' />
    <nd ref='556' />
    <nd ref='557' />
    <nd ref='558' />
    <nd ref='559' />
    <nd ref='2' />
    <tag k='highway' v='secondary' />
    <tag k='name' v='Calle Pueblo Vertical 850' />
    <tag k='surface' v='asphalt' />
  </way>
  <way id='13' timestamp='2026-06-23T11:00:00Z' uid='1' user='antigravity' visible='true' version='1' changeset='1'>
    <nd ref='560' />
    <nd ref='561' />
    <nd ref='562' />
    <nd ref='563' />
    <nd ref='564' />
    <nd ref='3' />
    <tag k='highway' v='secondary' />
    <tag k='name' v='Calle Pueblo Vertical 950' />
    <tag k='surface' v='asphalt' />
  </way>
  <way id='14' timestamp='2026-06-23T11:00:00Z' uid='1' user='antigravity' visible='true' version='1' changeset='1'>
    <nd ref='565' />
    <nd ref='566' />
    <nd ref='567' />
    <nd ref='568' />
    <nd ref='569' />
    <nd ref='4' />
    <tag k='highway' v='secondary' />
    <tag k='name' v='Calle Pueblo Vertical 1050' />
    <tag k='surface' v='asphalt' />
  </way>
  <way id='15' timestamp='2026-06-23T11:00:00Z' uid='1' user='antigravity' visible='true' version='1' changeset='1'>
    <nd ref='570' />
    <nd ref='571' />
    <nd ref='572' />
    <nd ref='573' />
    <nd ref='574' />
    <nd ref='5' />
    <tag k='highway' v='secondary' />
    <tag k='name' v='Calle Pueblo Vertical 1150' />
    <tag k='surface' v='asphalt' />
  </way>
  <way id='16' timestamp='2026-06-23T11:00:00Z' uid='1' user='antigravity' visible='true' version='1' changeset='1'>
    <nd ref='575' />
    <nd ref='576' />
    <nd ref='577' />
    <nd ref='578' />
    <nd ref='579' />
    <nd ref='6' />
    <tag k='highway' v='secondary' />
    <tag k='name' v='Calle Pueblo Vertical 1250' />
    <tag k='surface' v='asphalt' />
  </way>
  <way id='17' timestamp='2026-06-23T11:00:00Z' uid='1' user='antigravity' visible='true' version='1' changeset='1'>
    <nd ref='580' />
    <nd ref='581' />
    <nd ref='582' />
    <nd ref='583' />
    <nd ref='584' />
    <nd ref='7' />
    <tag k='highway' v='secondary' />
    <tag k='name' v='Calle Pueblo Vertical 1350' />
    <tag k='surface' v='asphalt' />
  </way>
  <way id='18' timestamp='2026-06-23T11:00:00Z' uid='1' user='antigravity' visible='true' version='1' changeset='1'>
    <nd ref='555' />
    <nd ref='560' />
    <nd ref='565' />
    <nd ref='570' />
    <nd ref='575' />
    <nd ref='580' />
    <tag k='highway' v='secondary' />
    <tag k='name' v='Calle Pueblo Horizontal 930' />
    <tag k='surface' v='asphalt' />
  </way>
  <way id='19' timestamp='2026-06-23T11:00:00Z' uid='1' user='antigravity' visible='true' version='1' changeset='1'>
    <nd ref='556' />
    <nd ref='561' />
    <nd ref='566' />
    <nd ref='571' />
    <nd ref='576' />
    <nd ref='581' />
    <tag k='highway' v='secondary' />
    <tag k='name' v='Calle Pueblo Horizontal 1030' />
    <tag k='surface' v='asphalt' />
  </way>
  <way id='20' timestamp='2026-06-23T11:00:00Z' uid='1' user='antigravity' visible='true' version='1' changeset='1'>
    <nd ref='557' />
    <nd ref='562' />
    <nd ref='567' />
    <nd ref='572' />
    <nd ref='577' />
    <nd ref='582' />
    <tag k='highway' v='secondary' />
    <tag k='name' v='Calle Pueblo Horizontal 1130' />
    <tag k='surface' v='asphalt' />
  </way>
  <way id='21' timestamp='2026-06-23T11:00:00Z' uid='1' user='antigravity' visible='true' version='1' changeset='1'>
    <nd ref='558' />
    <nd ref='563' />
    <nd ref='568' />
    <nd ref='573' />
    <nd ref='578' />
    <nd ref='583' />
    <tag k='highway' v='secondary' />
    <tag k='name' v='Calle Pueblo Horizontal 1230' />
    <tag k='surface' v='asphalt' />
  </way>
  <way id='22' timestamp='2026-06-23T11:00:00Z' uid='1' user='antigravity' visible='true' version='1' changeset='1'>
    <nd ref='559' />
    <nd ref='564' />
    <nd ref='569' />
    <nd ref='574' />
    <nd ref='579' />
    <nd ref='584' />
    <tag k='highway' v='secondary' />
    <tag k='name' v='Calle Pueblo Horizontal 1330' />
    <tag k='surface' v='asphalt' />
  </way>
  <way id='23' timestamp='2026-06-23T11:00:00Z' uid='1' user='antigravity' visible='true' version='1' changeset='1'>
    <nd ref='2' />
    <nd ref='3' />
    <nd ref='4' />
    <nd ref='5' />
    <nd ref='6' />
    <nd ref='7' />
    <tag k='highway' v='secondary' />
    <tag k='name' v='Calle Pueblo Horizontal 1430' />
    <tag k='surface' v='asphalt' />
  </way>
  <way id='24' action='delete' timestamp='2026-06-23T11:00:00Z' uid='1' user='antigravity' visible='true' version='1' changeset='1'>
    <tag k='highway' v='track' />
    <tag k='name' v='Camino de Terraceria 1' />
    <tag k='surface' v='dirt' />
  </way>
  <way id='25' action='delete' timestamp='2026-06-23T11:00:00Z' uid='1' user='antigravity' visible='true' version='1' changeset='1'>
    <tag k='highway' v='track' />
    <tag k='name' v='Camino de Terraceria 2' />
    <tag k='surface' v='dirt' />
  </way>
  <way id='26' action='delete' timestamp='2026-06-23T11:00:00Z' uid='1' user='antigravity' visible='true' version='1' changeset='1'>
    <tag k='highway' v='track' />
    <tag k='name' v='Camino de Terraceria 3' />
    <tag k='surface' v='dirt' />
  </way>
  <way id='27' timestamp='2026-06-23T11:00:00Z' uid='1' user='antigravity' visible='true' version='1' changeset='1'>
    <nd ref='1443' />
    <nd ref='1689' />
    <tag k='highway' v='track' />
    <tag k='name' v='Camino de Terraceria 4' />
    <tag k='surface' v='dirt' />
  </way>
  <way id='28' timestamp='2026-06-23T11:00:00Z' uid='1' user='antigravity' visible='true' version='1' changeset='1'>
    <nd ref='1690' />
    <nd ref='1916' />
    <tag k='highway' v='track' />
    <tag k='name' v='Camino de Terraceria 5' />
    <tag k='surface' v='dirt' />
  </way>
  <way id='29' timestamp='2026-06-23T11:00:00Z' uid='1' user='antigravity' visible='true' version='1' changeset='1'>
    <nd ref='1917' />
    <nd ref='2009' />
    <tag k='highway' v='track' />
    <tag k='name' v='Camino de Terraceria 6' />
    <tag k='surface' v='dirt' />
  </way>
  <way id='30' action='delete' timestamp='2026-06-23T11:00:00Z' uid='1' user='antigravity' visible='true' version='1' changeset='1'>
    <tag k='highway' v='track' />
    <tag k='name' v='Camino de Terraceria 7' />
    <tag k='surface' v='dirt' />
  </way>
  <way id='31' timestamp='2026-06-23T11:00:00Z' uid='1' user='antigravity' visible='true' version='1' changeset='1'>
    <nd ref='2102' />
    <nd ref='8' />
    <tag k='highway' v='track' />
    <tag k='name' v='Camino de Terraceria 8' />
    <tag k='surface' v='dirt' />
  </way>
  <way id='32' timestamp='2026-06-23T11:00:00Z' uid='1' user='antigravity' visible='true' version='1' changeset='1'>
    <nd ref='2251' />
    <nd ref='9' />
    <tag k='highway' v='track' />
    <tag k='name' v='Camino de Terraceria 9' />
    <tag k='surface' v='dirt' />
  </way>
  <way id='33' timestamp='2026-06-23T11:00:00Z' uid='1' user='antigravity' visible='true' version='1' changeset='1'>
    <nd ref='2400' />
    <nd ref='2491' />
    <tag k='highway' v='track' />
    <tag k='name' v='Camino de Terraceria 10' />
    <tag k='surface' v='dirt' />
  </way>
  <way id='34' timestamp='2026-06-23T11:00:00Z' uid='1' user='antigravity' visible='true' version='1' changeset='1'>
    <nd ref='2492' />
    <nd ref='10' />
    <tag k='highway' v='track' />
    <tag k='name' v='Camino de Terraceria 11' />
    <tag k='surface' v='dirt' />
  </way>
  <way id='35' timestamp='2026-06-23T11:00:00Z' uid='1' user='antigravity' visible='true' version='1' changeset='1'>
    <nd ref='2641' />
    <nd ref='12' />
    <tag k='highway' v='track' />
    <tag k='name' v='Camino de Terraceria 12' />
    <tag k='surface' v='dirt' />
  </way>
  <way id='36' timestamp='2026-06-23T11:00:00Z' uid='1' user='antigravity' visible='true' version='1' changeset='1'>
    <nd ref='2790' />
    <nd ref='2881' />
    <tag k='highway' v='track' />
    <tag k='name' v='Camino de Terraceria 13' />
    <tag k='surface' v='dirt' />
  </way>
  <way id='37' timestamp='2026-06-23T11:00:00Z' uid='1' user='antigravity' visible='true' version='1' changeset='1'>
    <nd ref='2882' />
    <nd ref='32' />
    <tag k='highway' v='track' />
    <tag k='name' v='Camino de Terraceria 14' />
    <tag k='surface' v='dirt' />
  </way>
  <way id='38' timestamp='2026-06-23T11:00:00Z' uid='1' user='antigravity' visible='true' version='1' changeset='1'>
    <nd ref='32' />
    <nd ref='3672' />
    <tag k='highway' v='track' />
    <tag k='name' v='Camino de Terraceria 15' />
    <tag k='surface' v='dirt' />
  </way>
  <way id='39' timestamp='2026-06-23T11:00:00Z' uid='1' user='antigravity' visible='true' version='1' changeset='1'>
    <nd ref='3673' />
    <nd ref='37' />
    <tag k='highway' v='track' />
    <tag k='name' v='Camino de Terraceria 16' />
    <tag k='surface' v='dirt' />
  </way>
  <way id='40' timestamp='2026-06-23T11:00:00Z' uid='1' user='antigravity' visible='true' version='1' changeset='1'>
    <nd ref='37' />
    <nd ref='4271' />
    <tag k='highway' v='track' />
    <tag k='name' v='Camino de Terraceria 17' />
    <tag k='surface' v='dirt' />
  </way>
  <way id='41' timestamp='2026-06-23T11:00:00Z' uid='1' user='antigravity' visible='true' version='1' changeset='1'>
    <nd ref='4272' />
    <nd ref='43' />
    <tag k='highway' v='track' />
    <tag k='name' v='Camino de Terraceria 18' />
    <tag k='surface' v='dirt' />
  </way>
  <way id='42' action='delete' timestamp='2026-06-23T11:00:00Z' uid='1' user='antigravity' visible='true' version='1' changeset='1'>
    <tag k='highway' v='track' />
    <tag k='name' v='Camino de Terraceria 19' />
    <tag k='surface' v='dirt' />
  </way>
  <way id='43' action='delete' timestamp='2026-06-23T11:00:00Z' uid='1' user='antigravity' visible='true' version='1' changeset='1'>
    <tag k='highway' v='track' />
    <tag k='name' v='Camino de Terraceria 20' />
    <tag k='surface' v='dirt' />
  </way>
  <way id='44' action='delete' timestamp='2026-06-23T11:00:00Z' uid='1' user='antigravity' visible='true' version='1' changeset='1'>
    <tag k='highway' v='track' />
    <tag k='name' v='Camino de Terraceria 21' />
    <tag k='surface' v='dirt' />
  </way>
  <way id='45' action='delete' timestamp='2026-06-23T11:00:00Z' uid='1' user='antigravity' visible='true' version='1' changeset='1'>
    <tag k='highway' v='track' />
    <tag k='name' v='Camino de Terraceria 22' />
    <tag k='surface' v='dirt' />
  </way>
  <way id='46' action='delete' timestamp='2026-06-23T11:00:00Z' uid='1' user='antigravity' visible='true' version='1' changeset='1'>
    <tag k='highway' v='track' />
    <tag k='name' v='Camino de Terraceria 23' />
    <tag k='surface' v='dirt' />
  </way>
  <way id='47' action='delete' timestamp='2026-06-23T11:00:00Z' uid='1' user='antigravity' visible='true' version='1' changeset='1'>
    <tag k='highway' v='track' />
    <tag k='name' v='Camino de Terraceria 24' />
    <tag k='surface' v='dirt' />
  </way>
  <way id='48' timestamp='2026-06-23T11:00:00Z' uid='1' user='antigravity' visible='true' version='1' changeset='1'>
    <nd ref='5047' />
    <nd ref='66' />
    <tag k='highway' v='track' />
    <tag k='name' v='Camino de Terraceria 25' />
    <tag k='surface' v='dirt' />
  </way>
  <way id='49' timestamp='2026-06-23T11:00:00Z' uid='1' user='antigravity' visible='true' version='1' changeset='1'>
    <nd ref='66' />
    <nd ref='5838' />
    <tag k='highway' v='track' />
    <tag k='name' v='Camino de Terraceria 26' />
    <tag k='surface' v='dirt' />
  </way>
  <way id='50' timestamp='2026-06-23T11:00:00Z' uid='1' user='antigravity' visible='true' version='1' changeset='1'>
    <nd ref='5839' />
    <nd ref='5888' />
    <tag k='highway' v='track' />
    <tag k='name' v='Camino de Terraceria 27' />
    <tag k='surface' v='dirt' />
  </way>
  <way id='51' timestamp='2026-06-23T11:00:00Z' uid='1' user='antigravity' visible='true' version='1' changeset='1'>
    <nd ref='5889' />
    <nd ref='5938' />
    <tag k='highway' v='track' />
    <tag k='name' v='Camino de Terraceria 28' />
    <tag k='surface' v='dirt' />
  </way>
  <way id='52' timestamp='2026-06-23T11:00:00Z' uid='1' user='antigravity' visible='true' version='1' changeset='1'>
    <nd ref='5888' />
    <nd ref='5987' />
    <tag k='highway' v='track' />
    <tag k='name' v='Camino de Terraceria 29' />
    <tag k='surface' v='dirt' />
  </way>
  <way id='53' action='delete' timestamp='2026-06-23T11:00:00Z' uid='1' user='antigravity' visible='true' version='1' changeset='1'>
    <tag k='highway' v='track' />
    <tag k='name' v='Camino de Terraceria 30' />
    <tag k='surface' v='dirt' />
  </way>
  <way id='54' action='delete' timestamp='2026-06-23T11:00:00Z' uid='1' user='antigravity' visible='true' version='1' changeset='1'>
    <tag k='highway' v='track' />
    <tag k='name' v='Camino de Terraceria 31' />
    <tag k='surface' v='dirt' />
  </way>
  <way id='55' action='delete' timestamp='2026-06-23T11:00:00Z' uid='1' user='antigravity' visible='true' version='1' changeset='1'>
    <tag k='highway' v='track' />
    <tag k='name' v='Camino de Terraceria 32' />
    <tag k='surface' v='dirt' />
  </way>
  <way id='56' action='delete' timestamp='2026-06-23T11:00:00Z' uid='1' user='antigravity' visible='true' version='1' changeset='1'>
    <tag k='highway' v='track' />
    <tag k='name' v='Camino de Terraceria 33' />
    <tag k='surface' v='dirt' />
  </way>
  <way id='57' action='delete' timestamp='2026-06-23T11:00:00Z' uid='1' user='antigravity' visible='true' version='1' changeset='1'>
    <tag k='highway' v='track' />
    <tag k='name' v='Camino de Terraceria 34' />
    <tag k='surface' v='dirt' />
  </way>
  <way id='58' action='delete' timestamp='2026-06-23T11:00:00Z' uid='1' user='antigravity' visible='true' version='1' changeset='1'>
    <tag k='highway' v='track' />
    <tag k='name' v='Camino de Terraceria 35' />
    <tag k='surface' v='dirt' />
  </way>
  <way id='59' action='delete' timestamp='2026-06-23T11:00:00Z' uid='1' user='antigravity' visible='true' version='1' changeset='1'>
    <tag k='highway' v='track' />
    <tag k='name' v='Camino de Terraceria 36' />
    <tag k='surface' v='dirt' />
  </way>
  <way id='60' action='delete' timestamp='2026-06-23T11:00:00Z' uid='1' user='antigravity' visible='true' version='1' changeset='1'>
    <tag k='highway' v='track' />
    <tag k='name' v='Camino de Terraceria 37' />
    <tag k='surface' v='dirt' />
  </way>
  <way id='61' action='delete' timestamp='2026-06-23T11:00:00Z' uid='1' user='antigravity' visible='true' version='1' changeset='1'>
    <tag k='highway' v='track' />
    <tag k='name' v='Camino de Terraceria 38' />
    <tag k='surface' v='dirt' />
  </way>
  <way id='62' action='delete' timestamp='2026-06-23T11:00:00Z' uid='1' user='antigravity' visible='true' version='1' changeset='1'>
    <tag k='highway' v='track' />
    <tag k='name' v='Camino de Terraceria 39' />
    <tag k='surface' v='dirt' />
  </way>
  <way id='63' action='delete' timestamp='2026-06-23T11:00:00Z' uid='1' user='antigravity' visible='true' version='1' changeset='1'>
    <tag k='highway' v='track' />
    <tag k='name' v='Camino de Terraceria 40' />
    <tag k='surface' v='dirt' />
  </way>
  <way id='64' action='delete' timestamp='2026-06-23T11:00:00Z' uid='1' user='antigravity' visible='true' version='1' changeset='1'>
    <tag k='highway' v='track' />
    <tag k='name' v='Camino de Terraceria 41' />
    <tag k='surface' v='dirt' />
  </way>
  <way id='65' timestamp='2026-06-23T11:00:00Z' uid='1' user='antigravity' visible='true' version='1' changeset='1'>
    <nd ref='6356' />
    <nd ref='6450' />
    <tag k='highway' v='track' />
    <tag k='name' v='Camino de Terraceria 42' />
    <tag k='surface' v='dirt' />
  </way>
  <way id='66' timestamp='2026-06-23T11:00:00Z' uid='1' user='antigravity' visible='true' version='1' changeset='1'>
    <nd ref='6401' />
    <nd ref='6499' />
    <tag k='highway' v='track' />
    <tag k='name' v='Camino de Terraceria 43' />
    <tag k='surface' v='dirt' />
  </way>
  <way id='67' timestamp='2026-06-23T11:00:00Z' uid='1' user='antigravity' visible='true' version='1' changeset='1'>
    <nd ref='6500' />
    <nd ref='6563' />
    <tag k='highway' v='track' />
    <tag k='name' v='Camino de Terraceria 44' />
    <tag k='surface' v='dirt' />
  </way>
  <way id='68' timestamp='2026-06-23T11:00:00Z' uid='1' user='antigravity' visible='true' version='1' changeset='1'>
    <nd ref='6564' />
    <nd ref='6790' />
    <tag k='highway' v='track' />
    <tag k='name' v='Camino de Terraceria 45' />
    <tag k='surface' v='dirt' />
  </way>
  <way id='69' timestamp='2026-06-23T11:00:00Z' uid='1' user='antigravity' visible='true' version='1' changeset='1'>
    <nd ref='6791' />
    <nd ref='6997' />
    <tag k='highway' v='track' />
    <tag k='name' v='Camino de Terraceria 46' />
    <tag k='surface' v='dirt' />
  </way>
  <way id='70' timestamp='2026-06-23T11:00:00Z' uid='1' user='antigravity' visible='true' version='1' changeset='1'>
    <nd ref='6998' />
    <nd ref='7080' />
    <tag k='highway' v='track' />
    <tag k='name' v='Camino de Terraceria 47' />
    <tag k='surface' v='dirt' />
  </way>
  <way id='71' timestamp='2026-06-23T11:00:00Z' uid='1' user='antigravity' visible='true' version='1' changeset='1'>
    <nd ref='7081' />
    <nd ref='7144' />
    <tag k='highway' v='track' />
    <tag k='name' v='Camino de Terraceria 48' />
    <tag k='surface' v='dirt' />
  </way>
  <way id='72' timestamp='2026-06-23T11:00:00Z' uid='1' user='antigravity' visible='true' version='1' changeset='1'>
    <nd ref='7145' />
    <nd ref='7371' />
    <tag k='highway' v='track' />
    <tag k='name' v='Camino de Terraceria 49' />
    <tag k='surface' v='dirt' />
  </way>
  <way id='73' timestamp='2026-06-23T11:00:00Z' uid='1' user='antigravity' visible='true' version='1' changeset='1'>
    <nd ref='7372' />
    <nd ref='7578' />
    <tag k='highway' v='track' />
    <tag k='name' v='Camino de Terraceria 50' />
    <tag k='surface' v='dirt' />
  </way>
  <way id='74' timestamp='2026-06-23T11:00:00Z' uid='1' user='antigravity' visible='true' version='1' changeset='1'>
    <nd ref='7579' />
    <nd ref='7661' />
    <tag k='highway' v='track' />
    <tag k='name' v='Camino de Terraceria 51' />
    <tag k='surface' v='dirt' />
  </way>
  <way id='75' action='modify' timestamp='2026-06-23T11:00:00Z' uid='1' user='antigravity' visible='true' version='1' changeset='1'>
    <nd ref='7662' />
    <nd ref='8347' />
    <tag k='highway' v='track' />
    <tag k='name' v='Camino de Terraceria 52' />
    <tag k='surface' v='dirt' />
  </way>
  <way id='76' action='modify' timestamp='2026-06-23T11:00:00Z' uid='1' user='antigravity' visible='true' version='1' changeset='1'>
    <nd ref='8388' />
    <nd ref='-27162' />
    <tag k='highway' v='track' />
    <tag k='name' v='Camino de Terraceria 53' />
    <tag k='surface' v='dirt' />
  </way>
  <way id='77' action='delete' timestamp='2026-06-23T11:00:00Z' uid='1' user='antigravity' visible='true' version='1' changeset='1'>
    <tag k='highway' v='track' />
    <tag k='name' v='Camino de Terraceria 54' />
    <tag k='surface' v='dirt' />
  </way>
  <way id='78' timestamp='2026-06-23T11:00:00Z' uid='1' user='antigravity' visible='true' version='1' changeset='1'>
    <nd ref='15' />
    <nd ref='9319' />
    <tag k='highway' v='track' />
    <tag k='name' v='Camino de Terraceria 55' />
    <tag k='surface' v='dirt' />
  </way>
  <way id='79' timestamp='2026-06-23T11:00:00Z' uid='1' user='antigravity' visible='true' version='1' changeset='1'>
    <nd ref='9320' />
    <nd ref='9388' />
    <tag k='highway' v='track' />
    <tag k='name' v='Camino de Terraceria 56' />
    <tag k='surface' v='dirt' />
  </way>
  <way id='80' timestamp='2026-06-23T11:00:00Z' uid='1' user='antigravity' visible='true' version='1' changeset='1'>
    <nd ref='16' />
    <nd ref='9537' />
    <tag k='highway' v='track' />
    <tag k='name' v='Camino de Terraceria 57' />
    <tag k='surface' v='dirt' />
  </way>
  <way id='81' timestamp='2026-06-23T11:00:00Z' uid='1' user='antigravity' visible='true' version='1' changeset='1'>
    <nd ref='17' />
    <nd ref='9686' />
    <tag k='highway' v='track' />
    <tag k='name' v='Camino de Terraceria 58' />
    <tag k='surface' v='dirt' />
  </way>
  <way id='82' timestamp='2026-06-23T11:00:00Z' uid='1' user='antigravity' visible='true' version='1' changeset='1'>
    <nd ref='18' />
    <nd ref='9835' />
    <tag k='highway' v='track' />
    <tag k='name' v='Camino de Terraceria 59' />
    <tag k='surface' v='dirt' />
  </way>
  <way id='83' timestamp='2026-06-23T11:00:00Z' uid='1' user='antigravity' visible='true' version='1' changeset='1'>
    <nd ref='20' />
    <nd ref='9984' />
    <tag k='highway' v='track' />
    <tag k='name' v='Camino de Terraceria 60' />
    <tag k='surface' v='dirt' />
  </way>
  <way id='84' timestamp='2026-06-23T11:00:00Z' uid='1' user='antigravity' visible='true' version='1' changeset='1'>
    <nd ref='9985' />
    <nd ref='10053' />
    <tag k='highway' v='track' />
    <tag k='name' v='Camino de Terraceria 61' />
    <tag k='surface' v='dirt' />
  </way>
  <way id='85' timestamp='2026-06-23T11:00:00Z' uid='1' user='antigravity' visible='true' version='1' changeset='1'>
    <nd ref='21' />
    <nd ref='10202' />
    <tag k='highway' v='track' />
    <tag k='name' v='Camino de Terraceria 62' />
    <tag k='surface' v='dirt' />
  </way>
  <way id='86' timestamp='2026-06-23T11:00:00Z' uid='1' user='antigravity' visible='true' version='1' changeset='1'>
    <nd ref='22' />
    <nd ref='10351' />
    <tag k='highway' v='track' />
    <tag k='name' v='Camino de Terraceria 63' />
    <tag k='surface' v='dirt' />
  </way>
  <way id='87' timestamp='2026-06-23T11:00:00Z' uid='1' user='antigravity' visible='true' version='1' changeset='1'>
    <nd ref='23' />
    <nd ref='10500' />
    <tag k='highway' v='track' />
    <tag k='name' v='Camino de Terraceria 64' />
    <tag k='surface' v='dirt' />
  </way>
  <way id='88' timestamp='2026-06-23T11:00:00Z' uid='1' user='antigravity' visible='true' version='1' changeset='1'>
    <nd ref='24' />
    <nd ref='10649' />
    <tag k='highway' v='track' />
    <tag k='name' v='Camino de Terraceria 65' />
    <tag k='surface' v='dirt' />
  </way>
  <way id='89' action='modify' timestamp='2026-06-23T11:00:00Z' uid='1' user='antigravity' visible='true' version='1' changeset='1'>
    <nd ref='10650' />
    <nd ref='10718' />
    <tag k='highway' v='track' />
    <tag k='name' v='Camino de Terraceria 66' />
    <tag k='surface' v='dirt' />
  </way>
  <way id='90' timestamp='2026-06-23T11:00:00Z' uid='1' user='antigravity' visible='true' version='1' changeset='1'>
    <nd ref='25' />
    <nd ref='10781' />
    <tag k='highway' v='track' />
    <tag k='name' v='Camino de Terraceria 67' />
    <tag k='surface' v='dirt' />
  </way>
  <way id='92' timestamp='2026-06-23T11:00:00Z' uid='1' user='antigravity' visible='true' version='1' changeset='1'>
    <nd ref='10786' />
    <nd ref='10787' />
    <nd ref='10788' />
    <nd ref='10789' />
    <nd ref='10786' />
    <tag k='landuse' v='farmland' />
    <tag k='name' v='Campo de Cultivo 2' />
  </way>
  <way id='93' timestamp='2026-06-23T11:00:00Z' uid='1' user='antigravity' visible='true' version='1' changeset='1'>
    <nd ref='10790' />
    <nd ref='10791' />
    <nd ref='10792' />
    <nd ref='10793' />
    <nd ref='10790' />
    <tag k='landuse' v='farmland' />
    <tag k='name' v='Campo de Cultivo 3' />
  </way>
  <way id='94' timestamp='2026-06-23T11:00:00Z' uid='1' user='antigravity' visible='true' version='1' changeset='1'>
    <nd ref='10794' />
    <nd ref='10795' />
    <nd ref='10796' />
    <nd ref='10797' />
    <nd ref='10794' />
    <tag k='landuse' v='farmland' />
    <tag k='name' v='Campo de Cultivo 4' />
  </way>
  <way id='95' timestamp='2026-06-23T11:00:00Z' uid='1' user='antigravity' visible='true' version='1' changeset='1'>
    <nd ref='10798' />
    <nd ref='10799' />
    <nd ref='10800' />
    <nd ref='10801' />
    <nd ref='10798' />
    <tag k='landuse' v='farmland' />
    <tag k='name' v='Campo de Cultivo 5' />
  </way>
  <way id='96' timestamp='2026-06-23T11:00:00Z' uid='1' user='antigravity' visible='true' version='1' changeset='1'>
    <nd ref='10802' />
    <nd ref='10803' />
    <nd ref='10804' />
    <nd ref='10805' />
    <nd ref='10802' />
    <tag k='landuse' v='farmland' />
    <tag k='name' v='Campo de Cultivo 6' />
  </way>
  <way id='97' timestamp='2026-06-23T11:00:00Z' uid='1' user='antigravity' visible='true' version='1' changeset='1'>
    <nd ref='10806' />
    <nd ref='10807' />
    <nd ref='10808' />
    <nd ref='10809' />
    <nd ref='10806' />
    <tag k='landuse' v='farmland' />
    <tag k='name' v='Campo de Cultivo 7' />
  </way>
  <way id='98' timestamp='2026-06-23T11:00:00Z' uid='1' user='antigravity' visible='true' version='1' changeset='1'>
    <nd ref='10810' />
    <nd ref='10811' />
    <nd ref='10812' />
    <nd ref='10813' />
    <nd ref='10810' />
    <tag k='landuse' v='farmland' />
    <tag k='name' v='Campo de Cultivo 8' />
  </way>
  <way id='99' timestamp='2026-06-23T11:00:00Z' uid='1' user='antigravity' visible='true' version='1' changeset='1'>
    <nd ref='10814' />
    <nd ref='10815' />
    <nd ref='10816' />
    <nd ref='10817' />
    <nd ref='10814' />
    <tag k='landuse' v='farmland' />
    <tag k='name' v='Campo de Cultivo 9' />
  </way>
  <way id='100' timestamp='2026-06-23T11:00:00Z' uid='1' user='antigravity' visible='true' version='1' changeset='1'>
    <nd ref='10818' />
    <nd ref='10819' />
    <nd ref='10820' />
    <nd ref='10821' />
    <nd ref='10818' />
    <tag k='landuse' v='farmland' />
    <tag k='name' v='Campo de Cultivo 10' />
  </way>
  <way id='101' timestamp='2026-06-23T11:00:00Z' uid='1' user='antigravity' visible='true' version='1' changeset='1'>
    <nd ref='10822' />
    <nd ref='10823' />
    <nd ref='10824' />
    <nd ref='10825' />
    <nd ref='10822' />
    <tag k='landuse' v='farmland' />
    <tag k='name' v='Campo de Cultivo 11' />
  </way>
  <way id='102' timestamp='2026-06-23T11:00:00Z' uid='1' user='antigravity' visible='true' version='1' changeset='1'>
    <nd ref='10826' />
    <nd ref='10827' />
    <nd ref='10828' />
    <nd ref='10829' />
    <nd ref='10826' />
    <tag k='landuse' v='farmland' />
    <tag k='name' v='Campo de Cultivo 12' />
  </way>
  <way id='103' timestamp='2026-06-23T11:00:00Z' uid='1' user='antigravity' visible='true' version='1' changeset='1'>
    <nd ref='10830' />
    <nd ref='10831' />
    <nd ref='10832' />
    <nd ref='10833' />
    <nd ref='10830' />
    <tag k='landuse' v='farmland' />
    <tag k='name' v='Campo de Cultivo 13' />
  </way>
  <way id='104' timestamp='2026-06-23T11:00:00Z' uid='1' user='antigravity' visible='true' version='1' changeset='1'>
    <nd ref='10834' />
    <nd ref='10835' />
    <nd ref='10836' />
    <nd ref='10837' />
    <nd ref='10834' />
    <tag k='landuse' v='farmland' />
    <tag k='name' v='Campo de Cultivo 14' />
  </way>
  <way id='105' timestamp='2026-06-23T11:00:00Z' uid='1' user='antigravity' visible='true' version='1' changeset='1'>
    <nd ref='10838' />
    <nd ref='10839' />
    <nd ref='10840' />
    <nd ref='10841' />
    <nd ref='10838' />
    <tag k='landuse' v='farmland' />
    <tag k='name' v='Campo de Cultivo 15' />
  </way>
  <way id='106' timestamp='2026-06-23T11:00:00Z' uid='1' user='antigravity' visible='true' version='1' changeset='1'>
    <nd ref='10842' />
    <nd ref='10843' />
    <nd ref='10844' />
    <nd ref='10845' />
    <nd ref='10842' />
    <tag k='landuse' v='farmland' />
    <tag k='name' v='Campo de Cultivo 16' />
  </way>
  <way id='107' timestamp='2026-06-23T11:00:00Z' uid='1' user='antigravity' visible='true' version='1' changeset='1'>
    <nd ref='10846' />
    <nd ref='10847' />
    <nd ref='10848' />
    <nd ref='10849' />
    <nd ref='10846' />
    <tag k='landuse' v='farmland' />
    <tag k='name' v='Campo de Cultivo 17' />
  </way>
  <way id='108' timestamp='2026-06-23T11:00:00Z' uid='1' user='antigravity' visible='true' version='1' changeset='1'>
    <nd ref='10850' />
    <nd ref='10851' />
    <nd ref='10852' />
    <nd ref='10853' />
    <nd ref='10850' />
    <tag k='landuse' v='farmland' />
    <tag k='name' v='Campo de Cultivo 18' />
  </way>
  <way id='109' timestamp='2026-06-23T11:00:00Z' uid='1' user='antigravity' visible='true' version='1' changeset='1'>
    <nd ref='10854' />
    <nd ref='10855' />
    <nd ref='10856' />
    <nd ref='10857' />
    <nd ref='10854' />
    <tag k='landuse' v='farmland' />
    <tag k='name' v='Campo de Cultivo 19' />
  </way>
  <way id='110' timestamp='2026-06-23T11:00:00Z' uid='1' user='antigravity' visible='true' version='1' changeset='1'>
    <nd ref='10858' />
    <nd ref='10859' />
    <nd ref='10860' />
    <nd ref='10861' />
    <nd ref='10858' />
    <tag k='landuse' v='farmland' />
    <tag k='name' v='Campo de Cultivo 20' />
  </way>
  <way id='111' timestamp='2026-06-23T11:00:00Z' uid='1' user='antigravity' visible='true' version='1' changeset='1'>
    <nd ref='10862' />
    <nd ref='10863' />
    <nd ref='10864' />
    <nd ref='10865' />
    <nd ref='10862' />
    <tag k='landuse' v='farmland' />
    <tag k='name' v='Campo de Cultivo 21' />
  </way>
  <way id='112' timestamp='2026-06-23T11:00:00Z' uid='1' user='antigravity' visible='true' version='1' changeset='1'>
    <nd ref='10866' />
    <nd ref='10867' />
    <nd ref='10868' />
    <nd ref='10869' />
    <nd ref='10866' />
    <tag k='landuse' v='farmland' />
    <tag k='name' v='Campo de Cultivo 22' />
  </way>
  <way id='115' timestamp='2026-06-23T11:00:00Z' uid='1' user='antigravity' visible='true' version='1' changeset='1'>
    <nd ref='10878' />
    <nd ref='10879' />
    <nd ref='10880' />
    <nd ref='10881' />
    <nd ref='10878' />
    <tag k='landuse' v='farmland' />
    <tag k='name' v='Campo de Cultivo 25' />
  </way>
  <way id='116' timestamp='2026-06-23T11:00:00Z' uid='1' user='antigravity' visible='true' version='1' changeset='1'>
    <nd ref='10882' />
    <nd ref='10883' />
    <nd ref='10884' />
    <nd ref='10885' />
    <nd ref='10882' />
    <tag k='landuse' v='farmland' />
    <tag k='name' v='Campo de Cultivo 26' />
  </way>
  <way id='121' timestamp='2026-06-23T11:00:00Z' uid='1' user='antigravity' visible='true' version='1' changeset='1'>
    <nd ref='10902' />
    <nd ref='10903' />
    <nd ref='10904' />
    <nd ref='10905' />
    <nd ref='10902' />
    <tag k='landuse' v='farmland' />
    <tag k='name' v='Campo de Cultivo 31' />
  </way>
  <way id='122' timestamp='2026-06-23T11:00:00Z' uid='1' user='antigravity' visible='true' version='1' changeset='1'>
    <nd ref='10906' />
    <nd ref='10907' />
    <nd ref='10908' />
    <nd ref='10909' />
    <nd ref='10906' />
    <tag k='landuse' v='farmland' />
    <tag k='name' v='Campo de Cultivo 32' />
  </way>
  <way id='123' timestamp='2026-06-23T11:00:00Z' uid='1' user='antigravity' visible='true' version='1' changeset='1'>
    <nd ref='10910' />
    <nd ref='10911' />
    <nd ref='10912' />
    <nd ref='10913' />
    <nd ref='10910' />
    <tag k='landuse' v='farmland' />
    <tag k='name' v='Campo de Cultivo 33' />
  </way>
  <way id='124' timestamp='2026-06-23T11:00:00Z' uid='1' user='antigravity' visible='true' version='1' changeset='1'>
    <nd ref='10914' />
    <nd ref='10915' />
    <nd ref='10916' />
    <nd ref='10917' />
    <nd ref='10914' />
    <tag k='landuse' v='farmland' />
    <tag k='name' v='Campo de Cultivo 34' />
  </way>
  <way id='125' timestamp='2026-06-23T11:00:00Z' uid='1' user='antigravity' visible='true' version='1' changeset='1'>
    <nd ref='10918' />
    <nd ref='10919' />
    <nd ref='10920' />
    <nd ref='10921' />
    <nd ref='10918' />
    <tag k='landuse' v='farmland' />
    <tag k='name' v='Campo de Cultivo 35' />
  </way>
  <way id='126' timestamp='2026-06-23T11:00:00Z' uid='1' user='antigravity' visible='true' version='1' changeset='1'>
    <nd ref='10922' />
    <nd ref='10923' />
    <nd ref='10924' />
    <nd ref='10925' />
    <nd ref='10922' />
    <tag k='landuse' v='farmland' />
    <tag k='name' v='Campo de Cultivo 36' />
  </way>
  <way id='127' timestamp='2026-06-23T11:00:00Z' uid='1' user='antigravity' visible='true' version='1' changeset='1'>
    <nd ref='10926' />
    <nd ref='10927' />
    <nd ref='10928' />
    <nd ref='10929' />
    <nd ref='10926' />
    <tag k='landuse' v='farmland' />
    <tag k='name' v='Campo de Cultivo 37' />
  </way>
  <way id='128' timestamp='2026-06-23T11:00:00Z' uid='1' user='antigravity' visible='true' version='1' changeset='1'>
    <nd ref='10930' />
    <nd ref='10931' />
    <nd ref='10932' />
    <nd ref='10933' />
    <nd ref='10930' />
    <tag k='landuse' v='farmland' />
    <tag k='name' v='Campo de Cultivo 38' />
  </way>
  <way id='129' timestamp='2026-06-23T11:00:00Z' uid='1' user='antigravity' visible='true' version='1' changeset='1'>
    <nd ref='10934' />
    <nd ref='10935' />
    <nd ref='10936' />
    <nd ref='10937' />
    <nd ref='10934' />
    <tag k='landuse' v='farmland' />
    <tag k='name' v='Campo de Cultivo 39' />
  </way>
  <way id='130' timestamp='2026-06-23T11:00:00Z' uid='1' user='antigravity' visible='true' version='1' changeset='1'>
    <nd ref='10938' />
    <nd ref='10939' />
    <nd ref='10940' />
    <nd ref='10941' />
    <nd ref='10938' />
    <tag k='landuse' v='farmland' />
    <tag k='name' v='Campo de Cultivo 40' />
  </way>
  <way id='131' timestamp='2026-06-23T11:00:00Z' uid='1' user='antigravity' visible='true' version='1' changeset='1'>
    <nd ref='10942' />
    <nd ref='10943' />
    <nd ref='10944' />
    <nd ref='10945' />
    <nd ref='10942' />
    <tag k='landuse' v='farmland' />
    <tag k='name' v='Campo de Cultivo 41' />
  </way>
  <way id='132' timestamp='2026-06-23T11:00:00Z' uid='1' user='antigravity' visible='true' version='1' changeset='1'>
    <nd ref='10946' />
    <nd ref='10947' />
    <nd ref='10948' />
    <nd ref='10949' />
    <nd ref='10946' />
    <tag k='landuse' v='farmland' />
    <tag k='name' v='Campo de Cultivo 42' />
  </way>
  <way id='133' timestamp='2026-06-23T11:00:00Z' uid='1' user='antigravity' visible='true' version='1' changeset='1'>
    <nd ref='10950' />
    <nd ref='10951' />
    <nd ref='10952' />
    <nd ref='10953' />
    <nd ref='10950' />
    <tag k='landuse' v='farmland' />
    <tag k='name' v='Campo de Cultivo 43' />
  </way>
  <way id='134' timestamp='2026-06-23T11:00:00Z' uid='1' user='antigravity' visible='true' version='1' changeset='1'>
    <nd ref='10954' />
    <nd ref='10955' />
    <nd ref='10956' />
    <nd ref='10957' />
    <nd ref='10954' />
    <tag k='landuse' v='farmland' />
    <tag k='name' v='Campo de Cultivo 44' />
  </way>
  <way id='135' timestamp='2026-06-23T11:00:00Z' uid='1' user='antigravity' visible='true' version='1' changeset='1'>
    <nd ref='10958' />
    <nd ref='10959' />
    <nd ref='10960' />
    <nd ref='10961' />
    <nd ref='10958' />
    <tag k='landuse' v='farmland' />
    <tag k='name' v='Campo de Cultivo 45' />
  </way>
  <way id='136' timestamp='2026-06-23T11:00:00Z' uid='1' user='antigravity' visible='true' version='1' changeset='1'>
    <nd ref='10962' />
    <nd ref='10963' />
    <nd ref='10964' />
    <nd ref='10965' />
    <nd ref='10962' />
    <tag k='landuse' v='farmland' />
    <tag k='name' v='Campo de Cultivo 46' />
  </way>
  <way id='137' timestamp='2026-06-23T11:00:00Z' uid='1' user='antigravity' visible='true' version='1' changeset='1'>
    <nd ref='10966' />
    <nd ref='10967' />
    <nd ref='10968' />
    <nd ref='10969' />
    <nd ref='10966' />
    <tag k='landuse' v='farmland' />
    <tag k='name' v='Campo de Cultivo 47' />
  </way>
  <way id='138' timestamp='2026-06-23T11:00:00Z' uid='1' user='antigravity' visible='true' version='1' changeset='1'>
    <nd ref='10970' />
    <nd ref='10971' />
    <nd ref='10972' />
    <nd ref='10973' />
    <nd ref='10970' />
    <tag k='landuse' v='farmland' />
    <tag k='name' v='Campo de Cultivo 48' />
  </way>
  <way id='139' timestamp='2026-06-23T11:00:00Z' uid='1' user='antigravity' visible='true' version='1' changeset='1'>
    <nd ref='10974' />
    <nd ref='10975' />
    <nd ref='10976' />
    <nd ref='10977' />
    <nd ref='10974' />
    <tag k='landuse' v='farmland' />
    <tag k='name' v='Campo de Cultivo 49' />
  </way>
  <way id='140' timestamp='2026-06-23T11:00:00Z' uid='1' user='antigravity' visible='true' version='1' changeset='1'>
    <nd ref='10978' />
    <nd ref='10979' />
    <nd ref='10980' />
    <nd ref='10981' />
    <nd ref='10978' />
    <tag k='landuse' v='farmland' />
    <tag k='name' v='Campo de Cultivo 50' />
  </way>
  <way id='141' timestamp='2026-06-23T11:00:00Z' uid='1' user='antigravity' visible='true' version='1' changeset='1'>
    <nd ref='10982' />
    <nd ref='10983' />
    <nd ref='10984' />
    <nd ref='10985' />
    <nd ref='10982' />
    <tag k='landuse' v='farmland' />
    <tag k='name' v='Campo de Cultivo 51' />
  </way>
  <way id='142' timestamp='2026-06-23T11:00:00Z' uid='1' user='antigravity' visible='true' version='1' changeset='1'>
    <nd ref='10986' />
    <nd ref='10987' />
    <nd ref='10988' />
    <nd ref='10989' />
    <nd ref='10986' />
    <tag k='landuse' v='farmland' />
    <tag k='name' v='Campo de Cultivo 52' />
  </way>
  <way id='143' timestamp='2026-06-23T11:00:00Z' uid='1' user='antigravity' visible='true' version='1' changeset='1'>
    <nd ref='10990' />
    <nd ref='10991' />
    <nd ref='10992' />
    <nd ref='10993' />
    <nd ref='10990' />
    <tag k='landuse' v='farmland' />
    <tag k='name' v='Campo de Cultivo 53' />
  </way>
  <way id='144' timestamp='2026-06-23T11:00:00Z' uid='1' user='antigravity' visible='true' version='1' changeset='1'>
    <nd ref='10994' />
    <nd ref='10995' />
    <nd ref='10996' />
    <nd ref='10997' />
    <nd ref='10994' />
    <tag k='landuse' v='farmland' />
    <tag k='name' v='Campo de Cultivo 54' />
  </way>
  <way id='145' timestamp='2026-06-23T11:00:00Z' uid='1' user='antigravity' visible='true' version='1' changeset='1'>
    <nd ref='10998' />
    <nd ref='10999' />
    <nd ref='11000' />
    <nd ref='11001' />
    <nd ref='10998' />
    <tag k='landuse' v='farmland' />
    <tag k='name' v='Campo de Cultivo 55' />
  </way>
  <way id='146' timestamp='2026-06-23T11:00:00Z' uid='1' user='antigravity' visible='true' version='1' changeset='1'>
    <nd ref='11002' />
    <nd ref='11003' />
    <nd ref='11004' />
    <nd ref='11005' />
    <nd ref='11002' />
    <tag k='landuse' v='farmland' />
    <tag k='name' v='Campo de Cultivo 56' />
  </way>
  <way id='147' timestamp='2026-06-23T11:00:00Z' uid='1' user='antigravity' visible='true' version='1' changeset='1'>
    <nd ref='11006' />
    <nd ref='11007' />
    <nd ref='11008' />
    <nd ref='11009' />
    <nd ref='11006' />
    <tag k='landuse' v='farmland' />
    <tag k='name' v='Campo de Cultivo 57' />
  </way>
  <way id='148' timestamp='2026-06-23T11:00:00Z' uid='1' user='antigravity' visible='true' version='1' changeset='1'>
    <nd ref='11010' />
    <nd ref='11011' />
    <nd ref='11012' />
    <nd ref='11013' />
    <nd ref='11010' />
    <tag k='landuse' v='farmland' />
    <tag k='name' v='Campo de Cultivo 58' />
  </way>
  <way id='149' timestamp='2026-06-23T11:00:00Z' uid='1' user='antigravity' visible='true' version='1' changeset='1'>
    <nd ref='11014' />
    <nd ref='11015' />
    <nd ref='11016' />
    <nd ref='11017' />
    <nd ref='11014' />
    <tag k='landuse' v='farmland' />
    <tag k='name' v='Campo de Cultivo 59' />
  </way>
  <way id='150' timestamp='2026-06-23T11:00:00Z' uid='1' user='antigravity' visible='true' version='1' changeset='1'>
    <nd ref='11018' />
    <nd ref='11019' />
    <nd ref='11020' />
    <nd ref='11021' />
    <nd ref='11018' />
    <tag k='landuse' v='farmland' />
    <tag k='name' v='Campo de Cultivo 60' />
  </way>
  <way id='151' timestamp='2026-06-23T11:00:00Z' uid='1' user='antigravity' visible='true' version='1' changeset='1'>
    <nd ref='11022' />
    <nd ref='11023' />
    <nd ref='11024' />
    <nd ref='11025' />
    <nd ref='11022' />
    <tag k='landuse' v='farmland' />
    <tag k='name' v='Campo de Cultivo 61' />
  </way>
  <way id='152' timestamp='2026-06-23T11:00:00Z' uid='1' user='antigravity' visible='true' version='1' changeset='1'>
    <nd ref='11026' />
    <nd ref='11027' />
    <nd ref='11028' />
    <nd ref='11029' />
    <nd ref='11026' />
    <tag k='landuse' v='farmland' />
    <tag k='name' v='Campo de Cultivo 62' />
  </way>
  <way id='153' timestamp='2026-06-23T11:00:00Z' uid='1' user='antigravity' visible='true' version='1' changeset='1'>
    <nd ref='11030' />
    <nd ref='11031' />
    <nd ref='11032' />
    <nd ref='11033' />
    <nd ref='11030' />
    <tag k='landuse' v='farmland' />
    <tag k='name' v='Campo de Cultivo 63' />
  </way>
  <way id='154' timestamp='2026-06-23T11:00:00Z' uid='1' user='antigravity' visible='true' version='1' changeset='1'>
    <nd ref='11034' />
    <nd ref='11035' />
    <nd ref='11036' />
    <nd ref='11037' />
    <nd ref='11034' />
    <tag k='landuse' v='farmland' />
    <tag k='name' v='Campo de Cultivo 64' />
  </way>
  <way id='155' timestamp='2026-06-23T11:00:00Z' uid='1' user='antigravity' visible='true' version='1' changeset='1'>
    <nd ref='11038' />
    <nd ref='11039' />
    <nd ref='11040' />
    <nd ref='11041' />
    <nd ref='11038' />
    <tag k='landuse' v='farmland' />
    <tag k='name' v='Campo de Cultivo 65' />
  </way>
  <way id='156' timestamp='2026-06-23T11:00:00Z' uid='1' user='antigravity' visible='true' version='1' changeset='1'>
    <nd ref='11042' />
    <nd ref='11043' />
    <nd ref='11044' />
    <nd ref='11045' />
    <nd ref='11042' />
    <tag k='landuse' v='farmland' />
    <tag k='name' v='Campo de Cultivo 66' />
  </way>
  <way id='157' timestamp='2026-06-23T11:00:00Z' uid='1' user='antigravity' visible='true' version='1' changeset='1'>
    <nd ref='11046' />
    <nd ref='11047' />
    <nd ref='11048' />
    <nd ref='11049' />
    <nd ref='11046' />
    <tag k='landuse' v='farmland' />
    <tag k='name' v='Campo de Cultivo 67' />
  </way>
  <way id='158' timestamp='2026-06-23T11:00:00Z' uid='1' user='antigravity' visible='true' version='1' changeset='1'>
    <nd ref='11050' />
    <nd ref='11051' />
    <nd ref='11052' />
    <nd ref='11053' />
    <nd ref='11050' />
    <tag k='landuse' v='farmland' />
    <tag k='name' v='Campo de Cultivo 68' />
  </way>
  <way id='159' timestamp='2026-06-23T11:00:00Z' uid='1' user='antigravity' visible='true' version='1' changeset='1'>
    <nd ref='11054' />
    <nd ref='11055' />
    <nd ref='11056' />
    <nd ref='11057' />
    <nd ref='11054' />
    <tag k='landuse' v='farmland' />
    <tag k='name' v='Campo de Cultivo 69' />
  </way>
  <way id='160' timestamp='2026-06-23T11:00:00Z' uid='1' user='antigravity' visible='true' version='1' changeset='1'>
    <nd ref='11058' />
    <nd ref='11059' />
    <nd ref='11060' />
    <nd ref='11061' />
    <nd ref='11058' />
    <tag k='landuse' v='farmland' />
    <tag k='name' v='Campo de Cultivo 70' />
  </way>
  <way id='161' timestamp='2026-06-23T11:00:00Z' uid='1' user='antigravity' visible='true' version='1' changeset='1'>
    <nd ref='11062' />
    <nd ref='11063' />
    <nd ref='11064' />
    <nd ref='11065' />
    <nd ref='11062' />
    <tag k='landuse' v='farmland' />
    <tag k='name' v='Campo de Cultivo 71' />
  </way>
  <way id='162' timestamp='2026-06-23T11:00:00Z' uid='1' user='antigravity' visible='true' version='1' changeset='1'>
    <nd ref='11066' />
    <nd ref='11067' />
    <nd ref='11068' />
    <nd ref='11069' />
    <nd ref='11066' />
    <tag k='landuse' v='farmland' />
    <tag k='name' v='Campo de Cultivo 72' />
  </way>
  <way id='163' timestamp='2026-06-23T11:00:00Z' uid='1' user='antigravity' visible='true' version='1' changeset='1'>
    <nd ref='11070' />
    <nd ref='11071' />
    <nd ref='11072' />
    <nd ref='11073' />
    <nd ref='11070' />
    <tag k='landuse' v='farmland' />
    <tag k='name' v='Campo de Cultivo 73' />
  </way>
  <way id='164' timestamp='2026-06-23T11:00:00Z' uid='1' user='antigravity' visible='true' version='1' changeset='1'>
    <nd ref='11074' />
    <nd ref='11075' />
    <nd ref='11076' />
    <nd ref='11077' />
    <nd ref='11074' />
    <tag k='landuse' v='farmland' />
    <tag k='name' v='Campo de Cultivo 74' />
  </way>
  <way id='165' timestamp='2026-06-23T11:00:00Z' uid='1' user='antigravity' visible='true' version='1' changeset='1'>
    <nd ref='11078' />
    <nd ref='11079' />
    <nd ref='11080' />
    <nd ref='11081' />
    <nd ref='11078' />
    <tag k='landuse' v='farmland' />
    <tag k='name' v='Campo de Cultivo 75' />
  </way>
  <way id='166' timestamp='2026-06-23T11:00:00Z' uid='1' user='antigravity' visible='true' version='1' changeset='1'>
    <nd ref='11082' />
    <nd ref='11083' />
    <nd ref='11084' />
    <nd ref='11085' />
    <nd ref='11082' />
    <tag k='landuse' v='farmland' />
    <tag k='name' v='Campo de Cultivo 76' />
  </way>
  <way id='167' timestamp='2026-06-23T11:00:00Z' uid='1' user='antigravity' visible='true' version='1' changeset='1'>
    <nd ref='11086' />
    <nd ref='11087' />
    <nd ref='11088' />
    <nd ref='11089' />
    <nd ref='11086' />
    <tag k='landuse' v='farmland' />
    <tag k='name' v='Campo de Cultivo 77' />
  </way>
  <way id='168' timestamp='2026-06-23T11:00:00Z' uid='1' user='antigravity' visible='true' version='1' changeset='1'>
    <nd ref='11090' />
    <nd ref='11091' />
    <nd ref='11092' />
    <nd ref='11093' />
    <nd ref='11090' />
    <tag k='landuse' v='farmland' />
    <tag k='name' v='Campo de Cultivo 78' />
  </way>
  <way id='169' timestamp='2026-06-23T11:00:00Z' uid='1' user='antigravity' visible='true' version='1' changeset='1'>
    <nd ref='11094' />
    <nd ref='11095' />
    <nd ref='11096' />
    <nd ref='11097' />
    <nd ref='11094' />
    <tag k='landuse' v='farmland' />
    <tag k='name' v='Campo de Cultivo 79' />
  </way>
  <way id='170' timestamp='2026-06-23T11:00:00Z' uid='1' user='antigravity' visible='true' version='1' changeset='1'>
    <nd ref='11098' />
    <nd ref='11099' />
    <nd ref='11100' />
    <nd ref='11101' />
    <nd ref='11098' />
    <tag k='landuse' v='farmland' />
    <tag k='name' v='Campo de Cultivo 80' />
  </way>
  <way id='171' timestamp='2026-06-23T11:00:00Z' uid='1' user='antigravity' visible='true' version='1' changeset='1'>
    <nd ref='11102' />
    <nd ref='11103' />
    <nd ref='11104' />
    <nd ref='11105' />
    <nd ref='11102' />
    <tag k='landuse' v='farmland' />
    <tag k='name' v='Campo de Cultivo 81' />
  </way>
</osm>
