<?xml version="1.0" ?>
<osm version="0.6" generator="osm_generator_py">
  <bounds minlat="27.043073839058213" minlon="-109.748441630125" maxlat="27.11674616094179" maxlon="-109.665698369875"/>
  <node id="1" lat="27.11579288" lon="-109.74737098" version="1" changeset="1" user="osm_generator" uid="1" timestamp="2026-06-02T00:00:00Z"/>
  <node id="2" lat="27.11579288" lon="-109.74295647" version="1" changeset="1" user="osm_generator" uid="1" timestamp="2026-06-02T00:00:00Z"/>
  <node id="3" lat="27.10779792" lon="-109.74295647" version="1" changeset="1" user="osm_generator" uid="1" timestamp="2026-06-02T00:00:00Z"/>
  <node id="4" lat="27.10779792" lon="-109.74737098" version="1" changeset="1" user="osm_generator" uid="1" timestamp="2026-06-02T00:00:00Z"/>
  <node id="5" lat="27.11579288" lon="-109.74283526" version="1" changeset="1" user="osm_generator" uid="1" timestamp="2026-06-02T00:00:00Z"/>
  <node id="6" lat="27.11579288" lon="-109.73815933" version="1" changeset="1" user="osm_generator" uid="1" timestamp="2026-06-02T00:00:00Z"/>
  <node id="7" lat="27.10779792" lon="-109.73815933" version="1" changeset="1" user="osm_generator" uid="1" timestamp="2026-06-02T00:00:00Z"/>
  <node id="8" lat="27.10779792" lon="-109.74283526" version="1" changeset="1" user="osm_generator" uid="1" timestamp="2026-06-02T00:00:00Z"/>
  <node id="9" lat="27.10727632" lon="-109.74737098" version="1" changeset="1" user="osm_generator" uid="1" timestamp="2026-06-02T00:00:00Z"/>
  <node id="10" lat="27.10727632" lon="-109.74413198" version="1" changeset="1" user="osm_generator" uid="1" timestamp="2026-06-02T00:00:00Z"/>
  <node id="11" lat="27.09852593" lon="-109.74413198" version="1" changeset="1" user="osm_generator" uid="1" timestamp="2026-06-02T00:00:00Z"/>
  <node id="12" lat="27.09852593" lon="-109.74737098" version="1" changeset="1" user="osm_generator" uid="1" timestamp="2026-06-02T00:00:00Z"/>
  <node id="13" lat="27.10727632" lon="-109.74401077" version="1" changeset="1" user="osm_generator" uid="1" timestamp="2026-06-02T00:00:00Z"/>
  <node id="14" lat="27.10727632" lon="-109.73839164" version="1" changeset="1" user="osm_generator" uid="1" timestamp="2026-06-02T00:00:00Z"/>
  <node id="15" lat="27.09852593" lon="-109.73839164" version="1" changeset="1" user="osm_generator" uid="1" timestamp="2026-06-02T00:00:00Z"/>
  <node id="16" lat="27.09852593" lon="-109.74401077" version="1" changeset="1" user="osm_generator" uid="1" timestamp="2026-06-02T00:00:00Z"/>
  <node id="17" lat="27.09813023" lon="-109.74737098" version="1" changeset="1" user="osm_generator" uid="1" timestamp="2026-06-02T00:00:00Z"/>
  <node id="18" lat="27.09813023" lon="-109.74272028" version="1" changeset="1" user="osm_generator" uid="1" timestamp="2026-06-02T00:00:00Z"/>
  <node id="19" lat="27.08931689" lon="-109.74272028" version="1" changeset="1" user="osm_generator" uid="1" timestamp="2026-06-02T00:00:00Z"/>
  <node id="20" lat="27.08931689" lon="-109.74737098" version="1" changeset="1" user="osm_generator" uid="1" timestamp="2026-06-02T00:00:00Z"/>
  <node id="21" lat="27.09813023" lon="-109.74259908" version="1" changeset="1" user="osm_generator" uid="1" timestamp="2026-06-02T00:00:00Z"/>
  <node id="22" lat="27.09813023" lon="-109.73839164" version="1" changeset="1" user="osm_generator" uid="1" timestamp="2026-06-02T00:00:00Z"/>
  <node id="23" lat="27.08931689" lon="-109.73839164" version="1" changeset="1" user="osm_generator" uid="1" timestamp="2026-06-02T00:00:00Z"/>
  <node id="24" lat="27.08931689" lon="-109.74259908" version="1" changeset="1" user="osm_generator" uid="1" timestamp="2026-06-02T00:00:00Z"/>
  <node id="25" lat="27.08892119" lon="-109.74737098" version="1" changeset="1" user="osm_generator" uid="1" timestamp="2026-06-02T00:00:00Z"/>
  <node id="26" lat="27.08892119" lon="-109.74361614" version="1" changeset="1" user="osm_generator" uid="1" timestamp="2026-06-02T00:00:00Z"/>
  <node id="27" lat="27.08010785" lon="-109.74361614" version="1" changeset="1" user="osm_generator" uid="1" timestamp="2026-06-02T00:00:00Z"/>
  <node id="28" lat="27.08010785" lon="-109.74737098" version="1" changeset="1" user="osm_generator" uid="1" timestamp="2026-06-02T00:00:00Z"/>
  <node id="29" lat="27.08892119" lon="-109.74349494" version="1" changeset="1" user="osm_generator" uid="1" timestamp="2026-06-02T00:00:00Z"/>
  <node id="30" lat="27.08892119" lon="-109.73839164" version="1" changeset="1" user="osm_generator" uid="1" timestamp="2026-06-02T00:00:00Z"/>
  <node id="31" lat="27.08010785" lon="-109.73839164" version="1" changeset="1" user="osm_generator" uid="1" timestamp="2026-06-02T00:00:00Z"/>
  <node id="32" lat="27.08010785" lon="-109.74349494" version="1" changeset="1" user="osm_generator" uid="1" timestamp="2026-06-02T00:00:00Z"/>
  <node id="33" lat="27.07971215" lon="-109.74737098" version="1" changeset="1" user="osm_generator" uid="1" timestamp="2026-06-02T00:00:00Z"/>
  <node id="34" lat="27.07971215" lon="-109.73839164" version="1" changeset="1" user="osm_generator" uid="1" timestamp="2026-06-02T00:00:00Z"/>
  <node id="35" lat="27.07089881" lon="-109.73839164" version="1" changeset="1" user="osm_generator" uid="1" timestamp="2026-06-02T00:00:00Z"/>
  <node id="36" lat="27.07089881" lon="-109.74737098" version="1" changeset="1" user="osm_generator" uid="1" timestamp="2026-06-02T00:00:00Z"/>
  <node id="37" lat="27.07050311" lon="-109.74737098" version="1" changeset="1" user="osm_generator" uid="1" timestamp="2026-06-02T00:00:00Z"/>
  <node id="38" lat="27.07050311" lon="-109.73839164" version="1" changeset="1" user="osm_generator" uid="1" timestamp="2026-06-02T00:00:00Z"/>
  <node id="39" lat="27.06168977" lon="-109.73839164" version="1" changeset="1" user="osm_generator" uid="1" timestamp="2026-06-02T00:00:00Z"/>
  <node id="40" lat="27.06168977" lon="-109.74737098" version="1" changeset="1" user="osm_generator" uid="1" timestamp="2026-06-02T00:00:00Z"/>
  <node id="41" lat="27.06129407" lon="-109.74737098" version="1" changeset="1" user="osm_generator" uid="1" timestamp="2026-06-02T00:00:00Z"/>
  <node id="42" lat="27.06129407" lon="-109.73839164" version="1" changeset="1" user="osm_generator" uid="1" timestamp="2026-06-02T00:00:00Z"/>
  <node id="43" lat="27.05970407" lon="-109.73839164" version="1" changeset="1" user="osm_generator" uid="1" timestamp="2026-06-02T00:00:00Z"/>
  <node id="44" lat="27.05970407" lon="-109.74737098" version="1" changeset="1" user="osm_generator" uid="1" timestamp="2026-06-02T00:00:00Z"/>
  <node id="45" lat="27.05407073" lon="-109.74737098" version="1" changeset="1" user="osm_generator" uid="1" timestamp="2026-06-02T00:00:00Z"/>
  <node id="46" lat="27.05407073" lon="-109.73839164" version="1" changeset="1" user="osm_generator" uid="1" timestamp="2026-06-02T00:00:00Z"/>
  <node id="47" lat="27.05254368" lon="-109.73839164" version="1" changeset="1" user="osm_generator" uid="1" timestamp="2026-06-02T00:00:00Z"/>
  <node id="48" lat="27.05254368" lon="-109.74737098" version="1" changeset="1" user="osm_generator" uid="1" timestamp="2026-06-02T00:00:00Z"/>
  <node id="49" lat="27.05959615" lon="-109.74737098" version="1" changeset="1" user="osm_generator" uid="1" timestamp="2026-06-02T00:00:00Z"/>
  <node id="50" lat="27.05959615" lon="-109.74240759" version="1" changeset="1" user="osm_generator" uid="1" timestamp="2026-06-02T00:00:00Z"/>
  <node id="51" lat="27.05417865" lon="-109.74240759" version="1" changeset="1" user="osm_generator" uid="1" timestamp="2026-06-02T00:00:00Z"/>
  <node id="52" lat="27.05417865" lon="-109.74737098" version="1" changeset="1" user="osm_generator" uid="1" timestamp="2026-06-02T00:00:00Z"/>
  <node id="53" lat="27.05202208" lon="-109.74737098" version="1" changeset="1" user="osm_generator" uid="1" timestamp="2026-06-02T00:00:00Z"/>
  <node id="54" lat="27.05202208" lon="-109.74333078" version="1" changeset="1" user="osm_generator" uid="1" timestamp="2026-06-02T00:00:00Z"/>
  <node id="55" lat="27.05003458" lon="-109.74333078" version="1" changeset="1" user="osm_generator" uid="1" timestamp="2026-06-02T00:00:00Z"/>
  <node id="56" lat="27.05003458" lon="-109.74737098" version="1" changeset="1" user="osm_generator" uid="1" timestamp="2026-06-02T00:00:00Z"/>
  <node id="57" lat="27.05202208" lon="-109.74320957" version="1" changeset="1" user="osm_generator" uid="1" timestamp="2026-06-02T00:00:00Z"/>
  <node id="58" lat="27.05202208" lon="-109.73815933" version="1" changeset="1" user="osm_generator" uid="1" timestamp="2026-06-02T00:00:00Z"/>
  <node id="59" lat="27.05003458" lon="-109.73815933" version="1" changeset="1" user="osm_generator" uid="1" timestamp="2026-06-02T00:00:00Z"/>
  <node id="60" lat="27.05003458" lon="-109.74320957" version="1" changeset="1" user="osm_generator" uid="1" timestamp="2026-06-02T00:00:00Z"/>
  <node id="61" lat="27.04992666" lon="-109.74737098" version="1" changeset="1" user="osm_generator" uid="1" timestamp="2026-06-02T00:00:00Z"/>
  <node id="62" lat="27.04992666" lon="-109.74333078" version="1" changeset="1" user="osm_generator" uid="1" timestamp="2026-06-02T00:00:00Z"/>
  <node id="63" lat="27.04773232" lon="-109.74333078" version="1" changeset="1" user="osm_generator" uid="1" timestamp="2026-06-02T00:00:00Z"/>
  <node id="64" lat="27.04773232" lon="-109.74737098" version="1" changeset="1" user="osm_generator" uid="1" timestamp="2026-06-02T00:00:00Z"/>
  <node id="65" lat="27.04992666" lon="-109.74320957" version="1" changeset="1" user="osm_generator" uid="1" timestamp="2026-06-02T00:00:00Z"/>
  <node id="66" lat="27.04992666" lon="-109.73815933" version="1" changeset="1" user="osm_generator" uid="1" timestamp="2026-06-02T00:00:00Z"/>
  <node id="67" lat="27.04773232" lon="-109.73815933" version="1" changeset="1" user="osm_generator" uid="1" timestamp="2026-06-02T00:00:00Z"/>
  <node id="68" lat="27.04773232" lon="-109.74320957" version="1" changeset="1" user="osm_generator" uid="1" timestamp="2026-06-02T00:00:00Z"/>
  <node id="69" lat="27.04762440" lon="-109.74737098" version="1" changeset="1" user="osm_generator" uid="1" timestamp="2026-06-02T00:00:00Z"/>
  <node id="70" lat="27.04762440" lon="-109.74333078" version="1" changeset="1" user="osm_generator" uid="1" timestamp="2026-06-02T00:00:00Z"/>
  <node id="71" lat="27.04543006" lon="-109.74333078" version="1" changeset="1" user="osm_generator" uid="1" timestamp="2026-06-02T00:00:00Z"/>
  <node id="72" lat="27.04543006" lon="-109.74737098" version="1" changeset="1" user="osm_generator" uid="1" timestamp="2026-06-02T00:00:00Z"/>
  <node id="73" lat="27.04762440" lon="-109.74320957" version="1" changeset="1" user="osm_generator" uid="1" timestamp="2026-06-02T00:00:00Z"/>
  <node id="74" lat="27.04762440" lon="-109.73815933" version="1" changeset="1" user="osm_generator" uid="1" timestamp="2026-06-02T00:00:00Z"/>
  <node id="75" lat="27.04543006" lon="-109.73815933" version="1" changeset="1" user="osm_generator" uid="1" timestamp="2026-06-02T00:00:00Z"/>
  <node id="76" lat="27.04543006" lon="-109.74320957" version="1" changeset="1" user="osm_generator" uid="1" timestamp="2026-06-02T00:00:00Z"/>
  <node id="77" lat="27.04532214" lon="-109.74737098" version="1" changeset="1" user="osm_generator" uid="1" timestamp="2026-06-02T00:00:00Z"/>
  <node id="78" lat="27.04532214" lon="-109.74333078" version="1" changeset="1" user="osm_generator" uid="1" timestamp="2026-06-02T00:00:00Z"/>
  <node id="79" lat="27.04402712" lon="-109.74333078" version="1" changeset="1" user="osm_generator" uid="1" timestamp="2026-06-02T00:00:00Z"/>
  <node id="80" lat="27.04402712" lon="-109.74737098" version="1" changeset="1" user="osm_generator" uid="1" timestamp="2026-06-02T00:00:00Z"/>
  <node id="81" lat="27.04532214" lon="-109.74320957" version="1" changeset="1" user="osm_generator" uid="1" timestamp="2026-06-02T00:00:00Z"/>
  <node id="82" lat="27.04532214" lon="-109.73815933" version="1" changeset="1" user="osm_generator" uid="1" timestamp="2026-06-02T00:00:00Z"/>
  <node id="83" lat="27.04402712" lon="-109.73815933" version="1" changeset="1" user="osm_generator" uid="1" timestamp="2026-06-02T00:00:00Z"/>
  <node id="84" lat="27.04402712" lon="-109.74320957" version="1" changeset="1" user="osm_generator" uid="1" timestamp="2026-06-02T00:00:00Z"/>
  <node id="85" lat="27.11579288" lon="-109.73803812" version="1" changeset="1" user="osm_generator" uid="1" timestamp="2026-06-02T00:00:00Z"/>
  <node id="86" lat="27.11579288" lon="-109.73267695" version="1" changeset="1" user="osm_generator" uid="1" timestamp="2026-06-02T00:00:00Z"/>
  <node id="87" lat="27.11005522" lon="-109.73267695" version="1" changeset="1" user="osm_generator" uid="1" timestamp="2026-06-02T00:00:00Z"/>
  <node id="88" lat="27.11005522" lon="-109.73803812" version="1" changeset="1" user="osm_generator" uid="1" timestamp="2026-06-02T00:00:00Z"/>
  <node id="89" lat="27.10814866" lon="-109.73803812" version="1" changeset="1" user="osm_generator" uid="1" timestamp="2026-06-02T00:00:00Z"/>
  <node id="90" lat="27.10814866" lon="-109.73267695" version="1" changeset="1" user="osm_generator" uid="1" timestamp="2026-06-02T00:00:00Z"/>
  <node id="91" lat="27.10779792" lon="-109.73267695" version="1" changeset="1" user="osm_generator" uid="1" timestamp="2026-06-02T00:00:00Z"/>
  <node id="92" lat="27.10779792" lon="-109.73803812" version="1" changeset="1" user="osm_generator" uid="1" timestamp="2026-06-02T00:00:00Z"/>
  <node id="93" lat="27.11579288" lon="-109.73255574" version="1" changeset="1" user="osm_generator" uid="1" timestamp="2026-06-02T00:00:00Z"/>
  <node id="94" lat="27.11579288" lon="-109.72781642" version="1" changeset="1" user="osm_generator" uid="1" timestamp="2026-06-02T00:00:00Z"/>
  <node id="95" lat="27.11005522" lon="-109.72781642" version="1" changeset="1" user="osm_generator" uid="1" timestamp="2026-06-02T00:00:00Z"/>
  <node id="96" lat="27.11005522" lon="-109.73255574" version="1" changeset="1" user="osm_generator" uid="1" timestamp="2026-06-02T00:00:00Z"/>
  <node id="97" lat="27.10814866" lon="-109.73255574" version="1" changeset="1" user="osm_generator" uid="1" timestamp="2026-06-02T00:00:00Z"/>
  <node id="98" lat="27.10814866" lon="-109.72781642" version="1" changeset="1" user="osm_generator" uid="1" timestamp="2026-06-02T00:00:00Z"/>
  <node id="99" lat="27.10779792" lon="-109.72781642" version="1" changeset="1" user="osm_generator" uid="1" timestamp="2026-06-02T00:00:00Z"/>
  <node id="100" lat="27.10779792" lon="-109.73255574" version="1" changeset="1" user="osm_generator" uid="1" timestamp="2026-06-02T00:00:00Z"/>
  <node id="101" lat="27.10287864" lon="-109.73780581" version="1" changeset="1" user="osm_generator" uid="1" timestamp="2026-06-02T00:00:00Z"/>
  <node id="102" lat="27.10287864" lon="-109.73298787" version="1" changeset="1" user="osm_generator" uid="1" timestamp="2026-06-02T00:00:00Z"/>
  <node id="103" lat="27.10068430" lon="-109.73298787" version="1" changeset="1" user="osm_generator" uid="1" timestamp="2026-06-02T00:00:00Z"/>
  <node id="104" lat="27.10068430" lon="-109.73780581" version="1" changeset="1" user="osm_generator" uid="1" timestamp="2026-06-02T00:00:00Z"/>
  <node id="105" lat="27.10287864" lon="-109.73286667" version="1" changeset="1" user="osm_generator" uid="1" timestamp="2026-06-02T00:00:00Z"/>
  <node id="106" lat="27.10287864" lon="-109.72797803" version="1" changeset="1" user="osm_generator" uid="1" timestamp="2026-06-02T00:00:00Z"/>
  <node id="107" lat="27.10068430" lon="-109.72797803" version="1" changeset="1" user="osm_generator" uid="1" timestamp="2026-06-02T00:00:00Z"/>
  <node id="108" lat="27.10068430" lon="-109.73286667" version="1" changeset="1" user="osm_generator" uid="1" timestamp="2026-06-02T00:00:00Z"/>
  <node id="109" lat="27.10057638" lon="-109.73780581" version="1" changeset="1" user="osm_generator" uid="1" timestamp="2026-06-02T00:00:00Z"/>
  <node id="110" lat="27.10057638" lon="-109.73298787" version="1" changeset="1" user="osm_generator" uid="1" timestamp="2026-06-02T00:00:00Z"/>
  <node id="111" lat="27.09852593" lon="-109.73298787" version="1" changeset="1" user="osm_generator" uid="1" timestamp="2026-06-02T00:00:00Z"/>
  <node id="112" lat="27.09852593" lon="-109.73780581" version="1" changeset="1" user="osm_generator" uid="1" timestamp="2026-06-02T00:00:00Z"/>
  <node id="113" lat="27.10057638" lon="-109.73286667" version="1" changeset="1" user="osm_generator" uid="1" timestamp="2026-06-02T00:00:00Z"/>
  <node id="114" lat="27.10057638" lon="-109.72797803" version="1" changeset="1" user="osm_generator" uid="1" timestamp="2026-06-02T00:00:00Z"/>
  <node id="115" lat="27.09852593" lon="-109.72797803" version="1" changeset="1" user="osm_generator" uid="1" timestamp="2026-06-02T00:00:00Z"/>
  <node id="116" lat="27.09852593" lon="-109.73286667" version="1" changeset="1" user="osm_generator" uid="1" timestamp="2026-06-02T00:00:00Z"/>
  <node id="117" lat="27.09813023" lon="-109.73780581" version="1" changeset="1" user="osm_generator" uid="1" timestamp="2026-06-02T00:00:00Z"/>
  <node id="118" lat="27.09813023" lon="-109.73428584" version="1" changeset="1" user="osm_generator" uid="1" timestamp="2026-06-02T00:00:00Z"/>
  <node id="119" lat="27.08931689" lon="-109.73428584" version="1" changeset="1" user="osm_generator" uid="1" timestamp="2026-06-02T00:00:00Z"/>
  <node id="120" lat="27.08931689" lon="-109.73780581" version="1" changeset="1" user="osm_generator" uid="1" timestamp="2026-06-02T00:00:00Z"/>
  <node id="121" lat="27.09813023" lon="-109.73416463" version="1" changeset="1" user="osm_generator" uid="1" timestamp="2026-06-02T00:00:00Z"/>
  <node id="122" lat="27.09813023" lon="-109.72797803" version="1" changeset="1" user="osm_generator" uid="1" timestamp="2026-06-02T00:00:00Z"/>
  <node id="123" lat="27.08931689" lon="-109.72797803" version="1" changeset="1" user="osm_generator" uid="1" timestamp="2026-06-02T00:00:00Z"/>
  <node id="124" lat="27.08931689" lon="-109.73416463" version="1" changeset="1" user="osm_generator" uid="1" timestamp="2026-06-02T00:00:00Z"/>
  <node id="125" lat="27.08892119" lon="-109.73780581" version="1" changeset="1" user="osm_generator" uid="1" timestamp="2026-06-02T00:00:00Z"/>
  <node id="126" lat="27.08892119" lon="-109.73285709" version="1" changeset="1" user="osm_generator" uid="1" timestamp="2026-06-02T00:00:00Z"/>
  <node id="127" lat="27.08010785" lon="-109.73285709" version="1" changeset="1" user="osm_generator" uid="1" timestamp="2026-06-02T00:00:00Z"/>
  <node id="128" lat="27.08010785" lon="-109.73780581" version="1" changeset="1" user="osm_generator" uid="1" timestamp="2026-06-02T00:00:00Z"/>
  <node id="129" lat="27.08892119" lon="-109.73273588" version="1" changeset="1" user="osm_generator" uid="1" timestamp="2026-06-02T00:00:00Z"/>
  <node id="130" lat="27.08892119" lon="-109.72797803" version="1" changeset="1" user="osm_generator" uid="1" timestamp="2026-06-02T00:00:00Z"/>
  <node id="131" lat="27.08010785" lon="-109.72797803" version="1" changeset="1" user="osm_generator" uid="1" timestamp="2026-06-02T00:00:00Z"/>
  <node id="132" lat="27.08010785" lon="-109.73273588" version="1" changeset="1" user="osm_generator" uid="1" timestamp="2026-06-02T00:00:00Z"/>
  <node id="133" lat="27.07971215" lon="-109.73780581" version="1" changeset="1" user="osm_generator" uid="1" timestamp="2026-06-02T00:00:00Z"/>
  <node id="134" lat="27.07971215" lon="-109.72797803" version="1" changeset="1" user="osm_generator" uid="1" timestamp="2026-06-02T00:00:00Z"/>
  <node id="135" lat="27.07628034" lon="-109.72797803" version="1" changeset="1" user="osm_generator" uid="1" timestamp="2026-06-02T00:00:00Z"/>
  <node id="136" lat="27.07628034" lon="-109.73780581" version="1" changeset="1" user="osm_generator" uid="1" timestamp="2026-06-02T00:00:00Z"/>
  <node id="137" lat="27.07433062" lon="-109.73780581" version="1" changeset="1" user="osm_generator" uid="1" timestamp="2026-06-02T00:00:00Z"/>
  <node id="138" lat="27.07433062" lon="-109.72797803" version="1" changeset="1" user="osm_generator" uid="1" timestamp="2026-06-02T00:00:00Z"/>
  <node id="139" lat="27.07089881" lon="-109.72797803" version="1" changeset="1" user="osm_generator" uid="1" timestamp="2026-06-02T00:00:00Z"/>
  <node id="140" lat="27.07089881" lon="-109.73780581" version="1" changeset="1" user="osm_generator" uid="1" timestamp="2026-06-02T00:00:00Z"/>
  <node id="141" lat="27.07617242" lon="-109.73585843" version="1" changeset="1" user="osm_generator" uid="1" timestamp="2026-06-02T00:00:00Z"/>
  <node id="142" lat="27.07617242" lon="-109.72797803" version="1" changeset="1" user="osm_generator" uid="1" timestamp="2026-06-02T00:00:00Z"/>
  <node id="143" lat="27.07443854" lon="-109.72797803" version="1" changeset="1" user="osm_generator" uid="1" timestamp="2026-06-02T00:00:00Z"/>
  <node id="144" lat="27.07443854" lon="-109.73585843" version="1" changeset="1" user="osm_generator" uid="1" timestamp="2026-06-02T00:00:00Z"/>
  <node id="145" lat="27.07050311" lon="-109.73780581" version="1" changeset="1" user="osm_generator" uid="1" timestamp="2026-06-02T00:00:00Z"/>
  <node id="146" lat="27.07050311" lon="-109.72797803" version="1" changeset="1" user="osm_generator" uid="1" timestamp="2026-06-02T00:00:00Z"/>
  <node id="147" lat="27.06168977" lon="-109.72797803" version="1" changeset="1" user="osm_generator" uid="1" timestamp="2026-06-02T00:00:00Z"/>
  <node id="148" lat="27.06168977" lon="-109.73780581" version="1" changeset="1" user="osm_generator" uid="1" timestamp="2026-06-02T00:00:00Z"/>
  <node id="149" lat="27.06129407" lon="-109.73780581" version="1" changeset="1" user="osm_generator" uid="1" timestamp="2026-06-02T00:00:00Z"/>
  <node id="150" lat="27.06129407" lon="-109.72797803" version="1" changeset="1" user="osm_generator" uid="1" timestamp="2026-06-02T00:00:00Z"/>
  <node id="151" lat="27.05254368" lon="-109.72797803" version="1" changeset="1" user="osm_generator" uid="1" timestamp="2026-06-02T00:00:00Z"/>
  <node id="152" lat="27.05254368" lon="-109.73780581" version="1" changeset="1" user="osm_generator" uid="1" timestamp="2026-06-02T00:00:00Z"/>
  <node id="153" lat="27.05202208" lon="-109.73803812" version="1" changeset="1" user="osm_generator" uid="1" timestamp="2026-06-02T00:00:00Z"/>
  <node id="154" lat="27.05202208" lon="-109.73298787" version="1" changeset="1" user="osm_generator" uid="1" timestamp="2026-06-02T00:00:00Z"/>
  <node id="155" lat="27.05003458" lon="-109.73298787" version="1" changeset="1" user="osm_generator" uid="1" timestamp="2026-06-02T00:00:00Z"/>
  <node id="156" lat="27.05003458" lon="-109.73803812" version="1" changeset="1" user="osm_generator" uid="1" timestamp="2026-06-02T00:00:00Z"/>
  <node id="157" lat="27.05202208" lon="-109.73286667" version="1" changeset="1" user="osm_generator" uid="1" timestamp="2026-06-02T00:00:00Z"/>
  <node id="158" lat="27.05202208" lon="-109.72781642" version="1" changeset="1" user="osm_generator" uid="1" timestamp="2026-06-02T00:00:00Z"/>
  <node id="159" lat="27.05003458" lon="-109.72781642" version="1" changeset="1" user="osm_generator" uid="1" timestamp="2026-06-02T00:00:00Z"/>
  <node id="160" lat="27.05003458" lon="-109.73286667" version="1" changeset="1" user="osm_generator" uid="1" timestamp="2026-06-02T00:00:00Z"/>
  <node id="161" lat="27.04992666" lon="-109.73803812" version="1" changeset="1" user="osm_generator" uid="1" timestamp="2026-06-02T00:00:00Z"/>
  <node id="162" lat="27.04992666" lon="-109.73298787" version="1" changeset="1" user="osm_generator" uid="1" timestamp="2026-06-02T00:00:00Z"/>
  <node id="163" lat="27.04773232" lon="-109.73298787" version="1" changeset="1" user="osm_generator" uid="1" timestamp="2026-06-02T00:00:00Z"/>
  <node id="164" lat="27.04773232" lon="-109.73803812" version="1" changeset="1" user="osm_generator" uid="1" timestamp="2026-06-02T00:00:00Z"/>
  <node id="165" lat="27.04992666" lon="-109.73286667" version="1" changeset="1" user="osm_generator" uid="1" timestamp="2026-06-02T00:00:00Z"/>
  <node id="166" lat="27.04992666" lon="-109.72781642" version="1" changeset="1" user="osm_generator" uid="1" timestamp="2026-06-02T00:00:00Z"/>
  <node id="167" lat="27.04773232" lon="-109.72781642" version="1" changeset="1" user="osm_generator" uid="1" timestamp="2026-06-02T00:00:00Z"/>
  <node id="168" lat="27.04773232" lon="-109.73286667" version="1" changeset="1" user="osm_generator" uid="1" timestamp="2026-06-02T00:00:00Z"/>
  <node id="169" lat="27.04762440" lon="-109.73803812" version="1" changeset="1" user="osm_generator" uid="1" timestamp="2026-06-02T00:00:00Z"/>
  <node id="170" lat="27.04762440" lon="-109.73298787" version="1" changeset="1" user="osm_generator" uid="1" timestamp="2026-06-02T00:00:00Z"/>
  <node id="171" lat="27.04543006" lon="-109.73298787" version="1" changeset="1" user="osm_generator" uid="1" timestamp="2026-06-02T00:00:00Z"/>
  <node id="172" lat="27.04543006" lon="-109.73803812" version="1" changeset="1" user="osm_generator" uid="1" timestamp="2026-06-02T00:00:00Z"/>
  <node id="173" lat="27.04762440" lon="-109.73286667" version="1" changeset="1" user="osm_generator" uid="1" timestamp="2026-06-02T00:00:00Z"/>
  <node id="174" lat="27.04762440" lon="-109.72781642" version="1" changeset="1" user="osm_generator" uid="1" timestamp="2026-06-02T00:00:00Z"/>
  <node id="175" lat="27.04543006" lon="-109.72781642" version="1" changeset="1" user="osm_generator" uid="1" timestamp="2026-06-02T00:00:00Z"/>
  <node id="176" lat="27.04543006" lon="-109.73286667" version="1" changeset="1" user="osm_generator" uid="1" timestamp="2026-06-02T00:00:00Z"/>
  <node id="177" lat="27.04532214" lon="-109.73803812" version="1" changeset="1" user="osm_generator" uid="1" timestamp="2026-06-02T00:00:00Z"/>
  <node id="178" lat="27.04532214" lon="-109.73298787" version="1" changeset="1" user="osm_generator" uid="1" timestamp="2026-06-02T00:00:00Z"/>
  <node id="179" lat="27.04402712" lon="-109.73298787" version="1" changeset="1" user="osm_generator" uid="1" timestamp="2026-06-02T00:00:00Z"/>
  <node id="180" lat="27.04402712" lon="-109.73803812" version="1" changeset="1" user="osm_generator" uid="1" timestamp="2026-06-02T00:00:00Z"/>
  <node id="181" lat="27.04532214" lon="-109.73286667" version="1" changeset="1" user="osm_generator" uid="1" timestamp="2026-06-02T00:00:00Z"/>
  <node id="182" lat="27.04532214" lon="-109.72781642" version="1" changeset="1" user="osm_generator" uid="1" timestamp="2026-06-02T00:00:00Z"/>
  <node id="183" lat="27.04402712" lon="-109.72781642" version="1" changeset="1" user="osm_generator" uid="1" timestamp="2026-06-02T00:00:00Z"/>
  <node id="184" lat="27.04402712" lon="-109.73286667" version="1" changeset="1" user="osm_generator" uid="1" timestamp="2026-06-02T00:00:00Z"/>
  <node id="185" lat="27.11579288" lon="-109.72769521" version="1" changeset="1" user="osm_generator" uid="1" timestamp="2026-06-02T00:00:00Z"/>
  <node id="186" lat="27.11579288" lon="-109.72298814" version="1" changeset="1" user="osm_generator" uid="1" timestamp="2026-06-02T00:00:00Z"/>
  <node id="187" lat="27.10779792" lon="-109.72298814" version="1" changeset="1" user="osm_generator" uid="1" timestamp="2026-06-02T00:00:00Z"/>
  <node id="188" lat="27.10779792" lon="-109.72769521" version="1" changeset="1" user="osm_generator" uid="1" timestamp="2026-06-02T00:00:00Z"/>
  <node id="189" lat="27.11579288" lon="-109.72286694" version="1" changeset="1" user="osm_generator" uid="1" timestamp="2026-06-02T00:00:00Z"/>
  <node id="190" lat="27.11579288" lon="-109.71747351" version="1" changeset="1" user="osm_generator" uid="1" timestamp="2026-06-02T00:00:00Z"/>
  <node id="191" lat="27.10779792" lon="-109.71747351" version="1" changeset="1" user="osm_generator" uid="1" timestamp="2026-06-02T00:00:00Z"/>
  <node id="192" lat="27.10779792" lon="-109.72286694" version="1" changeset="1" user="osm_generator" uid="1" timestamp="2026-06-02T00:00:00Z"/>
  <node id="193" lat="27.10727632" lon="-109.72252376" version="1" changeset="1" user="osm_generator" uid="1" timestamp="2026-06-02T00:00:00Z"/>
  <node id="194" lat="27.10727632" lon="-109.71763512" version="1" changeset="1" user="osm_generator" uid="1" timestamp="2026-06-02T00:00:00Z"/>
  <node id="195" lat="27.09852593" lon="-109.71763512" version="1" changeset="1" user="osm_generator" uid="1" timestamp="2026-06-02T00:00:00Z"/>
  <node id="196" lat="27.09852593" lon="-109.72252376" version="1" changeset="1" user="osm_generator" uid="1" timestamp="2026-06-02T00:00:00Z"/>
  <node id="197" lat="27.09813023" lon="-109.72753360" version="1" changeset="1" user="osm_generator" uid="1" timestamp="2026-06-02T00:00:00Z"/>
  <node id="198" lat="27.09813023" lon="-109.72354954" version="1" changeset="1" user="osm_generator" uid="1" timestamp="2026-06-02T00:00:00Z"/>
  <node id="199" lat="27.08931689" lon="-109.72354954" version="1" changeset="1" user="osm_generator" uid="1" timestamp="2026-06-02T00:00:00Z"/>
  <node id="200" lat="27.08931689" lon="-109.72753360" version="1" changeset="1" user="osm_generator" uid="1" timestamp="2026-06-02T00:00:00Z"/>
  <node id="201" lat="27.09813023" lon="-109.72342833" version="1" changeset="1" user="osm_generator" uid="1" timestamp="2026-06-02T00:00:00Z"/>
  <node id="202" lat="27.09813023" lon="-109.71763512" version="1" changeset="1" user="osm_generator" uid="1" timestamp="2026-06-02T00:00:00Z"/>
  <node id="203" lat="27.08931689" lon="-109.71763512" version="1" changeset="1" user="osm_generator" uid="1" timestamp="2026-06-02T00:00:00Z"/>
  <node id="204" lat="27.08931689" lon="-109.72342833" version="1" changeset="1" user="osm_generator" uid="1" timestamp="2026-06-02T00:00:00Z"/>
  <node id="205" lat="27.08892119" lon="-109.72753360" version="1" changeset="1" user="osm_generator" uid="1" timestamp="2026-06-02T00:00:00Z"/>
  <node id="206" lat="27.08892119" lon="-109.72152825" version="1" changeset="1" user="osm_generator" uid="1" timestamp="2026-06-02T00:00:00Z"/>
  <node id="207" lat="27.08010785" lon="-109.72152825" version="1" changeset="1" user="osm_generator" uid="1" timestamp="2026-06-02T00:00:00Z"/>
  <node id="208" lat="27.08010785" lon="-109.72753360" version="1" changeset="1" user="osm_generator" uid="1" timestamp="2026-06-02T00:00:00Z"/>
  <node id="209" lat="27.08892119" lon="-109.72140704" version="1" changeset="1" user="osm_generator" uid="1" timestamp="2026-06-02T00:00:00Z"/>
  <node id="210" lat="27.08892119" lon="-109.71763512" version="1" changeset="1" user="osm_generator" uid="1" timestamp="2026-06-02T00:00:00Z"/>
  <node id="211" lat="27.08010785" lon="-109.71763512" version="1" changeset="1" user="osm_generator" uid="1" timestamp="2026-06-02T00:00:00Z"/>
  <node id="212" lat="27.08010785" lon="-109.72140704" version="1" changeset="1" user="osm_generator" uid="1" timestamp="2026-06-02T00:00:00Z"/>
  <node id="213" lat="27.07971215" lon="-109.72753360" version="1" changeset="1" user="osm_generator" uid="1" timestamp="2026-06-02T00:00:00Z"/>
  <node id="214" lat="27.07971215" lon="-109.72351121" version="1" changeset="1" user="osm_generator" uid="1" timestamp="2026-06-02T00:00:00Z"/>
  <node id="215" lat="27.07089881" lon="-109.72351121" version="1" changeset="1" user="osm_generator" uid="1" timestamp="2026-06-02T00:00:00Z"/>
  <node id="216" lat="27.07089881" lon="-109.72753360" version="1" changeset="1" user="osm_generator" uid="1" timestamp="2026-06-02T00:00:00Z"/>
  <node id="217" lat="27.07971215" lon="-109.72339001" version="1" changeset="1" user="osm_generator" uid="1" timestamp="2026-06-02T00:00:00Z"/>
  <node id="218" lat="27.07971215" lon="-109.71763512" version="1" changeset="1" user="osm_generator" uid="1" timestamp="2026-06-02T00:00:00Z"/>
  <node id="219" lat="27.07089881" lon="-109.71763512" version="1" changeset="1" user="osm_generator" uid="1" timestamp="2026-06-02T00:00:00Z"/>
  <node id="220" lat="27.07089881" lon="-109.72339001" version="1" changeset="1" user="osm_generator" uid="1" timestamp="2026-06-02T00:00:00Z"/>
  <node id="221" lat="27.07050311" lon="-109.72753360" version="1" changeset="1" user="osm_generator" uid="1" timestamp="2026-06-02T00:00:00Z"/>
  <node id="222" lat="27.07050311" lon="-109.72452844" version="1" changeset="1" user="osm_generator" uid="1" timestamp="2026-06-02T00:00:00Z"/>
  <node id="223" lat="27.06168977" lon="-109.72452844" version="1" changeset="1" user="osm_generator" uid="1" timestamp="2026-06-02T00:00:00Z"/>
  <node id="224" lat="27.06168977" lon="-109.72753360" version="1" changeset="1" user="osm_generator" uid="1" timestamp="2026-06-02T00:00:00Z"/>
  <node id="225" lat="27.07050311" lon="-109.72440723" version="1" changeset="1" user="osm_generator" uid="1" timestamp="2026-06-02T00:00:00Z"/>
  <node id="226" lat="27.07050311" lon="-109.71763512" version="1" changeset="1" user="osm_generator" uid="1" timestamp="2026-06-02T00:00:00Z"/>
  <node id="227" lat="27.06168977" lon="-109.71763512" version="1" changeset="1" user="osm_generator" uid="1" timestamp="2026-06-02T00:00:00Z"/>
  <node id="228" lat="27.06168977" lon="-109.72440723" version="1" changeset="1" user="osm_generator" uid="1" timestamp="2026-06-02T00:00:00Z"/>
  <node id="229" lat="27.06129407" lon="-109.72753360" version="1" changeset="1" user="osm_generator" uid="1" timestamp="2026-06-02T00:00:00Z"/>
  <node id="230" lat="27.06129407" lon="-109.72294909" version="1" changeset="1" user="osm_generator" uid="1" timestamp="2026-06-02T00:00:00Z"/>
  <node id="231" lat="27.05519848" lon="-109.72294909" version="1" changeset="1" user="osm_generator" uid="1" timestamp="2026-06-02T00:00:00Z"/>
  <node id="232" lat="27.05519848" lon="-109.72753360" version="1" changeset="1" user="osm_generator" uid="1" timestamp="2026-06-02T00:00:00Z"/>
  <node id="233" lat="27.05509056" lon="-109.72753360" version="1" changeset="1" user="osm_generator" uid="1" timestamp="2026-06-02T00:00:00Z"/>
  <node id="234" lat="27.05509056" lon="-109.72419640" version="1" changeset="1" user="osm_generator" uid="1" timestamp="2026-06-02T00:00:00Z"/>
  <node id="235" lat="27.05254368" lon="-109.72419640" version="1" changeset="1" user="osm_generator" uid="1" timestamp="2026-06-02T00:00:00Z"/>
  <node id="236" lat="27.05254368" lon="-109.72753360" version="1" changeset="1" user="osm_generator" uid="1" timestamp="2026-06-02T00:00:00Z"/>
  <node id="237" lat="27.06129407" lon="-109.72282789" version="1" changeset="1" user="osm_generator" uid="1" timestamp="2026-06-02T00:00:00Z"/>
  <node id="238" lat="27.06129407" lon="-109.71763512" version="1" changeset="1" user="osm_generator" uid="1" timestamp="2026-06-02T00:00:00Z"/>
  <node id="239" lat="27.05519848" lon="-109.71763512" version="1" changeset="1" user="osm_generator" uid="1" timestamp="2026-06-02T00:00:00Z"/>
  <node id="240" lat="27.05519848" lon="-109.72282789" version="1" changeset="1" user="osm_generator" uid="1" timestamp="2026-06-02T00:00:00Z"/>
  <node id="241" lat="27.05509056" lon="-109.72097232" version="1" changeset="1" user="osm_generator" uid="1" timestamp="2026-06-02T00:00:00Z"/>
  <node id="242" lat="27.05509056" lon="-109.71763512" version="1" changeset="1" user="osm_generator" uid="1" timestamp="2026-06-02T00:00:00Z"/>
  <node id="243" lat="27.05254368" lon="-109.71763512" version="1" changeset="1" user="osm_generator" uid="1" timestamp="2026-06-02T00:00:00Z"/>
  <node id="244" lat="27.05254368" lon="-109.72097232" version="1" changeset="1" user="osm_generator" uid="1" timestamp="2026-06-02T00:00:00Z"/>
  <node id="245" lat="27.05202208" lon="-109.72769521" version="1" changeset="1" user="osm_generator" uid="1" timestamp="2026-06-02T00:00:00Z"/>
  <node id="246" lat="27.05202208" lon="-109.72264496" version="1" changeset="1" user="osm_generator" uid="1" timestamp="2026-06-02T00:00:00Z"/>
  <node id="247" lat="27.05003458" lon="-109.72264496" version="1" changeset="1" user="osm_generator" uid="1" timestamp="2026-06-02T00:00:00Z"/>
  <node id="248" lat="27.05003458" lon="-109.72769521" version="1" changeset="1" user="osm_generator" uid="1" timestamp="2026-06-02T00:00:00Z"/>
  <node id="249" lat="27.05202208" lon="-109.72252376" version="1" changeset="1" user="osm_generator" uid="1" timestamp="2026-06-02T00:00:00Z"/>
  <node id="250" lat="27.05202208" lon="-109.71747351" version="1" changeset="1" user="osm_generator" uid="1" timestamp="2026-06-02T00:00:00Z"/>
  <node id="251" lat="27.05003458" lon="-109.71747351" version="1" changeset="1" user="osm_generator" uid="1" timestamp="2026-06-02T00:00:00Z"/>
  <node id="252" lat="27.05003458" lon="-109.72252376" version="1" changeset="1" user="osm_generator" uid="1" timestamp="2026-06-02T00:00:00Z"/>
  <node id="253" lat="27.04992666" lon="-109.72769521" version="1" changeset="1" user="osm_generator" uid="1" timestamp="2026-06-02T00:00:00Z"/>
  <node id="254" lat="27.04992666" lon="-109.72264496" version="1" changeset="1" user="osm_generator" uid="1" timestamp="2026-06-02T00:00:00Z"/>
  <node id="255" lat="27.04773232" lon="-109.72264496" version="1" changeset="1" user="osm_generator" uid="1" timestamp="2026-06-02T00:00:00Z"/>
  <node id="256" lat="27.04773232" lon="-109.72769521" version="1" changeset="1" user="osm_generator" uid="1" timestamp="2026-06-02T00:00:00Z"/>
  <node id="257" lat="27.04992666" lon="-109.72252376" version="1" changeset="1" user="osm_generator" uid="1" timestamp="2026-06-02T00:00:00Z"/>
  <node id="258" lat="27.04992666" lon="-109.71747351" version="1" changeset="1" user="osm_generator" uid="1" timestamp="2026-06-02T00:00:00Z"/>
  <node id="259" lat="27.04773232" lon="-109.71747351" version="1" changeset="1" user="osm_generator" uid="1" timestamp="2026-06-02T00:00:00Z"/>
  <node id="260" lat="27.04773232" lon="-109.72252376" version="1" changeset="1" user="osm_generator" uid="1" timestamp="2026-06-02T00:00:00Z"/>
  <node id="261" lat="27.04762440" lon="-109.72769521" version="1" changeset="1" user="osm_generator" uid="1" timestamp="2026-06-02T00:00:00Z"/>
  <node id="262" lat="27.04762440" lon="-109.72264496" version="1" changeset="1" user="osm_generator" uid="1" timestamp="2026-06-02T00:00:00Z"/>
  <node id="263" lat="27.04543006" lon="-109.72264496" version="1" changeset="1" user="osm_generator" uid="1" timestamp="2026-06-02T00:00:00Z"/>
  <node id="264" lat="27.04543006" lon="-109.72769521" version="1" changeset="1" user="osm_generator" uid="1" timestamp="2026-06-02T00:00:00Z"/>
  <node id="265" lat="27.04762440" lon="-109.72252376" version="1" changeset="1" user="osm_generator" uid="1" timestamp="2026-06-02T00:00:00Z"/>
  <node id="266" lat="27.04762440" lon="-109.71747351" version="1" changeset="1" user="osm_generator" uid="1" timestamp="2026-06-02T00:00:00Z"/>
  <node id="267" lat="27.04543006" lon="-109.71747351" version="1" changeset="1" user="osm_generator" uid="1" timestamp="2026-06-02T00:00:00Z"/>
  <node id="268" lat="27.04543006" lon="-109.72252376" version="1" changeset="1" user="osm_generator" uid="1" timestamp="2026-06-02T00:00:00Z"/>
  <node id="269" lat="27.04532214" lon="-109.72769521" version="1" changeset="1" user="osm_generator" uid="1" timestamp="2026-06-02T00:00:00Z"/>
  <node id="270" lat="27.04532214" lon="-109.72264496" version="1" changeset="1" user="osm_generator" uid="1" timestamp="2026-06-02T00:00:00Z"/>
  <node id="271" lat="27.04402712" lon="-109.72264496" version="1" changeset="1" user="osm_generator" uid="1" timestamp="2026-06-02T00:00:00Z"/>
  <node id="272" lat="27.04402712" lon="-109.72769521" version="1" changeset="1" user="osm_generator" uid="1" timestamp="2026-06-02T00:00:00Z"/>
  <node id="273" lat="27.04532214" lon="-109.72252376" version="1" changeset="1" user="osm_generator" uid="1" timestamp="2026-06-02T00:00:00Z"/>
  <node id="274" lat="27.04532214" lon="-109.71747351" version="1" changeset="1" user="osm_generator" uid="1" timestamp="2026-06-02T00:00:00Z"/>
  <node id="275" lat="27.04402712" lon="-109.71747351" version="1" changeset="1" user="osm_generator" uid="1" timestamp="2026-06-02T00:00:00Z"/>
  <node id="276" lat="27.04402712" lon="-109.72252376" version="1" changeset="1" user="osm_generator" uid="1" timestamp="2026-06-02T00:00:00Z"/>
  <node id="277" lat="27.11579288" lon="-109.71735230" version="1" changeset="1" user="osm_generator" uid="1" timestamp="2026-06-02T00:00:00Z"/>
  <node id="278" lat="27.11579288" lon="-109.71032870" version="1" changeset="1" user="osm_generator" uid="1" timestamp="2026-06-02T00:00:00Z"/>
  <node id="279" lat="27.10779792" lon="-109.71032870" version="1" changeset="1" user="osm_generator" uid="1" timestamp="2026-06-02T00:00:00Z"/>
  <node id="280" lat="27.10779792" lon="-109.71735230" version="1" changeset="1" user="osm_generator" uid="1" timestamp="2026-06-02T00:00:00Z"/>
  <node id="281" lat="27.11579288" lon="-109.71020749" version="1" changeset="1" user="osm_generator" uid="1" timestamp="2026-06-02T00:00:00Z"/>
  <node id="282" lat="27.11579288" lon="-109.70713060" version="1" changeset="1" user="osm_generator" uid="1" timestamp="2026-06-02T00:00:00Z"/>
  <node id="283" lat="27.11572094" lon="-109.70713060" version="1" changeset="1" user="osm_generator" uid="1" timestamp="2026-06-02T00:00:00Z"/>
  <node id="284" lat="27.11572094" lon="-109.71020749" version="1" changeset="1" user="osm_generator" uid="1" timestamp="2026-06-02T00:00:00Z"/>
  <node id="285" lat="27.10801376" lon="-109.71020749" version="1" changeset="1" user="osm_generator" uid="1" timestamp="2026-06-02T00:00:00Z"/>
  <node id="286" lat="27.10801376" lon="-109.70713060" version="1" changeset="1" user="osm_generator" uid="1" timestamp="2026-06-02T00:00:00Z"/>
  <node id="287" lat="27.10779792" lon="-109.70713060" version="1" changeset="1" user="osm_generator" uid="1" timestamp="2026-06-02T00:00:00Z"/>
  <node id="288" lat="27.10779792" lon="-109.71020749" version="1" changeset="1" user="osm_generator" uid="1" timestamp="2026-06-02T00:00:00Z"/>
  <node id="289" lat="27.11561302" lon="-109.71020749" version="1" changeset="1" user="osm_generator" uid="1" timestamp="2026-06-02T00:00:00Z"/>
  <node id="290" lat="27.11561302" lon="-109.70961532" version="1" changeset="1" user="osm_generator" uid="1" timestamp="2026-06-02T00:00:00Z"/>
  <node id="291" lat="27.10812168" lon="-109.70961532" version="1" changeset="1" user="osm_generator" uid="1" timestamp="2026-06-02T00:00:00Z"/>
  <node id="292" lat="27.10812168" lon="-109.71020749" version="1" changeset="1" user="osm_generator" uid="1" timestamp="2026-06-02T00:00:00Z"/>
  <node id="293" lat="27.10727632" lon="-109.71719070" version="1" changeset="1" user="osm_generator" uid="1" timestamp="2026-06-02T00:00:00Z"/>
  <node id="294" lat="27.10727632" lon="-109.71421018" version="1" changeset="1" user="osm_generator" uid="1" timestamp="2026-06-02T00:00:00Z"/>
  <node id="295" lat="27.09852593" lon="-109.71421018" version="1" changeset="1" user="osm_generator" uid="1" timestamp="2026-06-02T00:00:00Z"/>
  <node id="296" lat="27.09852593" lon="-109.71719070" version="1" changeset="1" user="osm_generator" uid="1" timestamp="2026-06-02T00:00:00Z"/>
  <node id="297" lat="27.10727632" lon="-109.71408898" version="1" changeset="1" user="osm_generator" uid="1" timestamp="2026-06-02T00:00:00Z"/>
  <node id="298" lat="27.10727632" lon="-109.70729221" version="1" changeset="1" user="osm_generator" uid="1" timestamp="2026-06-02T00:00:00Z"/>
  <node id="299" lat="27.09852593" lon="-109.70729221" version="1" changeset="1" user="osm_generator" uid="1" timestamp="2026-06-02T00:00:00Z"/>
  <node id="300" lat="27.09852593" lon="-109.71408898" version="1" changeset="1" user="osm_generator" uid="1" timestamp="2026-06-02T00:00:00Z"/>
  <node id="301" lat="27.09813023" lon="-109.71719070" version="1" changeset="1" user="osm_generator" uid="1" timestamp="2026-06-02T00:00:00Z"/>
  <node id="302" lat="27.09813023" lon="-109.71408041" version="1" changeset="1" user="osm_generator" uid="1" timestamp="2026-06-02T00:00:00Z"/>
  <node id="303" lat="27.08931689" lon="-109.71408041" version="1" changeset="1" user="osm_generator" uid="1" timestamp="2026-06-02T00:00:00Z"/>
  <node id="304" lat="27.08931689" lon="-109.71719070" version="1" changeset="1" user="osm_generator" uid="1" timestamp="2026-06-02T00:00:00Z"/>
  <node id="305" lat="27.09813023" lon="-109.71395921" version="1" changeset="1" user="osm_generator" uid="1" timestamp="2026-06-02T00:00:00Z"/>
  <node id="306" lat="27.09813023" lon="-109.70729221" version="1" changeset="1" user="osm_generator" uid="1" timestamp="2026-06-02T00:00:00Z"/>
  <node id="307" lat="27.08931689" lon="-109.70729221" version="1" changeset="1" user="osm_generator" uid="1" timestamp="2026-06-02T00:00:00Z"/>
  <node id="308" lat="27.08931689" lon="-109.71395921" version="1" changeset="1" user="osm_generator" uid="1" timestamp="2026-06-02T00:00:00Z"/>
  <node id="309" lat="27.08892119" lon="-109.71719070" version="1" changeset="1" user="osm_generator" uid="1" timestamp="2026-06-02T00:00:00Z"/>
  <node id="310" lat="27.08892119" lon="-109.71215395" version="1" changeset="1" user="osm_generator" uid="1" timestamp="2026-06-02T00:00:00Z"/>
  <node id="311" lat="27.08010785" lon="-109.71215395" version="1" changeset="1" user="osm_generator" uid="1" timestamp="2026-06-02T00:00:00Z"/>
  <node id="312" lat="27.08010785" lon="-109.71719070" version="1" changeset="1" user="osm_generator" uid="1" timestamp="2026-06-02T00:00:00Z"/>
  <node id="313" lat="27.08892119" lon="-109.71203275" version="1" changeset="1" user="osm_generator" uid="1" timestamp="2026-06-02T00:00:00Z"/>
  <node id="314" lat="27.08892119" lon="-109.70729221" version="1" changeset="1" user="osm_generator" uid="1" timestamp="2026-06-02T00:00:00Z"/>
  <node id="315" lat="27.08010785" lon="-109.70729221" version="1" changeset="1" user="osm_generator" uid="1" timestamp="2026-06-02T00:00:00Z"/>
  <node id="316" lat="27.08010785" lon="-109.71203275" version="1" changeset="1" user="osm_generator" uid="1" timestamp="2026-06-02T00:00:00Z"/>
  <node id="317" lat="27.07971215" lon="-109.71719070" version="1" changeset="1" user="osm_generator" uid="1" timestamp="2026-06-02T00:00:00Z"/>
  <node id="318" lat="27.07971215" lon="-109.70729221" version="1" changeset="1" user="osm_generator" uid="1" timestamp="2026-06-02T00:00:00Z"/>
  <node id="319" lat="27.07089881" lon="-109.70729221" version="1" changeset="1" user="osm_generator" uid="1" timestamp="2026-06-02T00:00:00Z"/>
  <node id="320" lat="27.07089881" lon="-109.71719070" version="1" changeset="1" user="osm_generator" uid="1" timestamp="2026-06-02T00:00:00Z"/>
  <node id="321" lat="27.07050311" lon="-109.71719070" version="1" changeset="1" user="osm_generator" uid="1" timestamp="2026-06-02T00:00:00Z"/>
  <node id="322" lat="27.07050311" lon="-109.70729221" version="1" changeset="1" user="osm_generator" uid="1" timestamp="2026-06-02T00:00:00Z"/>
  <node id="323" lat="27.06168977" lon="-109.70729221" version="1" changeset="1" user="osm_generator" uid="1" timestamp="2026-06-02T00:00:00Z"/>
  <node id="324" lat="27.06168977" lon="-109.71719070" version="1" changeset="1" user="osm_generator" uid="1" timestamp="2026-06-02T00:00:00Z"/>
  <node id="325" lat="27.06129407" lon="-109.71719070" version="1" changeset="1" user="osm_generator" uid="1" timestamp="2026-06-02T00:00:00Z"/>
  <node id="326" lat="27.06129407" lon="-109.70729221" version="1" changeset="1" user="osm_generator" uid="1" timestamp="2026-06-02T00:00:00Z"/>
  <node id="327" lat="27.05254368" lon="-109.70729221" version="1" changeset="1" user="osm_generator" uid="1" timestamp="2026-06-02T00:00:00Z"/>
  <node id="328" lat="27.05254368" lon="-109.71719070" version="1" changeset="1" user="osm_generator" uid="1" timestamp="2026-06-02T00:00:00Z"/>
  <node id="329" lat="27.05202208" lon="-109.71735230" version="1" changeset="1" user="osm_generator" uid="1" timestamp="2026-06-02T00:00:00Z"/>
  <node id="330" lat="27.05202208" lon="-109.71230206" version="1" changeset="1" user="osm_generator" uid="1" timestamp="2026-06-02T00:00:00Z"/>
  <node id="331" lat="27.05003458" lon="-109.71230206" version="1" changeset="1" user="osm_generator" uid="1" timestamp="2026-06-02T00:00:00Z"/>
  <node id="332" lat="27.05003458" lon="-109.71735230" version="1" changeset="1" user="osm_generator" uid="1" timestamp="2026-06-02T00:00:00Z"/>
  <node id="333" lat="27.05202208" lon="-109.71218085" version="1" changeset="1" user="osm_generator" uid="1" timestamp="2026-06-02T00:00:00Z"/>
  <node id="334" lat="27.05202208" lon="-109.70713060" version="1" changeset="1" user="osm_generator" uid="1" timestamp="2026-06-02T00:00:00Z"/>
  <node id="335" lat="27.05003458" lon="-109.70713060" version="1" changeset="1" user="osm_generator" uid="1" timestamp="2026-06-02T00:00:00Z"/>
  <node id="336" lat="27.05003458" lon="-109.71218085" version="1" changeset="1" user="osm_generator" uid="1" timestamp="2026-06-02T00:00:00Z"/>
  <node id="337" lat="27.04992666" lon="-109.71735230" version="1" changeset="1" user="osm_generator" uid="1" timestamp="2026-06-02T00:00:00Z"/>
  <node id="338" lat="27.04992666" lon="-109.71230206" version="1" changeset="1" user="osm_generator" uid="1" timestamp="2026-06-02T00:00:00Z"/>
  <node id="339" lat="27.04773232" lon="-109.71230206" version="1" changeset="1" user="osm_generator" uid="1" timestamp="2026-06-02T00:00:00Z"/>
  <node id="340" lat="27.04773232" lon="-109.71735230" version="1" changeset="1" user="osm_generator" uid="1" timestamp="2026-06-02T00:00:00Z"/>
  <node id="341" lat="27.04992666" lon="-109.71218085" version="1" changeset="1" user="osm_generator" uid="1" timestamp="2026-06-02T00:00:00Z"/>
  <node id="342" lat="27.04992666" lon="-109.70713060" version="1" changeset="1" user="osm_generator" uid="1" timestamp="2026-06-02T00:00:00Z"/>
  <node id="343" lat="27.04773232" lon="-109.70713060" version="1" changeset="1" user="osm_generator" uid="1" timestamp="2026-06-02T00:00:00Z"/>
  <node id="344" lat="27.04773232" lon="-109.71218085" version="1" changeset="1" user="osm_generator" uid="1" timestamp="2026-06-02T00:00:00Z"/>
  <node id="345" lat="27.04762440" lon="-109.71735230" version="1" changeset="1" user="osm_generator" uid="1" timestamp="2026-06-02T00:00:00Z"/>
  <node id="346" lat="27.04762440" lon="-109.71230206" version="1" changeset="1" user="osm_generator" uid="1" timestamp="2026-06-02T00:00:00Z"/>
  <node id="347" lat="27.04543006" lon="-109.71230206" version="1" changeset="1" user="osm_generator" uid="1" timestamp="2026-06-02T00:00:00Z"/>
  <node id="348" lat="27.04543006" lon="-109.71735230" version="1" changeset="1" user="osm_generator" uid="1" timestamp="2026-06-02T00:00:00Z"/>
  <node id="349" lat="27.04762440" lon="-109.71218085" version="1" changeset="1" user="osm_generator" uid="1" timestamp="2026-06-02T00:00:00Z"/>
  <node id="350" lat="27.04762440" lon="-109.70713060" version="1" changeset="1" user="osm_generator" uid="1" timestamp="2026-06-02T00:00:00Z"/>
  <node id="351" lat="27.04543006" lon="-109.70713060" version="1" changeset="1" user="osm_generator" uid="1" timestamp="2026-06-02T00:00:00Z"/>
  <node id="352" lat="27.04543006" lon="-109.71218085" version="1" changeset="1" user="osm_generator" uid="1" timestamp="2026-06-02T00:00:00Z"/>
  <node id="353" lat="27.04532214" lon="-109.71735230" version="1" changeset="1" user="osm_generator" uid="1" timestamp="2026-06-02T00:00:00Z"/>
  <node id="354" lat="27.04532214" lon="-109.71230206" version="1" changeset="1" user="osm_generator" uid="1" timestamp="2026-06-02T00:00:00Z"/>
  <node id="355" lat="27.04402712" lon="-109.71230206" version="1" changeset="1" user="osm_generator" uid="1" timestamp="2026-06-02T00:00:00Z"/>
  <node id="356" lat="27.04402712" lon="-109.71735230" version="1" changeset="1" user="osm_generator" uid="1" timestamp="2026-06-02T00:00:00Z"/>
  <node id="357" lat="27.04532214" lon="-109.71218085" version="1" changeset="1" user="osm_generator" uid="1" timestamp="2026-06-02T00:00:00Z"/>
  <node id="358" lat="27.04532214" lon="-109.70713060" version="1" changeset="1" user="osm_generator" uid="1" timestamp="2026-06-02T00:00:00Z"/>
  <node id="359" lat="27.04402712" lon="-109.70713060" version="1" changeset="1" user="osm_generator" uid="1" timestamp="2026-06-02T00:00:00Z"/>
  <node id="360" lat="27.04402712" lon="-109.71218085" version="1" changeset="1" user="osm_generator" uid="1" timestamp="2026-06-02T00:00:00Z"/>
  <node id="361" lat="27.11579288" lon="-109.70700940" version="1" changeset="1" user="osm_generator" uid="1" timestamp="2026-06-02T00:00:00Z"/>
  <node id="362" lat="27.11579288" lon="-109.70314846" version="1" changeset="1" user="osm_generator" uid="1" timestamp="2026-06-02T00:00:00Z"/>
  <node id="363" lat="27.11572094" lon="-109.70314846" version="1" changeset="1" user="osm_generator" uid="1" timestamp="2026-06-02T00:00:00Z"/>
  <node id="364" lat="27.11572094" lon="-109.70700940" version="1" changeset="1" user="osm_generator" uid="1" timestamp="2026-06-02T00:00:00Z"/>
  <node id="365" lat="27.10801376" lon="-109.70700940" version="1" changeset="1" user="osm_generator" uid="1" timestamp="2026-06-02T00:00:00Z"/>
  <node id="366" lat="27.10801376" lon="-109.70314846" version="1" changeset="1" user="osm_generator" uid="1" timestamp="2026-06-02T00:00:00Z"/>
  <node id="367" lat="27.10779792" lon="-109.70314846" version="1" changeset="1" user="osm_generator" uid="1" timestamp="2026-06-02T00:00:00Z"/>
  <node id="368" lat="27.10779792" lon="-109.70700940" version="1" changeset="1" user="osm_generator" uid="1" timestamp="2026-06-02T00:00:00Z"/>
  <node id="369" lat="27.11579288" lon="-109.70302726" version="1" changeset="1" user="osm_generator" uid="1" timestamp="2026-06-02T00:00:00Z"/>
  <node id="370" lat="27.11579288" lon="-109.69678770" version="1" changeset="1" user="osm_generator" uid="1" timestamp="2026-06-02T00:00:00Z"/>
  <node id="371" lat="27.11572094" lon="-109.69678770" version="1" changeset="1" user="osm_generator" uid="1" timestamp="2026-06-02T00:00:00Z"/>
  <node id="372" lat="27.11572094" lon="-109.70302726" version="1" changeset="1" user="osm_generator" uid="1" timestamp="2026-06-02T00:00:00Z"/>
  <node id="373" lat="27.10801376" lon="-109.70302726" version="1" changeset="1" user="osm_generator" uid="1" timestamp="2026-06-02T00:00:00Z"/>
  <node id="374" lat="27.10801376" lon="-109.69678770" version="1" changeset="1" user="osm_generator" uid="1" timestamp="2026-06-02T00:00:00Z"/>
  <node id="375" lat="27.10779792" lon="-109.69678770" version="1" changeset="1" user="osm_generator" uid="1" timestamp="2026-06-02T00:00:00Z"/>
  <node id="376" lat="27.10779792" lon="-109.70302726" version="1" changeset="1" user="osm_generator" uid="1" timestamp="2026-06-02T00:00:00Z"/>
  <node id="377" lat="27.10508198" lon="-109.70684779" version="1" changeset="1" user="osm_generator" uid="1" timestamp="2026-06-02T00:00:00Z"/>
  <node id="378" lat="27.10508198" lon="-109.69694930" version="1" changeset="1" user="osm_generator" uid="1" timestamp="2026-06-02T00:00:00Z"/>
  <node id="379" lat="27.09852593" lon="-109.69694930" version="1" changeset="1" user="osm_generator" uid="1" timestamp="2026-06-02T00:00:00Z"/>
  <node id="380" lat="27.09852593" lon="-109.70684779" version="1" changeset="1" user="osm_generator" uid="1" timestamp="2026-06-02T00:00:00Z"/>
  <node id="381" lat="27.10727632" lon="-109.70684779" version="1" changeset="1" user="osm_generator" uid="1" timestamp="2026-06-02T00:00:00Z"/>
  <node id="382" lat="27.10727632" lon="-109.70325201" version="1" changeset="1" user="osm_generator" uid="1" timestamp="2026-06-02T00:00:00Z"/>
  <node id="383" lat="27.10518989" lon="-109.70325201" version="1" changeset="1" user="osm_generator" uid="1" timestamp="2026-06-02T00:00:00Z"/>
  <node id="384" lat="27.10518989" lon="-109.70684779" version="1" changeset="1" user="osm_generator" uid="1" timestamp="2026-06-02T00:00:00Z"/>
  <node id="385" lat="27.10727632" lon="-109.70054508" version="1" changeset="1" user="osm_generator" uid="1" timestamp="2026-06-02T00:00:00Z"/>
  <node id="386" lat="27.10727632" lon="-109.69694930" version="1" changeset="1" user="osm_generator" uid="1" timestamp="2026-06-02T00:00:00Z"/>
  <node id="387" lat="27.10518989" lon="-109.69694930" version="1" changeset="1" user="osm_generator" uid="1" timestamp="2026-06-02T00:00:00Z"/>
  <node id="388" lat="27.10518989" lon="-109.70054508" version="1" changeset="1" user="osm_generator" uid="1" timestamp="2026-06-02T00:00:00Z"/>
  <node id="389" lat="27.09813023" lon="-109.70684779" version="1" changeset="1" user="osm_generator" uid="1" timestamp="2026-06-02T00:00:00Z"/>
  <node id="390" lat="27.09813023" lon="-109.70243558" version="1" changeset="1" user="osm_generator" uid="1" timestamp="2026-06-02T00:00:00Z"/>
  <node id="391" lat="27.08931689" lon="-109.70243558" version="1" changeset="1" user="osm_generator" uid="1" timestamp="2026-06-02T00:00:00Z"/>
  <node id="392" lat="27.08931689" lon="-109.70684779" version="1" changeset="1" user="osm_generator" uid="1" timestamp="2026-06-02T00:00:00Z"/>
  <node id="393" lat="27.09813023" lon="-109.70231438" version="1" changeset="1" user="osm_generator" uid="1" timestamp="2026-06-02T00:00:00Z"/>
  <node id="394" lat="27.09813023" lon="-109.69694930" version="1" changeset="1" user="osm_generator" uid="1" timestamp="2026-06-02T00:00:00Z"/>
  <node id="395" lat="27.08931689" lon="-109.69694930" version="1" changeset="1" user="osm_generator" uid="1" timestamp="2026-06-02T00:00:00Z"/>
  <node id="396" lat="27.08931689" lon="-109.70231438" version="1" changeset="1" user="osm_generator" uid="1" timestamp="2026-06-02T00:00:00Z"/>
  <node id="397" lat="27.08892119" lon="-109.70684779" version="1" changeset="1" user="osm_generator" uid="1" timestamp="2026-06-02T00:00:00Z"/>
  <node id="398" lat="27.08892119" lon="-109.69694930" version="1" changeset="1" user="osm_generator" uid="1" timestamp="2026-06-02T00:00:00Z"/>
  <node id="399" lat="27.08010785" lon="-109.69694930" version="1" changeset="1" user="osm_generator" uid="1" timestamp="2026-06-02T00:00:00Z"/>
  <node id="400" lat="27.08010785" lon="-109.70684779" version="1" changeset="1" user="osm_generator" uid="1" timestamp="2026-06-02T00:00:00Z"/>
  <node id="401" lat="27.07971215" lon="-109.70684779" version="1" changeset="1" user="osm_generator" uid="1" timestamp="2026-06-02T00:00:00Z"/>
  <node id="402" lat="27.07971215" lon="-109.69694930" version="1" changeset="1" user="osm_generator" uid="1" timestamp="2026-06-02T00:00:00Z"/>
  <node id="403" lat="27.07089881" lon="-109.69694930" version="1" changeset="1" user="osm_generator" uid="1" timestamp="2026-06-02T00:00:00Z"/>
  <node id="404" lat="27.07089881" lon="-109.70684779" version="1" changeset="1" user="osm_generator" uid="1" timestamp="2026-06-02T00:00:00Z"/>
  <node id="405" lat="27.07050311" lon="-109.70684779" version="1" changeset="1" user="osm_generator" uid="1" timestamp="2026-06-02T00:00:00Z"/>
  <node id="406" lat="27.07050311" lon="-109.69694930" version="1" changeset="1" user="osm_generator" uid="1" timestamp="2026-06-02T00:00:00Z"/>
  <node id="407" lat="27.06168977" lon="-109.69694930" version="1" changeset="1" user="osm_generator" uid="1" timestamp="2026-06-02T00:00:00Z"/>
  <node id="408" lat="27.06168977" lon="-109.70684779" version="1" changeset="1" user="osm_generator" uid="1" timestamp="2026-06-02T00:00:00Z"/>
  <node id="409" lat="27.06129407" lon="-109.70684779" version="1" changeset="1" user="osm_generator" uid="1" timestamp="2026-06-02T00:00:00Z"/>
  <node id="410" lat="27.06129407" lon="-109.69694930" version="1" changeset="1" user="osm_generator" uid="1" timestamp="2026-06-02T00:00:00Z"/>
  <node id="411" lat="27.05427757" lon="-109.69694930" version="1" changeset="1" user="osm_generator" uid="1" timestamp="2026-06-02T00:00:00Z"/>
  <node id="412" lat="27.05427757" lon="-109.70684779" version="1" changeset="1" user="osm_generator" uid="1" timestamp="2026-06-02T00:00:00Z"/>
  <node id="413" lat="27.05416965" lon="-109.70684779" version="1" changeset="1" user="osm_generator" uid="1" timestamp="2026-06-02T00:00:00Z"/>
  <node id="414" lat="27.05416965" lon="-109.70299344" version="1" changeset="1" user="osm_generator" uid="1" timestamp="2026-06-02T00:00:00Z"/>
  <node id="415" lat="27.05254368" lon="-109.70299344" version="1" changeset="1" user="osm_generator" uid="1" timestamp="2026-06-02T00:00:00Z"/>
  <node id="416" lat="27.05254368" lon="-109.70684779" version="1" changeset="1" user="osm_generator" uid="1" timestamp="2026-06-02T00:00:00Z"/>
  <node id="417" lat="27.05416965" lon="-109.70080365" version="1" changeset="1" user="osm_generator" uid="1" timestamp="2026-06-02T00:00:00Z"/>
  <node id="418" lat="27.05416965" lon="-109.69694930" version="1" changeset="1" user="osm_generator" uid="1" timestamp="2026-06-02T00:00:00Z"/>
  <node id="419" lat="27.05254368" lon="-109.69694930" version="1" changeset="1" user="osm_generator" uid="1" timestamp="2026-06-02T00:00:00Z"/>
  <node id="420" lat="27.05254368" lon="-109.70080365" version="1" changeset="1" user="osm_generator" uid="1" timestamp="2026-06-02T00:00:00Z"/>
  <node id="421" lat="27.05202208" lon="-109.70700940" version="1" changeset="1" user="osm_generator" uid="1" timestamp="2026-06-02T00:00:00Z"/>
  <node id="422" lat="27.05202208" lon="-109.70195915" version="1" changeset="1" user="osm_generator" uid="1" timestamp="2026-06-02T00:00:00Z"/>
  <node id="423" lat="27.05003458" lon="-109.70195915" version="1" changeset="1" user="osm_generator" uid="1" timestamp="2026-06-02T00:00:00Z"/>
  <node id="424" lat="27.05003458" lon="-109.70700940" version="1" changeset="1" user="osm_generator" uid="1" timestamp="2026-06-02T00:00:00Z"/>
  <node id="425" lat="27.05202208" lon="-109.70183794" version="1" changeset="1" user="osm_generator" uid="1" timestamp="2026-06-02T00:00:00Z"/>
  <node id="426" lat="27.05202208" lon="-109.69678770" version="1" changeset="1" user="osm_generator" uid="1" timestamp="2026-06-02T00:00:00Z"/>
  <node id="427" lat="27.05003458" lon="-109.69678770" version="1" changeset="1" user="osm_generator" uid="1" timestamp="2026-06-02T00:00:00Z"/>
  <node id="428" lat="27.05003458" lon="-109.70183794" version="1" changeset="1" user="osm_generator" uid="1" timestamp="2026-06-02T00:00:00Z"/>
  <node id="429" lat="27.04992666" lon="-109.70700940" version="1" changeset="1" user="osm_generator" uid="1" timestamp="2026-06-02T00:00:00Z"/>
  <node id="430" lat="27.04992666" lon="-109.70195915" version="1" changeset="1" user="osm_generator" uid="1" timestamp="2026-06-02T00:00:00Z"/>
  <node id="431" lat="27.04773232" lon="-109.70195915" version="1" changeset="1" user="osm_generator" uid="1" timestamp="2026-06-02T00:00:00Z"/>
  <node id="432" lat="27.04773232" lon="-109.70700940" version="1" changeset="1" user="osm_generator" uid="1" timestamp="2026-06-02T00:00:00Z"/>
  <node id="433" lat="27.04992666" lon="-109.70183794" version="1" changeset="1" user="osm_generator" uid="1" timestamp="2026-06-02T00:00:00Z"/>
  <node id="434" lat="27.04992666" lon="-109.69678770" version="1" changeset="1" user="osm_generator" uid="1" timestamp="2026-06-02T00:00:00Z"/>
  <node id="435" lat="27.04773232" lon="-109.69678770" version="1" changeset="1" user="osm_generator" uid="1" timestamp="2026-06-02T00:00:00Z"/>
  <node id="436" lat="27.04773232" lon="-109.70183794" version="1" changeset="1" user="osm_generator" uid="1" timestamp="2026-06-02T00:00:00Z"/>
  <node id="437" lat="27.04762440" lon="-109.70700940" version="1" changeset="1" user="osm_generator" uid="1" timestamp="2026-06-02T00:00:00Z"/>
  <node id="438" lat="27.04762440" lon="-109.70195915" version="1" changeset="1" user="osm_generator" uid="1" timestamp="2026-06-02T00:00:00Z"/>
  <node id="439" lat="27.04543006" lon="-109.70195915" version="1" changeset="1" user="osm_generator" uid="1" timestamp="2026-06-02T00:00:00Z"/>
  <node id="440" lat="27.04543006" lon="-109.70700940" version="1" changeset="1" user="osm_generator" uid="1" timestamp="2026-06-02T00:00:00Z"/>
  <node id="441" lat="27.04762440" lon="-109.70183794" version="1" changeset="1" user="osm_generator" uid="1" timestamp="2026-06-02T00:00:00Z"/>
  <node id="442" lat="27.04762440" lon="-109.69678770" version="1" changeset="1" user="osm_generator" uid="1" timestamp="2026-06-02T00:00:00Z"/>
  <node id="443" lat="27.04543006" lon="-109.69678770" version="1" changeset="1" user="osm_generator" uid="1" timestamp="2026-06-02T00:00:00Z"/>
  <node id="444" lat="27.04543006" lon="-109.70183794" version="1" changeset="1" user="osm_generator" uid="1" timestamp="2026-06-02T00:00:00Z"/>
  <node id="445" lat="27.04532214" lon="-109.70700940" version="1" changeset="1" user="osm_generator" uid="1" timestamp="2026-06-02T00:00:00Z"/>
  <node id="446" lat="27.04532214" lon="-109.70195915" version="1" changeset="1" user="osm_generator" uid="1" timestamp="2026-06-02T00:00:00Z"/>
  <node id="447" lat="27.04402712" lon="-109.70195915" version="1" changeset="1" user="osm_generator" uid="1" timestamp="2026-06-02T00:00:00Z"/>
  <node id="448" lat="27.04402712" lon="-109.70700940" version="1" changeset="1" user="osm_generator" uid="1" timestamp="2026-06-02T00:00:00Z"/>
  <node id="449" lat="27.04532214" lon="-109.70183794" version="1" changeset="1" user="osm_generator" uid="1" timestamp="2026-06-02T00:00:00Z"/>
  <node id="450" lat="27.04532214" lon="-109.69678770" version="1" changeset="1" user="osm_generator" uid="1" timestamp="2026-06-02T00:00:00Z"/>
  <node id="451" lat="27.04402712" lon="-109.69678770" version="1" changeset="1" user="osm_generator" uid="1" timestamp="2026-06-02T00:00:00Z"/>
  <node id="452" lat="27.04402712" lon="-109.70183794" version="1" changeset="1" user="osm_generator" uid="1" timestamp="2026-06-02T00:00:00Z"/>
  <node id="453" lat="27.11579288" lon="-109.69666649" version="1" changeset="1" user="osm_generator" uid="1" timestamp="2026-06-02T00:00:00Z"/>
  <node id="454" lat="27.11579288" lon="-109.69332234" version="1" changeset="1" user="osm_generator" uid="1" timestamp="2026-06-02T00:00:00Z"/>
  <node id="455" lat="27.11572094" lon="-109.69332234" version="1" changeset="1" user="osm_generator" uid="1" timestamp="2026-06-02T00:00:00Z"/>
  <node id="456" lat="27.11572094" lon="-109.69666649" version="1" changeset="1" user="osm_generator" uid="1" timestamp="2026-06-02T00:00:00Z"/>
  <node id="457" lat="27.10801376" lon="-109.69666649" version="1" changeset="1" user="osm_generator" uid="1" timestamp="2026-06-02T00:00:00Z"/>
  <node id="458" lat="27.10801376" lon="-109.69332234" version="1" changeset="1" user="osm_generator" uid="1" timestamp="2026-06-02T00:00:00Z"/>
  <node id="459" lat="27.10779792" lon="-109.69332234" version="1" changeset="1" user="osm_generator" uid="1" timestamp="2026-06-02T00:00:00Z"/>
  <node id="460" lat="27.10779792" lon="-109.69666649" version="1" changeset="1" user="osm_generator" uid="1" timestamp="2026-06-02T00:00:00Z"/>
  <node id="461" lat="27.11579288" lon="-109.69320113" version="1" changeset="1" user="osm_generator" uid="1" timestamp="2026-06-02T00:00:00Z"/>
  <node id="462" lat="27.11579288" lon="-109.68644479" version="1" changeset="1" user="osm_generator" uid="1" timestamp="2026-06-02T00:00:00Z"/>
  <node id="463" lat="27.11572094" lon="-109.68644479" version="1" changeset="1" user="osm_generator" uid="1" timestamp="2026-06-02T00:00:00Z"/>
  <node id="464" lat="27.11572094" lon="-109.69320113" version="1" changeset="1" user="osm_generator" uid="1" timestamp="2026-06-02T00:00:00Z"/>
  <node id="465" lat="27.10801376" lon="-109.69320113" version="1" changeset="1" user="osm_generator" uid="1" timestamp="2026-06-02T00:00:00Z"/>
  <node id="466" lat="27.10801376" lon="-109.68644479" version="1" changeset="1" user="osm_generator" uid="1" timestamp="2026-06-02T00:00:00Z"/>
  <node id="467" lat="27.10779792" lon="-109.68644479" version="1" changeset="1" user="osm_generator" uid="1" timestamp="2026-06-02T00:00:00Z"/>
  <node id="468" lat="27.10779792" lon="-109.69320113" version="1" changeset="1" user="osm_generator" uid="1" timestamp="2026-06-02T00:00:00Z"/>
  <node id="469" lat="27.10727632" lon="-109.69650488" version="1" changeset="1" user="osm_generator" uid="1" timestamp="2026-06-02T00:00:00Z"/>
  <node id="470" lat="27.10727632" lon="-109.68660640" version="1" changeset="1" user="osm_generator" uid="1" timestamp="2026-06-02T00:00:00Z"/>
  <node id="471" lat="27.09852593" lon="-109.68660640" version="1" changeset="1" user="osm_generator" uid="1" timestamp="2026-06-02T00:00:00Z"/>
  <node id="472" lat="27.09852593" lon="-109.69650488" version="1" changeset="1" user="osm_generator" uid="1" timestamp="2026-06-02T00:00:00Z"/>
  <node id="473" lat="27.09366960" lon="-109.69650488" version="1" changeset="1" user="osm_generator" uid="1" timestamp="2026-06-02T00:00:00Z"/>
  <node id="474" lat="27.09366960" lon="-109.69240396" version="1" changeset="1" user="osm_generator" uid="1" timestamp="2026-06-02T00:00:00Z"/>
  <node id="475" lat="27.08931689" lon="-109.69240396" version="1" changeset="1" user="osm_generator" uid="1" timestamp="2026-06-02T00:00:00Z"/>
  <node id="476" lat="27.08931689" lon="-109.69650488" version="1" changeset="1" user="osm_generator" uid="1" timestamp="2026-06-02T00:00:00Z"/>
  <node id="477" lat="27.09366960" lon="-109.69228275" version="1" changeset="1" user="osm_generator" uid="1" timestamp="2026-06-02T00:00:00Z"/>
  <node id="478" lat="27.09366960" lon="-109.68660640" version="1" changeset="1" user="osm_generator" uid="1" timestamp="2026-06-02T00:00:00Z"/>
  <node id="479" lat="27.08931689" lon="-109.68660640" version="1" changeset="1" user="osm_generator" uid="1" timestamp="2026-06-02T00:00:00Z"/>
  <node id="480" lat="27.08931689" lon="-109.69228275" version="1" changeset="1" user="osm_generator" uid="1" timestamp="2026-06-02T00:00:00Z"/>
  <node id="481" lat="27.08892119" lon="-109.69650488" version="1" changeset="1" user="osm_generator" uid="1" timestamp="2026-06-02T00:00:00Z"/>
  <node id="482" lat="27.08892119" lon="-109.68660640" version="1" changeset="1" user="osm_generator" uid="1" timestamp="2026-06-02T00:00:00Z"/>
  <node id="483" lat="27.08010785" lon="-109.68660640" version="1" changeset="1" user="osm_generator" uid="1" timestamp="2026-06-02T00:00:00Z"/>
  <node id="484" lat="27.08010785" lon="-109.69650488" version="1" changeset="1" user="osm_generator" uid="1" timestamp="2026-06-02T00:00:00Z"/>
  <node id="485" lat="27.07971215" lon="-109.69650488" version="1" changeset="1" user="osm_generator" uid="1" timestamp="2026-06-02T00:00:00Z"/>
  <node id="486" lat="27.07971215" lon="-109.68660640" version="1" changeset="1" user="osm_generator" uid="1" timestamp="2026-06-02T00:00:00Z"/>
  <node id="487" lat="27.07089881" lon="-109.68660640" version="1" changeset="1" user="osm_generator" uid="1" timestamp="2026-06-02T00:00:00Z"/>
  <node id="488" lat="27.07089881" lon="-109.69650488" version="1" changeset="1" user="osm_generator" uid="1" timestamp="2026-06-02T00:00:00Z"/>
  <node id="489" lat="27.07050311" lon="-109.69650488" version="1" changeset="1" user="osm_generator" uid="1" timestamp="2026-06-02T00:00:00Z"/>
  <node id="490" lat="27.07050311" lon="-109.68660640" version="1" changeset="1" user="osm_generator" uid="1" timestamp="2026-06-02T00:00:00Z"/>
  <node id="491" lat="27.06615040" lon="-109.68660640" version="1" changeset="1" user="osm_generator" uid="1" timestamp="2026-06-02T00:00:00Z"/>
  <node id="492" lat="27.06615040" lon="-109.69650488" version="1" changeset="1" user="osm_generator" uid="1" timestamp="2026-06-02T00:00:00Z"/>
  <node id="493" lat="27.06129407" lon="-109.69650488" version="1" changeset="1" user="osm_generator" uid="1" timestamp="2026-06-02T00:00:00Z"/>
  <node id="494" lat="27.06129407" lon="-109.68660640" version="1" changeset="1" user="osm_generator" uid="1" timestamp="2026-06-02T00:00:00Z"/>
  <node id="495" lat="27.05611938" lon="-109.68660640" version="1" changeset="1" user="osm_generator" uid="1" timestamp="2026-06-02T00:00:00Z"/>
  <node id="496" lat="27.05611938" lon="-109.69650488" version="1" changeset="1" user="osm_generator" uid="1" timestamp="2026-06-02T00:00:00Z"/>
  <node id="497" lat="27.05601146" lon="-109.69650488" version="1" changeset="1" user="osm_generator" uid="1" timestamp="2026-06-02T00:00:00Z"/>
  <node id="498" lat="27.05601146" lon="-109.69471911" version="1" changeset="1" user="osm_generator" uid="1" timestamp="2026-06-02T00:00:00Z"/>
  <node id="499" lat="27.05254368" lon="-109.69471911" version="1" changeset="1" user="osm_generator" uid="1" timestamp="2026-06-02T00:00:00Z"/>
  <node id="500" lat="27.05254368" lon="-109.69650488" version="1" changeset="1" user="osm_generator" uid="1" timestamp="2026-06-02T00:00:00Z"/>
  <node id="501" lat="27.05601146" lon="-109.68839216" version="1" changeset="1" user="osm_generator" uid="1" timestamp="2026-06-02T00:00:00Z"/>
  <node id="502" lat="27.05601146" lon="-109.68660640" version="1" changeset="1" user="osm_generator" uid="1" timestamp="2026-06-02T00:00:00Z"/>
  <node id="503" lat="27.05254368" lon="-109.68660640" version="1" changeset="1" user="osm_generator" uid="1" timestamp="2026-06-02T00:00:00Z"/>
  <node id="504" lat="27.05254368" lon="-109.68839216" version="1" changeset="1" user="osm_generator" uid="1" timestamp="2026-06-02T00:00:00Z"/>
  <node id="505" lat="27.05202208" lon="-109.69666649" version="1" changeset="1" user="osm_generator" uid="1" timestamp="2026-06-02T00:00:00Z"/>
  <node id="506" lat="27.05202208" lon="-109.69161624" version="1" changeset="1" user="osm_generator" uid="1" timestamp="2026-06-02T00:00:00Z"/>
  <node id="507" lat="27.05003458" lon="-109.69161624" version="1" changeset="1" user="osm_generator" uid="1" timestamp="2026-06-02T00:00:00Z"/>
  <node id="508" lat="27.05003458" lon="-109.69666649" version="1" changeset="1" user="osm_generator" uid="1" timestamp="2026-06-02T00:00:00Z"/>
  <node id="509" lat="27.05202208" lon="-109.69149504" version="1" changeset="1" user="osm_generator" uid="1" timestamp="2026-06-02T00:00:00Z"/>
  <node id="510" lat="27.05202208" lon="-109.68644479" version="1" changeset="1" user="osm_generator" uid="1" timestamp="2026-06-02T00:00:00Z"/>
  <node id="511" lat="27.05003458" lon="-109.68644479" version="1" changeset="1" user="osm_generator" uid="1" timestamp="2026-06-02T00:00:00Z"/>
  <node id="512" lat="27.05003458" lon="-109.69149504" version="1" changeset="1" user="osm_generator" uid="1" timestamp="2026-06-02T00:00:00Z"/>
  <node id="513" lat="27.04992666" lon="-109.69666649" version="1" changeset="1" user="osm_generator" uid="1" timestamp="2026-06-02T00:00:00Z"/>
  <node id="514" lat="27.04992666" lon="-109.69161624" version="1" changeset="1" user="osm_generator" uid="1" timestamp="2026-06-02T00:00:00Z"/>
  <node id="515" lat="27.04773232" lon="-109.69161624" version="1" changeset="1" user="osm_generator" uid="1" timestamp="2026-06-02T00:00:00Z"/>
  <node id="516" lat="27.04773232" lon="-109.69666649" version="1" changeset="1" user="osm_generator" uid="1" timestamp="2026-06-02T00:00:00Z"/>
  <node id="517" lat="27.04992666" lon="-109.69149504" version="1" changeset="1" user="osm_generator" uid="1" timestamp="2026-06-02T00:00:00Z"/>
  <node id="518" lat="27.04992666" lon="-109.68644479" version="1" changeset="1" user="osm_generator" uid="1" timestamp="2026-06-02T00:00:00Z"/>
  <node id="519" lat="27.04773232" lon="-109.68644479" version="1" changeset="1" user="osm_generator" uid="1" timestamp="2026-06-02T00:00:00Z"/>
  <node id="520" lat="27.04773232" lon="-109.69149504" version="1" changeset="1" user="osm_generator" uid="1" timestamp="2026-06-02T00:00:00Z"/>
  <node id="521" lat="27.04762440" lon="-109.69666649" version="1" changeset="1" user="osm_generator" uid="1" timestamp="2026-06-02T00:00:00Z"/>
  <node id="522" lat="27.04762440" lon="-109.69161624" version="1" changeset="1" user="osm_generator" uid="1" timestamp="2026-06-02T00:00:00Z"/>
  <node id="523" lat="27.04543006" lon="-109.69161624" version="1" changeset="1" user="osm_generator" uid="1" timestamp="2026-06-02T00:00:00Z"/>
  <node id="524" lat="27.04543006" lon="-109.69666649" version="1" changeset="1" user="osm_generator" uid="1" timestamp="2026-06-02T00:00:00Z"/>
  <node id="525" lat="27.04762440" lon="-109.69149504" version="1" changeset="1" user="osm_generator" uid="1" timestamp="2026-06-02T00:00:00Z"/>
  <node id="526" lat="27.04762440" lon="-109.68644479" version="1" changeset="1" user="osm_generator" uid="1" timestamp="2026-06-02T00:00:00Z"/>
  <node id="527" lat="27.04543006" lon="-109.68644479" version="1" changeset="1" user="osm_generator" uid="1" timestamp="2026-06-02T00:00:00Z"/>
  <node id="528" lat="27.04543006" lon="-109.69149504" version="1" changeset="1" user="osm_generator" uid="1" timestamp="2026-06-02T00:00:00Z"/>
  <node id="529" lat="27.04532214" lon="-109.69666649" version="1" changeset="1" user="osm_generator" uid="1" timestamp="2026-06-02T00:00:00Z"/>
  <node id="530" lat="27.04532214" lon="-109.69161624" version="1" changeset="1" user="osm_generator" uid="1" timestamp="2026-06-02T00:00:00Z"/>
  <node id="531" lat="27.04402712" lon="-109.69161624" version="1" changeset="1" user="osm_generator" uid="1" timestamp="2026-06-02T00:00:00Z"/>
  <node id="532" lat="27.04402712" lon="-109.69666649" version="1" changeset="1" user="osm_generator" uid="1" timestamp="2026-06-02T00:00:00Z"/>
  <node id="533" lat="27.04532214" lon="-109.69149504" version="1" changeset="1" user="osm_generator" uid="1" timestamp="2026-06-02T00:00:00Z"/>
  <node id="534" lat="27.04532214" lon="-109.68644479" version="1" changeset="1" user="osm_generator" uid="1" timestamp="2026-06-02T00:00:00Z"/>
  <node id="535" lat="27.04402712" lon="-109.68644479" version="1" changeset="1" user="osm_generator" uid="1" timestamp="2026-06-02T00:00:00Z"/>
  <node id="536" lat="27.04402712" lon="-109.69149504" version="1" changeset="1" user="osm_generator" uid="1" timestamp="2026-06-02T00:00:00Z"/>
  <node id="537" lat="27.11579288" lon="-109.68632358" version="1" changeset="1" user="osm_generator" uid="1" timestamp="2026-06-02T00:00:00Z"/>
  <node id="538" lat="27.11579288" lon="-109.68327764" version="1" changeset="1" user="osm_generator" uid="1" timestamp="2026-06-02T00:00:00Z"/>
  <node id="539" lat="27.11572094" lon="-109.68327764" version="1" changeset="1" user="osm_generator" uid="1" timestamp="2026-06-02T00:00:00Z"/>
  <node id="540" lat="27.11572094" lon="-109.68632358" version="1" changeset="1" user="osm_generator" uid="1" timestamp="2026-06-02T00:00:00Z"/>
  <node id="541" lat="27.10801376" lon="-109.68632358" version="1" changeset="1" user="osm_generator" uid="1" timestamp="2026-06-02T00:00:00Z"/>
  <node id="542" lat="27.10801376" lon="-109.68327764" version="1" changeset="1" user="osm_generator" uid="1" timestamp="2026-06-02T00:00:00Z"/>
  <node id="543" lat="27.10779792" lon="-109.68327764" version="1" changeset="1" user="osm_generator" uid="1" timestamp="2026-06-02T00:00:00Z"/>
  <node id="544" lat="27.10779792" lon="-109.68632358" version="1" changeset="1" user="osm_generator" uid="1" timestamp="2026-06-02T00:00:00Z"/>
  <node id="545" lat="27.11561302" lon="-109.68626298" version="1" changeset="1" user="osm_generator" uid="1" timestamp="2026-06-02T00:00:00Z"/>
  <node id="546" lat="27.11561302" lon="-109.68327764" version="1" changeset="1" user="osm_generator" uid="1" timestamp="2026-06-02T00:00:00Z"/>
  <node id="547" lat="27.10812168" lon="-109.68327764" version="1" changeset="1" user="osm_generator" uid="1" timestamp="2026-06-02T00:00:00Z"/>
  <node id="548" lat="27.10812168" lon="-109.68626298" version="1" changeset="1" user="osm_generator" uid="1" timestamp="2026-06-02T00:00:00Z"/>
  <node id="549" lat="27.11579288" lon="-109.68315644" version="1" changeset="1" user="osm_generator" uid="1" timestamp="2026-06-02T00:00:00Z"/>
  <node id="550" lat="27.11579288" lon="-109.67610188" version="1" changeset="1" user="osm_generator" uid="1" timestamp="2026-06-02T00:00:00Z"/>
  <node id="551" lat="27.10779792" lon="-109.67610188" version="1" changeset="1" user="osm_generator" uid="1" timestamp="2026-06-02T00:00:00Z"/>
  <node id="552" lat="27.10779792" lon="-109.68315644" version="1" changeset="1" user="osm_generator" uid="1" timestamp="2026-06-02T00:00:00Z"/>
  <node id="553" lat="27.10727632" lon="-109.68616197" version="1" changeset="1" user="osm_generator" uid="1" timestamp="2026-06-02T00:00:00Z"/>
  <node id="554" lat="27.10727632" lon="-109.67633419" version="1" changeset="1" user="osm_generator" uid="1" timestamp="2026-06-02T00:00:00Z"/>
  <node id="555" lat="27.09852593" lon="-109.67633419" version="1" changeset="1" user="osm_generator" uid="1" timestamp="2026-06-02T00:00:00Z"/>
  <node id="556" lat="27.09852593" lon="-109.68616197" version="1" changeset="1" user="osm_generator" uid="1" timestamp="2026-06-02T00:00:00Z"/>
  <node id="557" lat="27.09813023" lon="-109.68616197" version="1" changeset="1" user="osm_generator" uid="1" timestamp="2026-06-02T00:00:00Z"/>
  <node id="558" lat="27.09813023" lon="-109.68173691" version="1" changeset="1" user="osm_generator" uid="1" timestamp="2026-06-02T00:00:00Z"/>
  <node id="559" lat="27.08931689" lon="-109.68173691" version="1" changeset="1" user="osm_generator" uid="1" timestamp="2026-06-02T00:00:00Z"/>
  <node id="560" lat="27.08931689" lon="-109.68616197" version="1" changeset="1" user="osm_generator" uid="1" timestamp="2026-06-02T00:00:00Z"/>
  <node id="561" lat="27.09813023" lon="-109.68161570" version="1" changeset="1" user="osm_generator" uid="1" timestamp="2026-06-02T00:00:00Z"/>
  <node id="562" lat="27.09813023" lon="-109.67633419" version="1" changeset="1" user="osm_generator" uid="1" timestamp="2026-06-02T00:00:00Z"/>
  <node id="563" lat="27.08931689" lon="-109.67633419" version="1" changeset="1" user="osm_generator" uid="1" timestamp="2026-06-02T00:00:00Z"/>
  <node id="564" lat="27.08931689" lon="-109.68161570" version="1" changeset="1" user="osm_generator" uid="1" timestamp="2026-06-02T00:00:00Z"/>
  <node id="565" lat="27.08892119" lon="-109.68616197" version="1" changeset="1" user="osm_generator" uid="1" timestamp="2026-06-02T00:00:00Z"/>
  <node id="566" lat="27.08892119" lon="-109.67633419" version="1" changeset="1" user="osm_generator" uid="1" timestamp="2026-06-02T00:00:00Z"/>
  <node id="567" lat="27.08010785" lon="-109.67633419" version="1" changeset="1" user="osm_generator" uid="1" timestamp="2026-06-02T00:00:00Z"/>
  <node id="568" lat="27.08010785" lon="-109.68616197" version="1" changeset="1" user="osm_generator" uid="1" timestamp="2026-06-02T00:00:00Z"/>
  <node id="569" lat="27.07971215" lon="-109.68616197" version="1" changeset="1" user="osm_generator" uid="1" timestamp="2026-06-02T00:00:00Z"/>
  <node id="570" lat="27.07971215" lon="-109.67633419" version="1" changeset="1" user="osm_generator" uid="1" timestamp="2026-06-02T00:00:00Z"/>
  <node id="571" lat="27.07766170" lon="-109.67633419" version="1" changeset="1" user="osm_generator" uid="1" timestamp="2026-06-02T00:00:00Z"/>
  <node id="572" lat="27.07766170" lon="-109.68616197" version="1" changeset="1" user="osm_generator" uid="1" timestamp="2026-06-02T00:00:00Z"/>
  <node id="573" lat="27.07294926" lon="-109.68616197" version="1" changeset="1" user="osm_generator" uid="1" timestamp="2026-06-02T00:00:00Z"/>
  <node id="574" lat="27.07294926" lon="-109.67633419" version="1" changeset="1" user="osm_generator" uid="1" timestamp="2026-06-02T00:00:00Z"/>
  <node id="575" lat="27.07089881" lon="-109.67633419" version="1" changeset="1" user="osm_generator" uid="1" timestamp="2026-06-02T00:00:00Z"/>
  <node id="576" lat="27.07089881" lon="-109.68616197" version="1" changeset="1" user="osm_generator" uid="1" timestamp="2026-06-02T00:00:00Z"/>
  <node id="577" lat="27.07755378" lon="-109.68616197" version="1" changeset="1" user="osm_generator" uid="1" timestamp="2026-06-02T00:00:00Z"/>
  <node id="578" lat="27.07755378" lon="-109.68138444" version="1" changeset="1" user="osm_generator" uid="1" timestamp="2026-06-02T00:00:00Z"/>
  <node id="579" lat="27.07305718" lon="-109.68138444" version="1" changeset="1" user="osm_generator" uid="1" timestamp="2026-06-02T00:00:00Z"/>
  <node id="580" lat="27.07305718" lon="-109.68616197" version="1" changeset="1" user="osm_generator" uid="1" timestamp="2026-06-02T00:00:00Z"/>
  <node id="581" lat="27.07050311" lon="-109.68616197" version="1" changeset="1" user="osm_generator" uid="1" timestamp="2026-06-02T00:00:00Z"/>
  <node id="582" lat="27.07050311" lon="-109.67633419" version="1" changeset="1" user="osm_generator" uid="1" timestamp="2026-06-02T00:00:00Z"/>
  <node id="583" lat="27.06168977" lon="-109.67633419" version="1" changeset="1" user="osm_generator" uid="1" timestamp="2026-06-02T00:00:00Z"/>
  <node id="584" lat="27.06168977" lon="-109.68616197" version="1" changeset="1" user="osm_generator" uid="1" timestamp="2026-06-02T00:00:00Z"/>
  <node id="585" lat="27.06129407" lon="-109.68616197" version="1" changeset="1" user="osm_generator" uid="1" timestamp="2026-06-02T00:00:00Z"/>
  <node id="586" lat="27.06129407" lon="-109.67633419" version="1" changeset="1" user="osm_generator" uid="1" timestamp="2026-06-02T00:00:00Z"/>
  <node id="587" lat="27.05519848" lon="-109.67633419" version="1" changeset="1" user="osm_generator" uid="1" timestamp="2026-06-02T00:00:00Z"/>
  <node id="588" lat="27.05519848" lon="-109.68616197" version="1" changeset="1" user="osm_generator" uid="1" timestamp="2026-06-02T00:00:00Z"/>
  <node id="589" lat="27.05509056" lon="-109.68616197" version="1" changeset="1" user="osm_generator" uid="1" timestamp="2026-06-02T00:00:00Z"/>
  <node id="590" lat="27.05509056" lon="-109.68282477" version="1" changeset="1" user="osm_generator" uid="1" timestamp="2026-06-02T00:00:00Z"/>
  <node id="591" lat="27.05254368" lon="-109.68282477" version="1" changeset="1" user="osm_generator" uid="1" timestamp="2026-06-02T00:00:00Z"/>
  <node id="592" lat="27.05254368" lon="-109.68616197" version="1" changeset="1" user="osm_generator" uid="1" timestamp="2026-06-02T00:00:00Z"/>
  <node id="593" lat="27.05509056" lon="-109.67960069" version="1" changeset="1" user="osm_generator" uid="1" timestamp="2026-06-02T00:00:00Z"/>
  <node id="594" lat="27.05509056" lon="-109.67633419" version="1" changeset="1" user="osm_generator" uid="1" timestamp="2026-06-02T00:00:00Z"/>
  <node id="595" lat="27.05254368" lon="-109.67633419" version="1" changeset="1" user="osm_generator" uid="1" timestamp="2026-06-02T00:00:00Z"/>
  <node id="596" lat="27.05254368" lon="-109.67960069" version="1" changeset="1" user="osm_generator" uid="1" timestamp="2026-06-02T00:00:00Z"/>
  <node id="597" lat="27.05202208" lon="-109.68632358" version="1" changeset="1" user="osm_generator" uid="1" timestamp="2026-06-02T00:00:00Z"/>
  <node id="598" lat="27.05202208" lon="-109.68127333" version="1" changeset="1" user="osm_generator" uid="1" timestamp="2026-06-02T00:00:00Z"/>
  <node id="599" lat="27.05003458" lon="-109.68127333" version="1" changeset="1" user="osm_generator" uid="1" timestamp="2026-06-02T00:00:00Z"/>
  <node id="600" lat="27.05003458" lon="-109.68632358" version="1" changeset="1" user="osm_generator" uid="1" timestamp="2026-06-02T00:00:00Z"/>
  <node id="601" lat="27.05202208" lon="-109.68115213" version="1" changeset="1" user="osm_generator" uid="1" timestamp="2026-06-02T00:00:00Z"/>
  <node id="602" lat="27.05202208" lon="-109.67610188" version="1" changeset="1" user="osm_generator" uid="1" timestamp="2026-06-02T00:00:00Z"/>
  <node id="603" lat="27.05003458" lon="-109.67610188" version="1" changeset="1" user="osm_generator" uid="1" timestamp="2026-06-02T00:00:00Z"/>
  <node id="604" lat="27.05003458" lon="-109.68115213" version="1" changeset="1" user="osm_generator" uid="1" timestamp="2026-06-02T00:00:00Z"/>
  <node id="605" lat="27.04992666" lon="-109.68632358" version="1" changeset="1" user="osm_generator" uid="1" timestamp="2026-06-02T00:00:00Z"/>
  <node id="606" lat="27.04992666" lon="-109.68127333" version="1" changeset="1" user="osm_generator" uid="1" timestamp="2026-06-02T00:00:00Z"/>
  <node id="607" lat="27.04773232" lon="-109.68127333" version="1" changeset="1" user="osm_generator" uid="1" timestamp="2026-06-02T00:00:00Z"/>
  <node id="608" lat="27.04773232" lon="-109.68632358" version="1" changeset="1" user="osm_generator" uid="1" timestamp="2026-06-02T00:00:00Z"/>
  <node id="609" lat="27.04992666" lon="-109.68115213" version="1" changeset="1" user="osm_generator" uid="1" timestamp="2026-06-02T00:00:00Z"/>
  <node id="610" lat="27.04992666" lon="-109.67610188" version="1" changeset="1" user="osm_generator" uid="1" timestamp="2026-06-02T00:00:00Z"/>
  <node id="611" lat="27.04773232" lon="-109.67610188" version="1" changeset="1" user="osm_generator" uid="1" timestamp="2026-06-02T00:00:00Z"/>
  <node id="612" lat="27.04773232" lon="-109.68115213" version="1" changeset="1" user="osm_generator" uid="1" timestamp="2026-06-02T00:00:00Z"/>
  <node id="613" lat="27.04762440" lon="-109.68632358" version="1" changeset="1" user="osm_generator" uid="1" timestamp="2026-06-02T00:00:00Z"/>
  <node id="614" lat="27.04762440" lon="-109.68127333" version="1" changeset="1" user="osm_generator" uid="1" timestamp="2026-06-02T00:00:00Z"/>
  <node id="615" lat="27.04543006" lon="-109.68127333" version="1" changeset="1" user="osm_generator" uid="1" timestamp="2026-06-02T00:00:00Z"/>
  <node id="616" lat="27.04543006" lon="-109.68632358" version="1" changeset="1" user="osm_generator" uid="1" timestamp="2026-06-02T00:00:00Z"/>
  <node id="617" lat="27.04762440" lon="-109.68115213" version="1" changeset="1" user="osm_generator" uid="1" timestamp="2026-06-02T00:00:00Z"/>
  <node id="618" lat="27.04762440" lon="-109.67610188" version="1" changeset="1" user="osm_generator" uid="1" timestamp="2026-06-02T00:00:00Z"/>
  <node id="619" lat="27.04543006" lon="-109.67610188" version="1" changeset="1" user="osm_generator" uid="1" timestamp="2026-06-02T00:00:00Z"/>
  <node id="620" lat="27.04543006" lon="-109.68115213" version="1" changeset="1" user="osm_generator" uid="1" timestamp="2026-06-02T00:00:00Z"/>
  <node id="621" lat="27.04532214" lon="-109.68632358" version="1" changeset="1" user="osm_generator" uid="1" timestamp="2026-06-02T00:00:00Z"/>
  <node id="622" lat="27.04532214" lon="-109.68127333" version="1" changeset="1" user="osm_generator" uid="1" timestamp="2026-06-02T00:00:00Z"/>
  <node id="623" lat="27.04402712" lon="-109.68127333" version="1" changeset="1" user="osm_generator" uid="1" timestamp="2026-06-02T00:00:00Z"/>
  <node id="624" lat="27.04402712" lon="-109.68632358" version="1" changeset="1" user="osm_generator" uid="1" timestamp="2026-06-02T00:00:00Z"/>
  <node id="625" lat="27.04532214" lon="-109.68115213" version="1" changeset="1" user="osm_generator" uid="1" timestamp="2026-06-02T00:00:00Z"/>
  <node id="626" lat="27.04532214" lon="-109.67610188" version="1" changeset="1" user="osm_generator" uid="1" timestamp="2026-06-02T00:00:00Z"/>
  <node id="627" lat="27.04402712" lon="-109.67610188" version="1" changeset="1" user="osm_generator" uid="1" timestamp="2026-06-02T00:00:00Z"/>
  <node id="628" lat="27.04402712" lon="-109.68115213" version="1" changeset="1" user="osm_generator" uid="1" timestamp="2026-06-02T00:00:00Z"/>
  <node id="629" lat="27.11579288" lon="-109.67598067" version="1" changeset="1" user="osm_generator" uid="1" timestamp="2026-06-02T00:00:00Z"/>
  <node id="630" lat="27.11579288" lon="-109.66907210" version="1" changeset="1" user="osm_generator" uid="1" timestamp="2026-06-02T00:00:00Z"/>
  <node id="631" lat="27.10779792" lon="-109.66907210" version="1" changeset="1" user="osm_generator" uid="1" timestamp="2026-06-02T00:00:00Z"/>
  <node id="632" lat="27.10779792" lon="-109.67598067" version="1" changeset="1" user="osm_generator" uid="1" timestamp="2026-06-02T00:00:00Z"/>
  <node id="633" lat="27.11579288" lon="-109.66895089" version="1" changeset="1" user="osm_generator" uid="1" timestamp="2026-06-02T00:00:00Z"/>
  <node id="634" lat="27.11579288" lon="-109.66676902" version="1" changeset="1" user="osm_generator" uid="1" timestamp="2026-06-02T00:00:00Z"/>
  <node id="635" lat="27.10779792" lon="-109.66676902" version="1" changeset="1" user="osm_generator" uid="1" timestamp="2026-06-02T00:00:00Z"/>
  <node id="636" lat="27.10779792" lon="-109.66895089" version="1" changeset="1" user="osm_generator" uid="1" timestamp="2026-06-02T00:00:00Z"/>
  <node id="637" lat="27.10727632" lon="-109.67574836" version="1" changeset="1" user="osm_generator" uid="1" timestamp="2026-06-02T00:00:00Z"/>
  <node id="638" lat="27.10727632" lon="-109.66676902" version="1" changeset="1" user="osm_generator" uid="1" timestamp="2026-06-02T00:00:00Z"/>
  <node id="639" lat="27.09852593" lon="-109.66676902" version="1" changeset="1" user="osm_generator" uid="1" timestamp="2026-06-02T00:00:00Z"/>
  <node id="640" lat="27.09852593" lon="-109.67574836" version="1" changeset="1" user="osm_generator" uid="1" timestamp="2026-06-02T00:00:00Z"/>
  <node id="641" lat="27.09813023" lon="-109.67574836" version="1" changeset="1" user="osm_generator" uid="1" timestamp="2026-06-02T00:00:00Z"/>
  <node id="642" lat="27.09813023" lon="-109.66676902" version="1" changeset="1" user="osm_generator" uid="1" timestamp="2026-06-02T00:00:00Z"/>
  <node id="643" lat="27.08931689" lon="-109.66676902" version="1" changeset="1" user="osm_generator" uid="1" timestamp="2026-06-02T00:00:00Z"/>
  <node id="644" lat="27.08931689" lon="-109.67574836" version="1" changeset="1" user="osm_generator" uid="1" timestamp="2026-06-02T00:00:00Z"/>
  <node id="645" lat="27.08892119" lon="-109.67574836" version="1" changeset="1" user="osm_generator" uid="1" timestamp="2026-06-02T00:00:00Z"/>
  <node id="646" lat="27.08892119" lon="-109.66676902" version="1" changeset="1" user="osm_generator" uid="1" timestamp="2026-06-02T00:00:00Z"/>
  <node id="647" lat="27.08010785" lon="-109.66676902" version="1" changeset="1" user="osm_generator" uid="1" timestamp="2026-06-02T00:00:00Z"/>
  <node id="648" lat="27.08010785" lon="-109.67574836" version="1" changeset="1" user="osm_generator" uid="1" timestamp="2026-06-02T00:00:00Z"/>
  <node id="649" lat="27.07971215" lon="-109.67574836" version="1" changeset="1" user="osm_generator" uid="1" timestamp="2026-06-02T00:00:00Z"/>
  <node id="650" lat="27.07971215" lon="-109.66676902" version="1" changeset="1" user="osm_generator" uid="1" timestamp="2026-06-02T00:00:00Z"/>
  <node id="651" lat="27.07089881" lon="-109.66676902" version="1" changeset="1" user="osm_generator" uid="1" timestamp="2026-06-02T00:00:00Z"/>
  <node id="652" lat="27.07089881" lon="-109.67574836" version="1" changeset="1" user="osm_generator" uid="1" timestamp="2026-06-02T00:00:00Z"/>
  <node id="653" lat="27.07050311" lon="-109.67574836" version="1" changeset="1" user="osm_generator" uid="1" timestamp="2026-06-02T00:00:00Z"/>
  <node id="654" lat="27.07050311" lon="-109.66676902" version="1" changeset="1" user="osm_generator" uid="1" timestamp="2026-06-02T00:00:00Z"/>
  <node id="655" lat="27.06168977" lon="-109.66676902" version="1" changeset="1" user="osm_generator" uid="1" timestamp="2026-06-02T00:00:00Z"/>
  <node id="656" lat="27.06168977" lon="-109.67574836" version="1" changeset="1" user="osm_generator" uid="1" timestamp="2026-06-02T00:00:00Z"/>
  <node id="657" lat="27.06129407" lon="-109.67574836" version="1" changeset="1" user="osm_generator" uid="1" timestamp="2026-06-02T00:00:00Z"/>
  <node id="658" lat="27.06129407" lon="-109.66676902" version="1" changeset="1" user="osm_generator" uid="1" timestamp="2026-06-02T00:00:00Z"/>
  <node id="659" lat="27.05254368" lon="-109.66676902" version="1" changeset="1" user="osm_generator" uid="1" timestamp="2026-06-02T00:00:00Z"/>
  <node id="660" lat="27.05254368" lon="-109.67574836" version="1" changeset="1" user="osm_generator" uid="1" timestamp="2026-06-02T00:00:00Z"/>
  <node id="661" lat="27.05202208" lon="-109.67598067" version="1" changeset="1" user="osm_generator" uid="1" timestamp="2026-06-02T00:00:00Z"/>
  <node id="662" lat="27.05202208" lon="-109.67093043" version="1" changeset="1" user="osm_generator" uid="1" timestamp="2026-06-02T00:00:00Z"/>
  <node id="663" lat="27.05003458" lon="-109.67093043" version="1" changeset="1" user="osm_generator" uid="1" timestamp="2026-06-02T00:00:00Z"/>
  <node id="664" lat="27.05003458" lon="-109.67598067" version="1" changeset="1" user="osm_generator" uid="1" timestamp="2026-06-02T00:00:00Z"/>
  <node id="665" lat="27.05202208" lon="-109.67080922" version="1" changeset="1" user="osm_generator" uid="1" timestamp="2026-06-02T00:00:00Z"/>
  <node id="666" lat="27.05202208" lon="-109.66676902" version="1" changeset="1" user="osm_generator" uid="1" timestamp="2026-06-02T00:00:00Z"/>
  <node id="667" lat="27.05003458" lon="-109.66676902" version="1" changeset="1" user="osm_generator" uid="1" timestamp="2026-06-02T00:00:00Z"/>
  <node id="668" lat="27.05003458" lon="-109.67080922" version="1" changeset="1" user="osm_generator" uid="1" timestamp="2026-06-02T00:00:00Z"/>
  <node id="669" lat="27.04992666" lon="-109.67598067" version="1" changeset="1" user="osm_generator" uid="1" timestamp="2026-06-02T00:00:00Z"/>
  <node id="670" lat="27.04992666" lon="-109.67093043" version="1" changeset="1" user="osm_generator" uid="1" timestamp="2026-06-02T00:00:00Z"/>
  <node id="671" lat="27.04773232" lon="-109.67093043" version="1" changeset="1" user="osm_generator" uid="1" timestamp="2026-06-02T00:00:00Z"/>
  <node id="672" lat="27.04773232" lon="-109.67598067" version="1" changeset="1" user="osm_generator" uid="1" timestamp="2026-06-02T00:00:00Z"/>
  <node id="673" lat="27.04992666" lon="-109.67080922" version="1" changeset="1" user="osm_generator" uid="1" timestamp="2026-06-02T00:00:00Z"/>
  <node id="674" lat="27.04992666" lon="-109.66676902" version="1" changeset="1" user="osm_generator" uid="1" timestamp="2026-06-02T00:00:00Z"/>
  <node id="675" lat="27.04773232" lon="-109.66676902" version="1" changeset="1" user="osm_generator" uid="1" timestamp="2026-06-02T00:00:00Z"/>
  <node id="676" lat="27.04773232" lon="-109.67080922" version="1" changeset="1" user="osm_generator" uid="1" timestamp="2026-06-02T00:00:00Z"/>
  <node id="677" lat="27.04762440" lon="-109.67598067" version="1" changeset="1" user="osm_generator" uid="1" timestamp="2026-06-02T00:00:00Z"/>
  <node id="678" lat="27.04762440" lon="-109.67093043" version="1" changeset="1" user="osm_generator" uid="1" timestamp="2026-06-02T00:00:00Z"/>
  <node id="679" lat="27.04543006" lon="-109.67093043" version="1" changeset="1" user="osm_generator" uid="1" timestamp="2026-06-02T00:00:00Z"/>
  <node id="680" lat="27.04543006" lon="-109.67598067" version="1" changeset="1" user="osm_generator" uid="1" timestamp="2026-06-02T00:00:00Z"/>
  <node id="681" lat="27.04762440" lon="-109.67080922" version="1" changeset="1" user="osm_generator" uid="1" timestamp="2026-06-02T00:00:00Z"/>
  <node id="682" lat="27.04762440" lon="-109.66676902" version="1" changeset="1" user="osm_generator" uid="1" timestamp="2026-06-02T00:00:00Z"/>
  <node id="683" lat="27.04543006" lon="-109.66676902" version="1" changeset="1" user="osm_generator" uid="1" timestamp="2026-06-02T00:00:00Z"/>
  <node id="684" lat="27.04543006" lon="-109.67080922" version="1" changeset="1" user="osm_generator" uid="1" timestamp="2026-06-02T00:00:00Z"/>
  <node id="685" lat="27.04532214" lon="-109.67598067" version="1" changeset="1" user="osm_generator" uid="1" timestamp="2026-06-02T00:00:00Z"/>
  <node id="686" lat="27.04532214" lon="-109.67093043" version="1" changeset="1" user="osm_generator" uid="1" timestamp="2026-06-02T00:00:00Z"/>
  <node id="687" lat="27.04402712" lon="-109.67093043" version="1" changeset="1" user="osm_generator" uid="1" timestamp="2026-06-02T00:00:00Z"/>
  <node id="688" lat="27.04402712" lon="-109.67598067" version="1" changeset="1" user="osm_generator" uid="1" timestamp="2026-06-02T00:00:00Z"/>
  <node id="689" lat="27.04532214" lon="-109.67080922" version="1" changeset="1" user="osm_generator" uid="1" timestamp="2026-06-02T00:00:00Z"/>
  <node id="690" lat="27.04532214" lon="-109.66676902" version="1" changeset="1" user="osm_generator" uid="1" timestamp="2026-06-02T00:00:00Z"/>
  <node id="691" lat="27.04402712" lon="-109.66676902" version="1" changeset="1" user="osm_generator" uid="1" timestamp="2026-06-02T00:00:00Z"/>
  <node id="692" lat="27.04402712" lon="-109.67080922" version="1" changeset="1" user="osm_generator" uid="1" timestamp="2026-06-02T00:00:00Z"/>
  <node id="693" lat="27.10753712" lon="-109.73809872" version="1" changeset="1" user="osm_generator" uid="1" timestamp="2026-06-02T00:00:00Z"/>
  <node id="694" lat="27.10753712" lon="-109.73163441" version="1" changeset="1" user="osm_generator" uid="1" timestamp="2026-06-02T00:00:00Z"/>
  <node id="695" lat="27.10293260" lon="-109.73163441" version="1" changeset="1" user="osm_generator" uid="1" timestamp="2026-06-02T00:00:00Z"/>
  <node id="696" lat="27.10293260" lon="-109.73809872" version="1" changeset="1" user="osm_generator" uid="1" timestamp="2026-06-02T00:00:00Z"/>
  <node id="697" lat="27.10707667" lon="-109.73680586" version="1" changeset="1" user="osm_generator" uid="1" timestamp="2026-06-02T00:00:00Z"/>
  <node id="698" lat="27.10638599" lon="-109.73680586" version="1" changeset="1" user="osm_generator" uid="1" timestamp="2026-06-02T00:00:00Z"/>
  <node id="699" lat="27.10523486" lon="-109.73680586" version="1" changeset="1" user="osm_generator" uid="1" timestamp="2026-06-02T00:00:00Z"/>
  <node id="700" lat="27.10408373" lon="-109.73680586" version="1" changeset="1" user="osm_generator" uid="1" timestamp="2026-06-02T00:00:00Z"/>
  <node id="701" lat="27.10293260" lon="-109.73680586" version="1" changeset="1" user="osm_generator" uid="1" timestamp="2026-06-02T00:00:00Z"/>
  <node id="702" lat="27.10707667" lon="-109.73551300" version="1" changeset="1" user="osm_generator" uid="1" timestamp="2026-06-02T00:00:00Z"/>
  <node id="703" lat="27.10638599" lon="-109.73551300" version="1" changeset="1" user="osm_generator" uid="1" timestamp="2026-06-02T00:00:00Z"/>
  <node id="704" lat="27.10523486" lon="-109.73551300" version="1" changeset="1" user="osm_generator" uid="1" timestamp="2026-06-02T00:00:00Z"/>
  <node id="705" lat="27.10408373" lon="-109.73551300" version="1" changeset="1" user="osm_generator" uid="1" timestamp="2026-06-02T00:00:00Z"/>
  <node id="706" lat="27.10293260" lon="-109.73551300" version="1" changeset="1" user="osm_generator" uid="1" timestamp="2026-06-02T00:00:00Z"/>
  <node id="707" lat="27.10707667" lon="-109.73422013" version="1" changeset="1" user="osm_generator" uid="1" timestamp="2026-06-02T00:00:00Z"/>
  <node id="708" lat="27.10638599" lon="-109.73422013" version="1" changeset="1" user="osm_generator" uid="1" timestamp="2026-06-02T00:00:00Z"/>
  <node id="709" lat="27.10523486" lon="-109.73422013" version="1" changeset="1" user="osm_generator" uid="1" timestamp="2026-06-02T00:00:00Z"/>
  <node id="710" lat="27.10408373" lon="-109.73422013" version="1" changeset="1" user="osm_generator" uid="1" timestamp="2026-06-02T00:00:00Z"/>
  <node id="711" lat="27.10293260" lon="-109.73422013" version="1" changeset="1" user="osm_generator" uid="1" timestamp="2026-06-02T00:00:00Z"/>
  <node id="712" lat="27.10707667" lon="-109.73292727" version="1" changeset="1" user="osm_generator" uid="1" timestamp="2026-06-02T00:00:00Z"/>
  <node id="713" lat="27.10638599" lon="-109.73292727" version="1" changeset="1" user="osm_generator" uid="1" timestamp="2026-06-02T00:00:00Z"/>
  <node id="714" lat="27.10523486" lon="-109.73292727" version="1" changeset="1" user="osm_generator" uid="1" timestamp="2026-06-02T00:00:00Z"/>
  <node id="715" lat="27.10408373" lon="-109.73292727" version="1" changeset="1" user="osm_generator" uid="1" timestamp="2026-06-02T00:00:00Z"/>
  <node id="716" lat="27.10293260" lon="-109.73292727" version="1" changeset="1" user="osm_generator" uid="1" timestamp="2026-06-02T00:00:00Z"/>
  <node id="717" lat="27.10638599" lon="-109.73758158" version="1" changeset="1" user="osm_generator" uid="1" timestamp="2026-06-02T00:00:00Z"/>
  <node id="718" lat="27.10638599" lon="-109.73163441" version="1" changeset="1" user="osm_generator" uid="1" timestamp="2026-06-02T00:00:00Z"/>
  <node id="719" lat="27.10523486" lon="-109.73758158" version="1" changeset="1" user="osm_generator" uid="1" timestamp="2026-06-02T00:00:00Z"/>
  <node id="720" lat="27.10523486" lon="-109.73163441" version="1" changeset="1" user="osm_generator" uid="1" timestamp="2026-06-02T00:00:00Z"/>
  <node id="721" lat="27.10408373" lon="-109.73758158" version="1" changeset="1" user="osm_generator" uid="1" timestamp="2026-06-02T00:00:00Z"/>
  <node id="722" lat="27.10408373" lon="-109.73163441" version="1" changeset="1" user="osm_generator" uid="1" timestamp="2026-06-02T00:00:00Z"/>
  <node id="723" lat="27.09832808" lon="-109.69672709" version="1" changeset="1" user="osm_generator" uid="1" timestamp="2026-06-02T00:00:00Z"/>
  <node id="724" lat="27.09832808" lon="-109.68638418" version="1" changeset="1" user="osm_generator" uid="1" timestamp="2026-06-02T00:00:00Z"/>
  <node id="725" lat="27.09372356" lon="-109.68638418" version="1" changeset="1" user="osm_generator" uid="1" timestamp="2026-06-02T00:00:00Z"/>
  <node id="726" lat="27.09372356" lon="-109.69672709" version="1" changeset="1" user="osm_generator" uid="1" timestamp="2026-06-02T00:00:00Z"/>
  <node id="727" lat="27.10753712" lon="-109.72775582" version="1" changeset="1" user="osm_generator" uid="1" timestamp="2026-06-02T00:00:00Z"/>
  <node id="728" lat="27.10753712" lon="-109.72258436" version="1" changeset="1" user="osm_generator" uid="1" timestamp="2026-06-02T00:00:00Z"/>
  <node id="729" lat="27.09832808" lon="-109.72258436" version="1" changeset="1" user="osm_generator" uid="1" timestamp="2026-06-02T00:00:00Z"/>
  <node id="730" lat="27.09832808" lon="-109.72775582" version="1" changeset="1" user="osm_generator" uid="1" timestamp="2026-06-02T00:00:00Z"/>
  <node id="731" lat="27.06609644" lon="-109.69672709" version="1" changeset="1" user="osm_generator" uid="1" timestamp="2026-06-02T00:00:00Z"/>
  <node id="732" lat="27.06609644" lon="-109.68638418" version="1" changeset="1" user="osm_generator" uid="1" timestamp="2026-06-02T00:00:00Z"/>
  <node id="733" lat="27.06149192" lon="-109.68638418" version="1" changeset="1" user="osm_generator" uid="1" timestamp="2026-06-02T00:00:00Z"/>
  <node id="734" lat="27.06149192" lon="-109.69672709" version="1" changeset="1" user="osm_generator" uid="1" timestamp="2026-06-02T00:00:00Z"/>
  <node id="735" lat="27.11224956" lon="-109.68881770" version="1" changeset="1" user="osm_generator" uid="1" timestamp="2026-06-02T00:00:00Z"/>
  <node id="736" lat="27.11215547" lon="-109.68852372" version="1" changeset="1" user="osm_generator" uid="1" timestamp="2026-06-02T00:00:00Z"/>
  <node id="737" lat="27.11205655" lon="-109.68829175" version="1" changeset="1" user="osm_generator" uid="1" timestamp="2026-06-02T00:00:00Z"/>
  <node id="738" lat="27.11195494" lon="-109.68813786" version="1" changeset="1" user="osm_generator" uid="1" timestamp="2026-06-02T00:00:00Z"/>
  <node id="739" lat="27.11185316" lon="-109.68807156" version="1" changeset="1" user="osm_generator" uid="1" timestamp="2026-06-02T00:00:00Z"/>
  <node id="740" lat="27.11175373" lon="-109.68809446" version="1" changeset="1" user="osm_generator" uid="1" timestamp="2026-06-02T00:00:00Z"/>
  <node id="741" lat="27.11165878" lon="-109.68819997" version="1" changeset="1" user="osm_generator" uid="1" timestamp="2026-06-02T00:00:00Z"/>
  <node id="742" lat="27.11156968" lon="-109.68837406" version="1" changeset="1" user="osm_generator" uid="1" timestamp="2026-06-02T00:00:00Z"/>
  <node id="743" lat="27.11148681" lon="-109.68859706" version="1" changeset="1" user="osm_generator" uid="1" timestamp="2026-06-02T00:00:00Z"/>
  <node id="744" lat="27.11140950" lon="-109.68884614" version="1" changeset="1" user="osm_generator" uid="1" timestamp="2026-06-02T00:00:00Z"/>
  <node id="745" lat="27.11133610" lon="-109.68909822" version="1" changeset="1" user="osm_generator" uid="1" timestamp="2026-06-02T00:00:00Z"/>
  <node id="746" lat="27.11126428" lon="-109.68933287" version="1" changeset="1" user="osm_generator" uid="1" timestamp="2026-06-02T00:00:00Z"/>
  <node id="747" lat="27.11119144" lon="-109.68953481" version="1" changeset="1" user="osm_generator" uid="1" timestamp="2026-06-02T00:00:00Z"/>
  <node id="748" lat="27.11111519" lon="-109.68969556" version="1" changeset="1" user="osm_generator" uid="1" timestamp="2026-06-02T00:00:00Z"/>
  <node id="749" lat="27.11103379" lon="-109.68981422" version="1" changeset="1" user="osm_generator" uid="1" timestamp="2026-06-02T00:00:00Z"/>
  <node id="750" lat="27.11094657" lon="-109.68989718" version="1" changeset="1" user="osm_generator" uid="1" timestamp="2026-06-02T00:00:00Z"/>
  <node id="751" lat="27.11085411" lon="-109.68995677" version="1" changeset="1" user="osm_generator" uid="1" timestamp="2026-06-02T00:00:00Z"/>
  <node id="752" lat="27.11075827" lon="-109.69000923" version="1" changeset="1" user="osm_generator" uid="1" timestamp="2026-06-02T00:00:00Z"/>
  <node id="753" lat="27.11066199" lon="-109.69007222" version="1" changeset="1" user="osm_generator" uid="1" timestamp="2026-06-02T00:00:00Z"/>
  <node id="754" lat="27.11056893" lon="-109.69016225" version="1" changeset="1" user="osm_generator" uid="1" timestamp="2026-06-02T00:00:00Z"/>
  <node id="755" lat="27.11048291" lon="-109.69029243" version="1" changeset="1" user="osm_generator" uid="1" timestamp="2026-06-02T00:00:00Z"/>
  <node id="756" lat="27.11040743" lon="-109.69047080" version="1" changeset="1" user="osm_generator" uid="1" timestamp="2026-06-02T00:00:00Z"/>
  <node id="757" lat="27.11034508" lon="-109.69069957" version="1" changeset="1" user="osm_generator" uid="1" timestamp="2026-06-02T00:00:00Z"/>
  <node id="758" lat="27.11029722" lon="-109.69097512" version="1" changeset="1" user="osm_generator" uid="1" timestamp="2026-06-02T00:00:00Z"/>
  <node id="759" lat="27.11026373" lon="-109.69128897" version="1" changeset="1" user="osm_generator" uid="1" timestamp="2026-06-02T00:00:00Z"/>
  <node id="760" lat="27.11024307" lon="-109.69162924" version="1" changeset="1" user="osm_generator" uid="1" timestamp="2026-06-02T00:00:00Z"/>
  <node id="761" lat="27.11023254" lon="-109.69198265" version="1" changeset="1" user="osm_generator" uid="1" timestamp="2026-06-02T00:00:00Z"/>
  <node id="762" lat="27.11022871" lon="-109.69233640" version="1" changeset="1" user="osm_generator" uid="1" timestamp="2026-06-02T00:00:00Z"/>
  <node id="763" lat="27.11022798" lon="-109.69267989" version="1" changeset="1" user="osm_generator" uid="1" timestamp="2026-06-02T00:00:00Z"/>
  <node id="764" lat="27.11022718" lon="-109.69300592" version="1" changeset="1" user="osm_generator" uid="1" timestamp="2026-06-02T00:00:00Z"/>
  <node id="765" lat="27.11022402" lon="-109.69331122" version="1" changeset="1" user="osm_generator" uid="1" timestamp="2026-06-02T00:00:00Z"/>
  <node id="766" lat="27.11021749" lon="-109.69359628" version="1" changeset="1" user="osm_generator" uid="1" timestamp="2026-06-02T00:00:00Z"/>
  <node id="767" lat="27.11020792" lon="-109.69386461" version="1" changeset="1" user="osm_generator" uid="1" timestamp="2026-06-02T00:00:00Z"/>
  <node id="768" lat="27.11019685" lon="-109.69412152" version="1" changeset="1" user="osm_generator" uid="1" timestamp="2026-06-02T00:00:00Z"/>
  <node id="769" lat="27.11018667" lon="-109.69437274" version="1" changeset="1" user="osm_generator" uid="1" timestamp="2026-06-02T00:00:00Z"/>
  <node id="770" lat="27.11018004" lon="-109.69462310" version="1" changeset="1" user="osm_generator" uid="1" timestamp="2026-06-02T00:00:00Z"/>
  <node id="771" lat="27.11017929" lon="-109.69487555" version="1" changeset="1" user="osm_generator" uid="1" timestamp="2026-06-02T00:00:00Z"/>
  <node id="772" lat="27.11018572" lon="-109.69513056" version="1" changeset="1" user="osm_generator" uid="1" timestamp="2026-06-02T00:00:00Z"/>
  <node id="773" lat="27.11019919" lon="-109.69538625" version="1" changeset="1" user="osm_generator" uid="1" timestamp="2026-06-02T00:00:00Z"/>
  <node id="774" lat="27.11021779" lon="-109.69563882" version="1" changeset="1" user="osm_generator" uid="1" timestamp="2026-06-02T00:00:00Z"/>
  <node id="775" lat="27.11023785" lon="-109.69588360" version="1" changeset="1" user="osm_generator" uid="1" timestamp="2026-06-02T00:00:00Z"/>
  <node id="776" lat="27.11025426" lon="-109.69611618" version="1" changeset="1" user="osm_generator" uid="1" timestamp="2026-06-02T00:00:00Z"/>
  <node id="777" lat="27.11026106" lon="-109.69633357" version="1" changeset="1" user="osm_generator" uid="1" timestamp="2026-06-02T00:00:00Z"/>
  <node id="778" lat="27.11025216" lon="-109.69653511" version="1" changeset="1" user="osm_generator" uid="1" timestamp="2026-06-02T00:00:00Z"/>
  <node id="779" lat="27.11022224" lon="-109.69672298" version="1" changeset="1" user="osm_generator" uid="1" timestamp="2026-06-02T00:00:00Z"/>
  <node id="780" lat="27.11016759" lon="-109.69690216" version="1" changeset="1" user="osm_generator" uid="1" timestamp="2026-06-02T00:00:00Z"/>
  <node id="781" lat="27.11008672" lon="-109.69707991" version="1" changeset="1" user="osm_generator" uid="1" timestamp="2026-06-02T00:00:00Z"/>
  <node id="782" lat="27.10998084" lon="-109.69726474" version="1" changeset="1" user="osm_generator" uid="1" timestamp="2026-06-02T00:00:00Z"/>
  <node id="783" lat="27.10985386" lon="-109.69746516" version="1" changeset="1" user="osm_generator" uid="1" timestamp="2026-06-02T00:00:00Z"/>
  <node id="784" lat="27.10971214" lon="-109.69768838" version="1" changeset="1" user="osm_generator" uid="1" timestamp="2026-06-02T00:00:00Z"/>
  <node id="785" lat="27.10956388" lon="-109.69793915" version="1" changeset="1" user="osm_generator" uid="1" timestamp="2026-06-02T00:00:00Z"/>
  <node id="786" lat="27.10941827" lon="-109.69821896" version="1" changeset="1" user="osm_generator" uid="1" timestamp="2026-06-02T00:00:00Z"/>
  <node id="787" lat="27.10928450" lon="-109.69852579" version="1" changeset="1" user="osm_generator" uid="1" timestamp="2026-06-02T00:00:00Z"/>
  <node id="788" lat="27.10917076" lon="-109.69885438" version="1" changeset="1" user="osm_generator" uid="1" timestamp="2026-06-02T00:00:00Z"/>
  <node id="789" lat="27.10908339" lon="-109.69919699" version="1" changeset="1" user="osm_generator" uid="1" timestamp="2026-06-02T00:00:00Z"/>
  <node id="790" lat="27.10902630" lon="-109.69954459" version="1" changeset="1" user="osm_generator" uid="1" timestamp="2026-06-02T00:00:00Z"/>
  <node id="791" lat="27.10900066" lon="-109.69988814" version="1" changeset="1" user="osm_generator" uid="1" timestamp="2026-06-02T00:00:00Z"/>
  <node id="792" lat="27.10900496" lon="-109.70021989" version="1" changeset="1" user="osm_generator" uid="1" timestamp="2026-06-02T00:00:00Z"/>
  <node id="793" lat="27.10903545" lon="-109.70053433" version="1" changeset="1" user="osm_generator" uid="1" timestamp="2026-06-02T00:00:00Z"/>
  <node id="794" lat="27.10908677" lon="-109.70082878" version="1" changeset="1" user="osm_generator" uid="1" timestamp="2026-06-02T00:00:00Z"/>
  <node id="795" lat="27.10915281" lon="-109.70110339" version="1" changeset="1" user="osm_generator" uid="1" timestamp="2026-06-02T00:00:00Z"/>
  <node id="796" lat="27.10922753" lon="-109.70136064" version="1" changeset="1" user="osm_generator" uid="1" timestamp="2026-06-02T00:00:00Z"/>
  <node id="797" lat="27.10930577" lon="-109.70160445" version="1" changeset="1" user="osm_generator" uid="1" timestamp="2026-06-02T00:00:00Z"/>
  <node id="798" lat="27.10938381" lon="-109.70183902" version="1" changeset="1" user="osm_generator" uid="1" timestamp="2026-06-02T00:00:00Z"/>
  <node id="799" lat="27.10945968" lon="-109.70206763" version="1" changeset="1" user="osm_generator" uid="1" timestamp="2026-06-02T00:00:00Z"/>
  <node id="800" lat="27.10953316" lon="-109.70229172" version="1" changeset="1" user="osm_generator" uid="1" timestamp="2026-06-02T00:00:00Z"/>
  <node id="801" lat="27.10960549" lon="-109.70251032" version="1" changeset="1" user="osm_generator" uid="1" timestamp="2026-06-02T00:00:00Z"/>
  <node id="802" lat="27.10967892" lon="-109.70272004" version="1" changeset="1" user="osm_generator" uid="1" timestamp="2026-06-02T00:00:00Z"/>
  <node id="803" lat="27.10975601" lon="-109.70291558" version="1" changeset="1" user="osm_generator" uid="1" timestamp="2026-06-02T00:00:00Z"/>
  <node id="804" lat="27.10983908" lon="-109.70309076" version="1" changeset="1" user="osm_generator" uid="1" timestamp="2026-06-02T00:00:00Z"/>
  <node id="805" lat="27.10992958" lon="-109.70323984" version="1" changeset="1" user="osm_generator" uid="1" timestamp="2026-06-02T00:00:00Z"/>
  <node id="806" lat="27.11002774" lon="-109.70335889" version="1" changeset="1" user="osm_generator" uid="1" timestamp="2026-06-02T00:00:00Z"/>
  <node id="807" lat="27.11013243" lon="-109.70344699" version="1" changeset="1" user="osm_generator" uid="1" timestamp="2026-06-02T00:00:00Z"/>
  <node id="808" lat="27.11024130" lon="-109.70350700" version="1" changeset="1" user="osm_generator" uid="1" timestamp="2026-06-02T00:00:00Z"/>
  <node id="809" lat="27.11035103" lon="-109.70354574" version="1" changeset="1" user="osm_generator" uid="1" timestamp="2026-06-02T00:00:00Z"/>
  <node id="810" lat="27.11045792" lon="-109.70357340" version="1" changeset="1" user="osm_generator" uid="1" timestamp="2026-06-02T00:00:00Z"/>
  <node id="811" lat="27.11055844" lon="-109.70360240" version="1" changeset="1" user="osm_generator" uid="1" timestamp="2026-06-02T00:00:00Z"/>
  <node id="812" lat="27.11064975" lon="-109.70364569" version="1" changeset="1" user="osm_generator" uid="1" timestamp="2026-06-02T00:00:00Z"/>
  <node id="813" lat="27.11073020" lon="-109.70371476" version="1" changeset="1" user="osm_generator" uid="1" timestamp="2026-06-02T00:00:00Z"/>
  <node id="814" lat="27.11079955" lon="-109.70381777" version="1" changeset="1" user="osm_generator" uid="1" timestamp="2026-06-02T00:00:00Z"/>
  <node id="815" lat="27.11085900" lon="-109.70395800" version="1" changeset="1" user="osm_generator" uid="1" timestamp="2026-06-02T00:00:00Z"/>
  <node id="816" lat="27.11091104" lon="-109.70413295" version="1" changeset="1" user="osm_generator" uid="1" timestamp="2026-06-02T00:00:00Z"/>
  <node id="817" lat="27.11095901" lon="-109.70433426" version="1" changeset="1" user="osm_generator" uid="1" timestamp="2026-06-02T00:00:00Z"/>
  <node id="818" lat="27.11100661" lon="-109.70454853" version="1" changeset="1" user="osm_generator" uid="1" timestamp="2026-06-02T00:00:00Z"/>
  <node id="819" lat="27.11105734" lon="-109.70475898" version="1" changeset="1" user="osm_generator" uid="1" timestamp="2026-06-02T00:00:00Z"/>
  <node id="820" lat="27.11111401" lon="-109.70494770" version="1" changeset="1" user="osm_generator" uid="1" timestamp="2026-06-02T00:00:00Z"/>
  <node id="821" lat="27.11117832" lon="-109.70509819" version="1" changeset="1" user="osm_generator" uid="1" timestamp="2026-06-02T00:00:00Z"/>
  <node id="822" lat="27.11125071" lon="-109.70519789" version="1" changeset="1" user="osm_generator" uid="1" timestamp="2026-06-02T00:00:00Z"/>
  <node id="823" lat="27.11133035" lon="-109.70524021" version="1" changeset="1" user="osm_generator" uid="1" timestamp="2026-06-02T00:00:00Z"/>
  <node id="824" lat="27.11141535" lon="-109.70522584" version="1" changeset="1" user="osm_generator" uid="1" timestamp="2026-06-02T00:00:00Z"/>
  <node id="825" lat="27.11150318" lon="-109.70516307" version="1" changeset="1" user="osm_generator" uid="1" timestamp="2026-06-02T00:00:00Z"/>
  <node id="826" lat="27.11159105" lon="-109.70506702" version="1" changeset="1" user="osm_generator" uid="1" timestamp="2026-06-02T00:00:00Z"/>
  <node id="827" lat="27.11167650" lon="-109.70495796" version="1" changeset="1" user="osm_generator" uid="1" timestamp="2026-06-02T00:00:00Z"/>
  <node id="828" lat="27.11175771" lon="-109.70485884" version="1" changeset="1" user="osm_generator" uid="1" timestamp="2026-06-02T00:00:00Z"/>
  <node id="829" lat="27.11183384" lon="-109.70479235" version="1" changeset="1" user="osm_generator" uid="1" timestamp="2026-06-02T00:00:00Z"/>
  <node id="830" lat="27.11190512" lon="-109.70477808" version="1" changeset="1" user="osm_generator" uid="1" timestamp="2026-06-02T00:00:00Z"/>
  <node id="831" lat="27.11197275" lon="-109.70482994" version="1" changeset="1" user="osm_generator" uid="1" timestamp="2026-06-02T00:00:00Z"/>
  <node id="832" lat="27.11203869" lon="-109.70495447" version="1" changeset="1" user="osm_generator" uid="1" timestamp="2026-06-02T00:00:00Z"/>
  <node id="833" lat="27.11210530" lon="-109.70515000" version="1" changeset="1" user="osm_generator" uid="1" timestamp="2026-06-02T00:00:00Z"/>
  <node id="834" lat="27.11217493" lon="-109.70540696" version="1" changeset="1" user="osm_generator" uid="1" timestamp="2026-06-02T00:00:00Z"/>
  <node id="835" lat="27.11224956" lon="-109.70570928" version="1" changeset="1" user="osm_generator" uid="1" timestamp="2026-06-02T00:00:00Z"/>
  <node id="836" lat="27.11233048" lon="-109.70603646" version="1" changeset="1" user="osm_generator" uid="1" timestamp="2026-06-02T00:00:00Z"/>
  <node id="837" lat="27.11241815" lon="-109.70636625" version="1" changeset="1" user="osm_generator" uid="1" timestamp="2026-06-02T00:00:00Z"/>
  <node id="838" lat="27.11251222" lon="-109.70667743" version="1" changeset="1" user="osm_generator" uid="1" timestamp="2026-06-02T00:00:00Z"/>
  <node id="839" lat="27.11261163" lon="-109.70695217" version="1" changeset="1" user="osm_generator" uid="1" timestamp="2026-06-02T00:00:00Z"/>
  <node id="840" lat="27.11271487" lon="-109.70717791" version="1" changeset="1" user="osm_generator" uid="1" timestamp="2026-06-02T00:00:00Z"/>
  <node id="841" lat="27.11282031" lon="-109.70734823" version="1" changeset="1" user="osm_generator" uid="1" timestamp="2026-06-02T00:00:00Z"/>
  <node id="842" lat="27.11292649" lon="-109.70746282" version="1" changeset="1" user="osm_generator" uid="1" timestamp="2026-06-02T00:00:00Z"/>
  <node id="843" lat="27.11303233" lon="-109.70752650" version="1" changeset="1" user="osm_generator" uid="1" timestamp="2026-06-02T00:00:00Z"/>
  <node id="844" lat="27.11313723" lon="-109.70754754" version="1" changeset="1" user="osm_generator" uid="1" timestamp="2026-06-02T00:00:00Z"/>
  <node id="845" lat="27.11324107" lon="-109.70753550" version="1" changeset="1" user="osm_generator" uid="1" timestamp="2026-06-02T00:00:00Z"/>
  <node id="846" lat="27.11334402" lon="-109.70749915" version="1" changeset="1" user="osm_generator" uid="1" timestamp="2026-06-02T00:00:00Z"/>
  <node id="847" lat="27.11344630" lon="-109.70744451" version="1" changeset="1" user="osm_generator" uid="1" timestamp="2026-06-02T00:00:00Z"/>
  <node id="848" lat="27.11354781" lon="-109.70737369" version="1" changeset="1" user="osm_generator" uid="1" timestamp="2026-06-02T00:00:00Z"/>
  <node id="849" lat="27.11364793" lon="-109.70728438" version="1" changeset="1" user="osm_generator" uid="1" timestamp="2026-06-02T00:00:00Z"/>
  <node id="850" lat="27.11374523" lon="-109.70717034" version="1" changeset="1" user="osm_generator" uid="1" timestamp="2026-06-02T00:00:00Z"/>
  <node id="851" lat="27.11383749" lon="-109.70702255" version="1" changeset="1" user="osm_generator" uid="1" timestamp="2026-06-02T00:00:00Z"/>
  <node id="852" lat="27.11392177" lon="-109.70683109" version="1" changeset="1" user="osm_generator" uid="1" timestamp="2026-06-02T00:00:00Z"/>
  <node id="853" lat="27.11399474" lon="-109.70658712" version="1" changeset="1" user="osm_generator" uid="1" timestamp="2026-06-02T00:00:00Z"/>
  <node id="854" lat="27.11405314" lon="-109.70628499" version="1" changeset="1" user="osm_generator" uid="1" timestamp="2026-06-02T00:00:00Z"/>
  <node id="855" lat="27.11409426" lon="-109.70592371" version="1" changeset="1" user="osm_generator" uid="1" timestamp="2026-06-02T00:00:00Z"/>
  <node id="856" lat="27.11411648" lon="-109.70550799" version="1" changeset="1" user="osm_generator" uid="1" timestamp="2026-06-02T00:00:00Z"/>
  <node id="857" lat="27.11411971" lon="-109.70504824" version="1" changeset="1" user="osm_generator" uid="1" timestamp="2026-06-02T00:00:00Z"/>
  <node id="858" lat="27.11410564" lon="-109.70455982" version="1" changeset="1" user="osm_generator" uid="1" timestamp="2026-06-02T00:00:00Z"/>
  <node id="859" lat="27.11407777" lon="-109.70406151" version="1" changeset="1" user="osm_generator" uid="1" timestamp="2026-06-02T00:00:00Z"/>
  <node id="860" lat="27.11404119" lon="-109.70357340" version="1" changeset="1" user="osm_generator" uid="1" timestamp="2026-06-02T00:00:00Z"/>
  <node id="861" lat="27.11400210" lon="-109.70311461" version="1" changeset="1" user="osm_generator" uid="1" timestamp="2026-06-02T00:00:00Z"/>
  <node id="862" lat="27.11396714" lon="-109.70270109" version="1" changeset="1" user="osm_generator" uid="1" timestamp="2026-06-02T00:00:00Z"/>
  <node id="863" lat="27.11394265" lon="-109.70234384" version="1" changeset="1" user="osm_generator" uid="1" timestamp="2026-06-02T00:00:00Z"/>
  <node id="864" lat="27.11393391" lon="-109.70204782" version="1" changeset="1" user="osm_generator" uid="1" timestamp="2026-06-02T00:00:00Z"/>
  <node id="865" lat="27.11394447" lon="-109.70181167" version="1" changeset="1" user="osm_generator" uid="1" timestamp="2026-06-02T00:00:00Z"/>
  <node id="866" lat="27.11397571" lon="-109.70162824" version="1" changeset="1" user="osm_generator" uid="1" timestamp="2026-06-02T00:00:00Z"/>
  <node id="867" lat="27.11402672" lon="-109.70148586" version="1" changeset="1" user="osm_generator" uid="1" timestamp="2026-06-02T00:00:00Z"/>
  <node id="868" lat="27.11409437" lon="-109.70137014" version="1" changeset="1" user="osm_generator" uid="1" timestamp="2026-06-02T00:00:00Z"/>
  <node id="869" lat="27.11417383" lon="-109.70126591" version="1" changeset="1" user="osm_generator" uid="1" timestamp="2026-06-02T00:00:00Z"/>
  <node id="870" lat="27.11425918" lon="-109.70115923" version="1" changeset="1" user="osm_generator" uid="1" timestamp="2026-06-02T00:00:00Z"/>
  <node id="871" lat="27.11434425" lon="-109.70103889" version="1" changeset="1" user="osm_generator" uid="1" timestamp="2026-06-02T00:00:00Z"/>
  <node id="872" lat="27.11442342" lon="-109.70089747" version="1" changeset="1" user="osm_generator" uid="1" timestamp="2026-06-02T00:00:00Z"/>
  <node id="873" lat="27.11449240" lon="-109.70073171" version="1" changeset="1" user="osm_generator" uid="1" timestamp="2026-06-02T00:00:00Z"/>
  <node id="874" lat="27.11454870" lon="-109.70054220" version="1" changeset="1" user="osm_generator" uid="1" timestamp="2026-06-02T00:00:00Z"/>
  <node id="875" lat="27.11459190" lon="-109.70033254" version="1" changeset="1" user="osm_generator" uid="1" timestamp="2026-06-02T00:00:00Z"/>
  <node id="876" lat="27.11462356" lon="-109.70010812" version="1" changeset="1" user="osm_generator" uid="1" timestamp="2026-06-02T00:00:00Z"/>
  <node id="877" lat="27.11464690" lon="-109.69987485" version="1" changeset="1" user="osm_generator" uid="1" timestamp="2026-06-02T00:00:00Z"/>
  <node id="878" lat="27.11466612" lon="-109.69963783" version="1" changeset="1" user="osm_generator" uid="1" timestamp="2026-06-02T00:00:00Z"/>
  <node id="879" lat="27.11468571" lon="-109.69940059" version="1" changeset="1" user="osm_generator" uid="1" timestamp="2026-06-02T00:00:00Z"/>
  <node id="880" lat="27.11470969" lon="-109.69916449" version="1" changeset="1" user="osm_generator" uid="1" timestamp="2026-06-02T00:00:00Z"/>
  <node id="881" lat="27.11474088" lon="-109.69892889" version="1" changeset="1" user="osm_generator" uid="1" timestamp="2026-06-02T00:00:00Z"/>
  <node id="882" lat="27.11478048" lon="-109.69869151" version="1" changeset="1" user="osm_generator" uid="1" timestamp="2026-06-02T00:00:00Z"/>
  <node id="883" lat="27.11482786" lon="-109.69844927" version="1" changeset="1" user="osm_generator" uid="1" timestamp="2026-06-02T00:00:00Z"/>
  <node id="884" lat="27.11488067" lon="-109.69819918" version="1" changeset="1" user="osm_generator" uid="1" timestamp="2026-06-02T00:00:00Z"/>
  <node id="885" lat="27.11493524" lon="-109.69793915" version="1" changeset="1" user="osm_generator" uid="1" timestamp="2026-06-02T00:00:00Z"/>
  <node id="886" lat="27.11498715" lon="-109.69766860" version="1" changeset="1" user="osm_generator" uid="1" timestamp="2026-06-02T00:00:00Z"/>
  <node id="887" lat="27.11503202" lon="-109.69738864" version="1" changeset="1" user="osm_generator" uid="1" timestamp="2026-06-02T00:00:00Z"/>
  <node id="888" lat="27.11506616" lon="-109.69710187" version="1" changeset="1" user="osm_generator" uid="1" timestamp="2026-06-02T00:00:00Z"/>
  <node id="889" lat="27.11508724" lon="-109.69681181" version="1" changeset="1" user="osm_generator" uid="1" timestamp="2026-06-02T00:00:00Z"/>
  <node id="890" lat="27.11509465" lon="-109.69652207" version="1" changeset="1" user="osm_generator" uid="1" timestamp="2026-06-02T00:00:00Z"/>
  <node id="891" lat="27.11508962" lon="-109.69623542" version="1" changeset="1" user="osm_generator" uid="1" timestamp="2026-06-02T00:00:00Z"/>
  <node id="892" lat="27.11507500" lon="-109.69595305" version="1" changeset="1" user="osm_generator" uid="1" timestamp="2026-06-02T00:00:00Z"/>
  <node id="893" lat="27.11505483" lon="-109.69567408" version="1" changeset="1" user="osm_generator" uid="1" timestamp="2026-06-02T00:00:00Z"/>
  <node id="894" lat="27.11503364" lon="-109.69539552" version="1" changeset="1" user="osm_generator" uid="1" timestamp="2026-06-02T00:00:00Z"/>
  <node id="895" lat="27.11501568" lon="-109.69511275" version="1" changeset="1" user="osm_generator" uid="1" timestamp="2026-06-02T00:00:00Z"/>
  <node id="896" lat="27.11500422" lon="-109.69482038" version="1" changeset="1" user="osm_generator" uid="1" timestamp="2026-06-02T00:00:00Z"/>
  <node id="897" lat="27.11500088" lon="-109.69451350" version="1" changeset="1" user="osm_generator" uid="1" timestamp="2026-06-02T00:00:00Z"/>
  <node id="898" lat="27.11500528" lon="-109.69418901" version="1" changeset="1" user="osm_generator" uid="1" timestamp="2026-06-02T00:00:00Z"/>
  <node id="899" lat="27.11501502" lon="-109.69384680" version="1" changeset="1" user="osm_generator" uid="1" timestamp="2026-06-02T00:00:00Z"/>
  <node id="900" lat="27.11502585" lon="-109.69349061" version="1" changeset="1" user="osm_generator" uid="1" timestamp="2026-06-02T00:00:00Z"/>
  <node id="901" lat="27.11503224" lon="-109.69312833" version="1" changeset="1" user="osm_generator" uid="1" timestamp="2026-06-02T00:00:00Z"/>
  <node id="902" lat="27.11502810" lon="-109.69277162" version="1" changeset="1" user="osm_generator" uid="1" timestamp="2026-06-02T00:00:00Z"/>
  <node id="903" lat="27.11500759" lon="-109.69243490" version="1" changeset="1" user="osm_generator" uid="1" timestamp="2026-06-02T00:00:00Z"/>
  <node id="904" lat="27.11496595" lon="-109.69213376" version="1" changeset="1" user="osm_generator" uid="1" timestamp="2026-06-02T00:00:00Z"/>
  <node id="905" lat="27.11490017" lon="-109.69188305" version="1" changeset="1" user="osm_generator" uid="1" timestamp="2026-06-02T00:00:00Z"/>
  <node id="906" lat="27.11480941" lon="-109.69169485" version="1" changeset="1" user="osm_generator" uid="1" timestamp="2026-06-02T00:00:00Z"/>
  <node id="907" lat="27.11469517" lon="-109.69157674" version="1" changeset="1" user="osm_generator" uid="1" timestamp="2026-06-02T00:00:00Z"/>
  <node id="908" lat="27.11456110" lon="-109.69153048" version="1" changeset="1" user="osm_generator" uid="1" timestamp="2026-06-02T00:00:00Z"/>
  <node id="909" lat="27.11441257" lon="-109.69155152" version="1" changeset="1" user="osm_generator" uid="1" timestamp="2026-06-02T00:00:00Z"/>
  <node id="910" lat="27.11425605" lon="-109.69162924" version="1" changeset="1" user="osm_generator" uid="1" timestamp="2026-06-02T00:00:00Z"/>
  <node id="911" lat="27.11409829" lon="-109.69174807" version="1" changeset="1" user="osm_generator" uid="1" timestamp="2026-06-02T00:00:00Z"/>
  <node id="912" lat="27.11394562" lon="-109.69188926" version="1" changeset="1" user="osm_generator" uid="1" timestamp="2026-06-02T00:00:00Z"/>
  <node id="913" lat="27.11380324" lon="-109.69203305" version="1" changeset="1" user="osm_generator" uid="1" timestamp="2026-06-02T00:00:00Z"/>
  <node id="914" lat="27.11367478" lon="-109.69216102" version="1" changeset="1" user="osm_generator" uid="1" timestamp="2026-06-02T00:00:00Z"/>
  <node id="915" lat="27.11356206" lon="-109.69225813" version="1" changeset="1" user="osm_generator" uid="1" timestamp="2026-06-02T00:00:00Z"/>
  <node id="916" lat="27.11346513" lon="-109.69231428" version="1" changeset="1" user="osm_generator" uid="1" timestamp="2026-06-02T00:00:00Z"/>
  <node id="917" lat="27.11338249" lon="-109.69232509" version="1" changeset="1" user="osm_generator" uid="1" timestamp="2026-06-02T00:00:00Z"/>
  <node id="918" lat="27.11331160" lon="-109.69229179" version="1" changeset="1" user="osm_generator" uid="1" timestamp="2026-06-02T00:00:00Z"/>
  <node id="919" lat="27.11324930" lon="-109.69222034" version="1" changeset="1" user="osm_generator" uid="1" timestamp="2026-06-02T00:00:00Z"/>
  <node id="920" lat="27.11319243" lon="-109.69211983" version="1" changeset="1" user="osm_generator" uid="1" timestamp="2026-06-02T00:00:00Z"/>
  <node id="921" lat="27.11313820" lon="-109.69200042" version="1" changeset="1" user="osm_generator" uid="1" timestamp="2026-06-02T00:00:00Z"/>
  <node id="922" lat="27.11308453" lon="-109.69187136" version="1" changeset="1" user="osm_generator" uid="1" timestamp="2026-06-02T00:00:00Z"/>
  <node id="923" lat="27.11303015" lon="-109.69173912" version="1" changeset="1" user="osm_generator" uid="1" timestamp="2026-06-02T00:00:00Z"/>
  <node id="924" lat="27.11297458" lon="-109.69160618" version="1" changeset="1" user="osm_generator" uid="1" timestamp="2026-06-02T00:00:00Z"/>
  <node id="925" lat="27.11291789" lon="-109.69147065" version="1" changeset="1" user="osm_generator" uid="1" timestamp="2026-06-02T00:00:00Z"/>
  <node id="926" lat="27.11286045" lon="-109.69132665" version="1" changeset="1" user="osm_generator" uid="1" timestamp="2026-06-02T00:00:00Z"/>
  <node id="927" lat="27.11280259" lon="-109.69116560" version="1" changeset="1" user="osm_generator" uid="1" timestamp="2026-06-02T00:00:00Z"/>
  <node id="928" lat="27.11274435" lon="-109.69097804" version="1" changeset="1" user="osm_generator" uid="1" timestamp="2026-06-02T00:00:00Z"/>
  <node id="929" lat="27.11268530" lon="-109.69075584" version="1" changeset="1" user="osm_generator" uid="1" timestamp="2026-06-02T00:00:00Z"/>
  <node id="930" lat="27.11262452" lon="-109.69049429" version="1" changeset="1" user="osm_generator" uid="1" timestamp="2026-06-02T00:00:00Z"/>
  <node id="931" lat="27.11256070" lon="-109.69019378" version="1" changeset="1" user="osm_generator" uid="1" timestamp="2026-06-02T00:00:00Z"/>
  <node id="932" lat="27.11249239" lon="-109.68986081" version="1" changeset="1" user="osm_generator" uid="1" timestamp="2026-06-02T00:00:00Z"/>
  <node id="933" lat="27.11241823" lon="-109.68950800" version="1" changeset="1" user="osm_generator" uid="1" timestamp="2026-06-02T00:00:00Z"/>
  <node id="934" lat="27.11233736" lon="-109.68915321" version="1" changeset="1" user="osm_generator" uid="1" timestamp="2026-06-02T00:00:00Z"/>
  <node id="935" lat="27.10793282" lon="-109.74844163" version="1" changeset="1" user="osm_generator" uid="1" timestamp="2026-06-02T00:00:00Z"/>
  <node id="936" lat="27.10793282" lon="-109.66569837" version="1" changeset="1" user="osm_generator" uid="1" timestamp="2026-06-02T00:00:00Z"/>
  <node id="937" lat="27.10743820" lon="-109.70319141" version="1" changeset="1" user="osm_generator" uid="1" timestamp="2026-06-02T00:00:00Z"/>
  <node id="938" lat="27.10743820" lon="-109.70060568" version="1" changeset="1" user="osm_generator" uid="1" timestamp="2026-06-02T00:00:00Z"/>
  <node id="939" lat="27.10513594" lon="-109.70060568" version="1" changeset="1" user="osm_generator" uid="1" timestamp="2026-06-02T00:00:00Z"/>
  <node id="940" lat="27.10513594" lon="-109.70319141" version="1" changeset="1" user="osm_generator" uid="1" timestamp="2026-06-02T00:00:00Z"/>
  <node id="941" lat="27.05514452" lon="-109.72413580" version="1" changeset="1" user="osm_generator" uid="1" timestamp="2026-06-02T00:00:00Z"/>
  <node id="942" lat="27.05514452" lon="-109.72103293" version="1" changeset="1" user="osm_generator" uid="1" timestamp="2026-06-02T00:00:00Z"/>
  <node id="943" lat="27.05238180" lon="-109.72103293" version="1" changeset="1" user="osm_generator" uid="1" timestamp="2026-06-02T00:00:00Z"/>
  <node id="944" lat="27.05238180" lon="-109.72413580" version="1" changeset="1" user="osm_generator" uid="1" timestamp="2026-06-02T00:00:00Z"/>
  <node id="945" lat="27.05422361" lon="-109.70293284" version="1" changeset="1" user="osm_generator" uid="1" timestamp="2026-06-02T00:00:00Z"/>
  <node id="946" lat="27.05422361" lon="-109.70086426" version="1" changeset="1" user="osm_generator" uid="1" timestamp="2026-06-02T00:00:00Z"/>
  <node id="947" lat="27.05238180" lon="-109.70086426" version="1" changeset="1" user="osm_generator" uid="1" timestamp="2026-06-02T00:00:00Z"/>
  <node id="948" lat="27.05238180" lon="-109.70293284" version="1" changeset="1" user="osm_generator" uid="1" timestamp="2026-06-02T00:00:00Z"/>
  <node id="949" lat="27.05514452" lon="-109.68276417" version="1" changeset="1" user="osm_generator" uid="1" timestamp="2026-06-02T00:00:00Z"/>
  <node id="950" lat="27.05514452" lon="-109.67966130" version="1" changeset="1" user="osm_generator" uid="1" timestamp="2026-06-02T00:00:00Z"/>
  <node id="951" lat="27.05238180" lon="-109.67966130" version="1" changeset="1" user="osm_generator" uid="1" timestamp="2026-06-02T00:00:00Z"/>
  <node id="952" lat="27.05238180" lon="-109.68276417" version="1" changeset="1" user="osm_generator" uid="1" timestamp="2026-06-02T00:00:00Z"/>
  <node id="953" lat="27.07622638" lon="-109.73798762" version="1" changeset="1" user="osm_generator" uid="1" timestamp="2026-06-02T00:00:00Z"/>
  <node id="954" lat="27.07622638" lon="-109.73591904" version="1" changeset="1" user="osm_generator" uid="1" timestamp="2026-06-02T00:00:00Z"/>
  <node id="955" lat="27.07438458" lon="-109.73591904" version="1" changeset="1" user="osm_generator" uid="1" timestamp="2026-06-02T00:00:00Z"/>
  <node id="956" lat="27.07438458" lon="-109.73798762" version="1" changeset="1" user="osm_generator" uid="1" timestamp="2026-06-02T00:00:00Z"/>
  <node id="957" lat="27.10753712" lon="-109.73163441" version="1" changeset="1" user="osm_generator" uid="1" timestamp="2026-06-02T00:00:00Z"/>
  <node id="958" lat="27.10753712" lon="-109.72775582" version="1" changeset="1" user="osm_generator" uid="1" timestamp="2026-06-02T00:00:00Z"/>
  <node id="959" lat="27.10293260" lon="-109.72775582" version="1" changeset="1" user="osm_generator" uid="1" timestamp="2026-06-02T00:00:00Z"/>
  <node id="960" lat="27.10293260" lon="-109.73163441" version="1" changeset="1" user="osm_generator" uid="1" timestamp="2026-06-02T00:00:00Z"/>
  <node id="961" lat="27.07760774" lon="-109.68132384" version="1" changeset="1" user="osm_generator" uid="1" timestamp="2026-06-02T00:00:00Z"/>
  <node id="962" lat="27.07760774" lon="-109.67615238" version="1" changeset="1" user="osm_generator" uid="1" timestamp="2026-06-02T00:00:00Z"/>
  <node id="963" lat="27.07300322" lon="-109.67615238" version="1" changeset="1" user="osm_generator" uid="1" timestamp="2026-06-02T00:00:00Z"/>
  <node id="964" lat="27.07300322" lon="-109.68132384" version="1" changeset="1" user="osm_generator" uid="1" timestamp="2026-06-02T00:00:00Z"/>
  <node id="965" lat="27.11566698" lon="-109.70955472" version="1" changeset="1" user="osm_generator" uid="1" timestamp="2026-06-02T00:00:00Z"/>
  <node id="966" lat="27.11566698" lon="-109.68632358" version="1" changeset="1" user="osm_generator" uid="1" timestamp="2026-06-02T00:00:00Z"/>
  <node id="967" lat="27.10806772" lon="-109.68632358" version="1" changeset="1" user="osm_generator" uid="1" timestamp="2026-06-02T00:00:00Z"/>
  <node id="968" lat="27.10806772" lon="-109.70955472" version="1" changeset="1" user="osm_generator" uid="1" timestamp="2026-06-02T00:00:00Z"/>
  <node id="969" lat="27.05965011" lon="-109.74234699" version="1" changeset="1" user="osm_generator" uid="1" timestamp="2026-06-02T00:00:00Z"/>
  <node id="970" lat="27.05965011" lon="-109.73820983" version="1" changeset="1" user="osm_generator" uid="1" timestamp="2026-06-02T00:00:00Z"/>
  <node id="971" lat="27.05412469" lon="-109.73820983" version="1" changeset="1" user="osm_generator" uid="1" timestamp="2026-06-02T00:00:00Z"/>
  <node id="972" lat="27.05412469" lon="-109.74234699" version="1" changeset="1" user="osm_generator" uid="1" timestamp="2026-06-02T00:00:00Z"/>
  <node id="973" lat="27.05606542" lon="-109.69465851" version="1" changeset="1" user="osm_generator" uid="1" timestamp="2026-06-02T00:00:00Z"/>
  <node id="974" lat="27.05606542" lon="-109.68845277" version="1" changeset="1" user="osm_generator" uid="1" timestamp="2026-06-02T00:00:00Z"/>
  <node id="975" lat="27.05238180" lon="-109.68845277" version="1" changeset="1" user="osm_generator" uid="1" timestamp="2026-06-02T00:00:00Z"/>
  <node id="976" lat="27.05238180" lon="-109.69465851" version="1" changeset="1" user="osm_generator" uid="1" timestamp="2026-06-02T00:00:00Z"/>
  <node id="977" lat="27.11000126" lon="-109.73798762" version="1" changeset="1" user="osm_generator" uid="1" timestamp="2026-06-02T00:00:00Z"/>
  <node id="978" lat="27.11000126" lon="-109.72779622" version="1" changeset="1" user="osm_generator" uid="1" timestamp="2026-06-02T00:00:00Z"/>
  <node id="979" lat="27.10820262" lon="-109.72779622" version="1" changeset="1" user="osm_generator" uid="1" timestamp="2026-06-02T00:00:00Z"/>
  <node id="980" lat="27.10820262" lon="-109.73798762" version="1" changeset="1" user="osm_generator" uid="1" timestamp="2026-06-02T00:00:00Z"/>
  <node id="981" lat="27.10753712" lon="-109.74844163" version="1" changeset="1" user="osm_generator" uid="1" timestamp="2026-06-02T00:00:00Z"/>
  <node id="982" lat="27.10753712" lon="-109.73809872" version="1" changeset="1" user="osm_generator" uid="1" timestamp="2026-06-02T00:00:00Z"/>
  <node id="983" lat="27.10753712" lon="-109.72775582" version="1" changeset="1" user="osm_generator" uid="1" timestamp="2026-06-02T00:00:00Z"/>
  <node id="984" lat="27.10753712" lon="-109.71741291" version="1" changeset="1" user="osm_generator" uid="1" timestamp="2026-06-02T00:00:00Z"/>
  <node id="985" lat="27.10753712" lon="-109.70707000" version="1" changeset="1" user="osm_generator" uid="1" timestamp="2026-06-02T00:00:00Z"/>
  <node id="986" lat="27.10753712" lon="-109.69672709" version="1" changeset="1" user="osm_generator" uid="1" timestamp="2026-06-02T00:00:00Z"/>
  <node id="987" lat="27.10753712" lon="-109.68638418" version="1" changeset="1" user="osm_generator" uid="1" timestamp="2026-06-02T00:00:00Z"/>
  <node id="988" lat="27.10753712" lon="-109.67604128" version="1" changeset="1" user="osm_generator" uid="1" timestamp="2026-06-02T00:00:00Z"/>
  <node id="989" lat="27.10753712" lon="-109.66569837" version="1" changeset="1" user="osm_generator" uid="1" timestamp="2026-06-02T00:00:00Z"/>
  <node id="990" lat="27.09832808" lon="-109.74844163" version="1" changeset="1" user="osm_generator" uid="1" timestamp="2026-06-02T00:00:00Z"/>
  <node id="991" lat="27.09832808" lon="-109.73809872" version="1" changeset="1" user="osm_generator" uid="1" timestamp="2026-06-02T00:00:00Z"/>
  <node id="992" lat="27.09832808" lon="-109.72775582" version="1" changeset="1" user="osm_generator" uid="1" timestamp="2026-06-02T00:00:00Z"/>
  <node id="993" lat="27.09832808" lon="-109.71741291" version="1" changeset="1" user="osm_generator" uid="1" timestamp="2026-06-02T00:00:00Z"/>
  <node id="994" lat="27.09832808" lon="-109.70707000" version="1" changeset="1" user="osm_generator" uid="1" timestamp="2026-06-02T00:00:00Z"/>
  <node id="995" lat="27.09832808" lon="-109.69672709" version="1" changeset="1" user="osm_generator" uid="1" timestamp="2026-06-02T00:00:00Z"/>
  <node id="996" lat="27.09832808" lon="-109.68638418" version="1" changeset="1" user="osm_generator" uid="1" timestamp="2026-06-02T00:00:00Z"/>
  <node id="997" lat="27.09832808" lon="-109.67604128" version="1" changeset="1" user="osm_generator" uid="1" timestamp="2026-06-02T00:00:00Z"/>
  <node id="998" lat="27.09832808" lon="-109.66569837" version="1" changeset="1" user="osm_generator" uid="1" timestamp="2026-06-02T00:00:00Z"/>
  <node id="999" lat="27.08911904" lon="-109.74844163" version="1" changeset="1" user="osm_generator" uid="1" timestamp="2026-06-02T00:00:00Z"/>
  <node id="1000" lat="27.08911904" lon="-109.73809872" version="1" changeset="1" user="osm_generator" uid="1" timestamp="2026-06-02T00:00:00Z"/>
  <node id="1001" lat="27.08911904" lon="-109.72775582" version="1" changeset="1" user="osm_generator" uid="1" timestamp="2026-06-02T00:00:00Z"/>
  <node id="1002" lat="27.08911904" lon="-109.71741291" version="1" changeset="1" user="osm_generator" uid="1" timestamp="2026-06-02T00:00:00Z"/>
  <node id="1003" lat="27.08911904" lon="-109.70707000" version="1" changeset="1" user="osm_generator" uid="1" timestamp="2026-06-02T00:00:00Z"/>
  <node id="1004" lat="27.08911904" lon="-109.69672709" version="1" changeset="1" user="osm_generator" uid="1" timestamp="2026-06-02T00:00:00Z"/>
  <node id="1005" lat="27.08911904" lon="-109.68638418" version="1" changeset="1" user="osm_generator" uid="1" timestamp="2026-06-02T00:00:00Z"/>
  <node id="1006" lat="27.08911904" lon="-109.67604128" version="1" changeset="1" user="osm_generator" uid="1" timestamp="2026-06-02T00:00:00Z"/>
  <node id="1007" lat="27.08911904" lon="-109.66569837" version="1" changeset="1" user="osm_generator" uid="1" timestamp="2026-06-02T00:00:00Z"/>
  <node id="1008" lat="27.07991000" lon="-109.74844163" version="1" changeset="1" user="osm_generator" uid="1" timestamp="2026-06-02T00:00:00Z"/>
  <node id="1009" lat="27.07991000" lon="-109.73809872" version="1" changeset="1" user="osm_generator" uid="1" timestamp="2026-06-02T00:00:00Z"/>
  <node id="1010" lat="27.07991000" lon="-109.72775582" version="1" changeset="1" user="osm_generator" uid="1" timestamp="2026-06-02T00:00:00Z"/>
  <node id="1011" lat="27.07991000" lon="-109.71741291" version="1" changeset="1" user="osm_generator" uid="1" timestamp="2026-06-02T00:00:00Z"/>
  <node id="1012" lat="27.07991000" lon="-109.70707000" version="1" changeset="1" user="osm_generator" uid="1" timestamp="2026-06-02T00:00:00Z"/>
  <node id="1013" lat="27.07991000" lon="-109.69672709" version="1" changeset="1" user="osm_generator" uid="1" timestamp="2026-06-02T00:00:00Z"/>
  <node id="1014" lat="27.07991000" lon="-109.68638418" version="1" changeset="1" user="osm_generator" uid="1" timestamp="2026-06-02T00:00:00Z"/>
  <node id="1015" lat="27.07991000" lon="-109.67604128" version="1" changeset="1" user="osm_generator" uid="1" timestamp="2026-06-02T00:00:00Z"/>
  <node id="1016" lat="27.07991000" lon="-109.66569837" version="1" changeset="1" user="osm_generator" uid="1" timestamp="2026-06-02T00:00:00Z"/>
  <node id="1017" lat="27.07070096" lon="-109.74844163" version="1" changeset="1" user="osm_generator" uid="1" timestamp="2026-06-02T00:00:00Z"/>
  <node id="1018" lat="27.07070096" lon="-109.73809872" version="1" changeset="1" user="osm_generator" uid="1" timestamp="2026-06-02T00:00:00Z"/>
  <node id="1019" lat="27.07070096" lon="-109.72775582" version="1" changeset="1" user="osm_generator" uid="1" timestamp="2026-06-02T00:00:00Z"/>
  <node id="1020" lat="27.07070096" lon="-109.71741291" version="1" changeset="1" user="osm_generator" uid="1" timestamp="2026-06-02T00:00:00Z"/>
  <node id="1021" lat="27.07070096" lon="-109.70707000" version="1" changeset="1" user="osm_generator" uid="1" timestamp="2026-06-02T00:00:00Z"/>
  <node id="1022" lat="27.07070096" lon="-109.69672709" version="1" changeset="1" user="osm_generator" uid="1" timestamp="2026-06-02T00:00:00Z"/>
  <node id="1023" lat="27.07070096" lon="-109.68638418" version="1" changeset="1" user="osm_generator" uid="1" timestamp="2026-06-02T00:00:00Z"/>
  <node id="1024" lat="27.07070096" lon="-109.67604128" version="1" changeset="1" user="osm_generator" uid="1" timestamp="2026-06-02T00:00:00Z"/>
  <node id="1025" lat="27.07070096" lon="-109.66569837" version="1" changeset="1" user="osm_generator" uid="1" timestamp="2026-06-02T00:00:00Z"/>
  <node id="1026" lat="27.06149192" lon="-109.74844163" version="1" changeset="1" user="osm_generator" uid="1" timestamp="2026-06-02T00:00:00Z"/>
  <node id="1027" lat="27.06149192" lon="-109.73809872" version="1" changeset="1" user="osm_generator" uid="1" timestamp="2026-06-02T00:00:00Z"/>
  <node id="1028" lat="27.06149192" lon="-109.72775582" version="1" changeset="1" user="osm_generator" uid="1" timestamp="2026-06-02T00:00:00Z"/>
  <node id="1029" lat="27.06149192" lon="-109.71741291" version="1" changeset="1" user="osm_generator" uid="1" timestamp="2026-06-02T00:00:00Z"/>
  <node id="1030" lat="27.06149192" lon="-109.70707000" version="1" changeset="1" user="osm_generator" uid="1" timestamp="2026-06-02T00:00:00Z"/>
  <node id="1031" lat="27.06149192" lon="-109.69672709" version="1" changeset="1" user="osm_generator" uid="1" timestamp="2026-06-02T00:00:00Z"/>
  <node id="1032" lat="27.06149192" lon="-109.68638418" version="1" changeset="1" user="osm_generator" uid="1" timestamp="2026-06-02T00:00:00Z"/>
  <node id="1033" lat="27.06149192" lon="-109.67604128" version="1" changeset="1" user="osm_generator" uid="1" timestamp="2026-06-02T00:00:00Z"/>
  <node id="1034" lat="27.06149192" lon="-109.66569837" version="1" changeset="1" user="osm_generator" uid="1" timestamp="2026-06-02T00:00:00Z"/>
  <node id="1035" lat="27.05228288" lon="-109.74844163" version="1" changeset="1" user="osm_generator" uid="1" timestamp="2026-06-02T00:00:00Z"/>
  <node id="1036" lat="27.05228288" lon="-109.73809872" version="1" changeset="1" user="osm_generator" uid="1" timestamp="2026-06-02T00:00:00Z"/>
  <node id="1037" lat="27.05228288" lon="-109.72775582" version="1" changeset="1" user="osm_generator" uid="1" timestamp="2026-06-02T00:00:00Z"/>
  <node id="1038" lat="27.05228288" lon="-109.71741291" version="1" changeset="1" user="osm_generator" uid="1" timestamp="2026-06-02T00:00:00Z"/>
  <node id="1039" lat="27.05228288" lon="-109.70707000" version="1" changeset="1" user="osm_generator" uid="1" timestamp="2026-06-02T00:00:00Z"/>
  <node id="1040" lat="27.05228288" lon="-109.69672709" version="1" changeset="1" user="osm_generator" uid="1" timestamp="2026-06-02T00:00:00Z"/>
  <node id="1041" lat="27.05228288" lon="-109.68638418" version="1" changeset="1" user="osm_generator" uid="1" timestamp="2026-06-02T00:00:00Z"/>
  <node id="1042" lat="27.05228288" lon="-109.67604128" version="1" changeset="1" user="osm_generator" uid="1" timestamp="2026-06-02T00:00:00Z"/>
  <node id="1043" lat="27.05228288" lon="-109.66569837" version="1" changeset="1" user="osm_generator" uid="1" timestamp="2026-06-02T00:00:00Z"/>
  <way id="1" version="1" changeset="1" user="osm_generator" uid="1" timestamp="2026-06-02T00:00:00Z">
    <nd ref="1"/>
    <nd ref="2"/>
    <nd ref="3"/>
    <nd ref="4"/>
    <nd ref="1"/>
    <tag k="landuse" v="farmland"/>
  </way>
  <way id="2" version="1" changeset="1" user="osm_generator" uid="1" timestamp="2026-06-02T00:00:00Z">
    <nd ref="5"/>
    <nd ref="6"/>
    <nd ref="7"/>
    <nd ref="8"/>
    <nd ref="5"/>
    <tag k="landuse" v="farmland"/>
  </way>
  <way id="3" version="1" changeset="1" user="osm_generator" uid="1" timestamp="2026-06-02T00:00:00Z">
    <nd ref="9"/>
    <nd ref="10"/>
    <nd ref="11"/>
    <nd ref="12"/>
    <nd ref="9"/>
    <tag k="landuse" v="farmland"/>
  </way>
  <way id="4" version="1" changeset="1" user="osm_generator" uid="1" timestamp="2026-06-02T00:00:00Z">
    <nd ref="13"/>
    <nd ref="14"/>
    <nd ref="15"/>
    <nd ref="16"/>
    <nd ref="13"/>
    <tag k="landuse" v="farmland"/>
  </way>
  <way id="5" version="1" changeset="1" user="osm_generator" uid="1" timestamp="2026-06-02T00:00:00Z">
    <nd ref="17"/>
    <nd ref="18"/>
    <nd ref="19"/>
    <nd ref="20"/>
    <nd ref="17"/>
    <tag k="landuse" v="farmland"/>
  </way>
  <way id="6" version="1" changeset="1" user="osm_generator" uid="1" timestamp="2026-06-02T00:00:00Z">
    <nd ref="21"/>
    <nd ref="22"/>
    <nd ref="23"/>
    <nd ref="24"/>
    <nd ref="21"/>
    <tag k="landuse" v="farmland"/>
  </way>
  <way id="7" version="1" changeset="1" user="osm_generator" uid="1" timestamp="2026-06-02T00:00:00Z">
    <nd ref="25"/>
    <nd ref="26"/>
    <nd ref="27"/>
    <nd ref="28"/>
    <nd ref="25"/>
    <tag k="landuse" v="farmland"/>
  </way>
  <way id="8" version="1" changeset="1" user="osm_generator" uid="1" timestamp="2026-06-02T00:00:00Z">
    <nd ref="29"/>
    <nd ref="30"/>
    <nd ref="31"/>
    <nd ref="32"/>
    <nd ref="29"/>
    <tag k="landuse" v="farmland"/>
  </way>
  <way id="9" version="1" changeset="1" user="osm_generator" uid="1" timestamp="2026-06-02T00:00:00Z">
    <nd ref="33"/>
    <nd ref="34"/>
    <nd ref="35"/>
    <nd ref="36"/>
    <nd ref="33"/>
    <tag k="landuse" v="farmland"/>
  </way>
  <way id="10" version="1" changeset="1" user="osm_generator" uid="1" timestamp="2026-06-02T00:00:00Z">
    <nd ref="37"/>
    <nd ref="38"/>
    <nd ref="39"/>
    <nd ref="40"/>
    <nd ref="37"/>
    <tag k="landuse" v="farmland"/>
  </way>
  <way id="11" version="1" changeset="1" user="osm_generator" uid="1" timestamp="2026-06-02T00:00:00Z">
    <nd ref="41"/>
    <nd ref="42"/>
    <nd ref="43"/>
    <nd ref="44"/>
    <nd ref="41"/>
    <tag k="landuse" v="farmland"/>
  </way>
  <way id="12" version="1" changeset="1" user="osm_generator" uid="1" timestamp="2026-06-02T00:00:00Z">
    <nd ref="45"/>
    <nd ref="46"/>
    <nd ref="47"/>
    <nd ref="48"/>
    <nd ref="45"/>
    <tag k="landuse" v="farmland"/>
  </way>
  <way id="13" version="1" changeset="1" user="osm_generator" uid="1" timestamp="2026-06-02T00:00:00Z">
    <nd ref="49"/>
    <nd ref="50"/>
    <nd ref="51"/>
    <nd ref="52"/>
    <nd ref="49"/>
    <tag k="landuse" v="farmland"/>
  </way>
  <way id="14" version="1" changeset="1" user="osm_generator" uid="1" timestamp="2026-06-02T00:00:00Z">
    <nd ref="53"/>
    <nd ref="54"/>
    <nd ref="55"/>
    <nd ref="56"/>
    <nd ref="53"/>
    <tag k="landuse" v="farmland"/>
    <tag k="crop" v="rice"/>
  </way>
  <way id="15" version="1" changeset="1" user="osm_generator" uid="1" timestamp="2026-06-02T00:00:00Z">
    <nd ref="57"/>
    <nd ref="58"/>
    <nd ref="59"/>
    <nd ref="60"/>
    <nd ref="57"/>
    <tag k="landuse" v="farmland"/>
    <tag k="crop" v="rice"/>
  </way>
  <way id="16" version="1" changeset="1" user="osm_generator" uid="1" timestamp="2026-06-02T00:00:00Z">
    <nd ref="61"/>
    <nd ref="62"/>
    <nd ref="63"/>
    <nd ref="64"/>
    <nd ref="61"/>
    <tag k="landuse" v="farmland"/>
    <tag k="crop" v="rice"/>
  </way>
  <way id="17" version="1" changeset="1" user="osm_generator" uid="1" timestamp="2026-06-02T00:00:00Z">
    <nd ref="65"/>
    <nd ref="66"/>
    <nd ref="67"/>
    <nd ref="68"/>
    <nd ref="65"/>
    <tag k="landuse" v="farmland"/>
    <tag k="crop" v="rice"/>
  </way>
  <way id="18" version="1" changeset="1" user="osm_generator" uid="1" timestamp="2026-06-02T00:00:00Z">
    <nd ref="69"/>
    <nd ref="70"/>
    <nd ref="71"/>
    <nd ref="72"/>
    <nd ref="69"/>
    <tag k="landuse" v="farmland"/>
    <tag k="crop" v="rice"/>
  </way>
  <way id="19" version="1" changeset="1" user="osm_generator" uid="1" timestamp="2026-06-02T00:00:00Z">
    <nd ref="73"/>
    <nd ref="74"/>
    <nd ref="75"/>
    <nd ref="76"/>
    <nd ref="73"/>
    <tag k="landuse" v="farmland"/>
    <tag k="crop" v="rice"/>
  </way>
  <way id="20" version="1" changeset="1" user="osm_generator" uid="1" timestamp="2026-06-02T00:00:00Z">
    <nd ref="77"/>
    <nd ref="78"/>
    <nd ref="79"/>
    <nd ref="80"/>
    <nd ref="77"/>
    <tag k="landuse" v="farmland"/>
    <tag k="crop" v="rice"/>
  </way>
  <way id="21" version="1" changeset="1" user="osm_generator" uid="1" timestamp="2026-06-02T00:00:00Z">
    <nd ref="81"/>
    <nd ref="82"/>
    <nd ref="83"/>
    <nd ref="84"/>
    <nd ref="81"/>
    <tag k="landuse" v="farmland"/>
    <tag k="crop" v="rice"/>
  </way>
  <way id="22" version="1" changeset="1" user="osm_generator" uid="1" timestamp="2026-06-02T00:00:00Z">
    <nd ref="85"/>
    <nd ref="86"/>
    <nd ref="87"/>
    <nd ref="88"/>
    <nd ref="85"/>
    <tag k="landuse" v="farmland"/>
  </way>
  <way id="23" version="1" changeset="1" user="osm_generator" uid="1" timestamp="2026-06-02T00:00:00Z">
    <nd ref="89"/>
    <nd ref="90"/>
    <nd ref="91"/>
    <nd ref="92"/>
    <nd ref="89"/>
    <tag k="landuse" v="farmland"/>
  </way>
  <way id="24" version="1" changeset="1" user="osm_generator" uid="1" timestamp="2026-06-02T00:00:00Z">
    <nd ref="93"/>
    <nd ref="94"/>
    <nd ref="95"/>
    <nd ref="96"/>
    <nd ref="93"/>
    <tag k="landuse" v="farmland"/>
  </way>
  <way id="25" version="1" changeset="1" user="osm_generator" uid="1" timestamp="2026-06-02T00:00:00Z">
    <nd ref="97"/>
    <nd ref="98"/>
    <nd ref="99"/>
    <nd ref="100"/>
    <nd ref="97"/>
    <tag k="landuse" v="farmland"/>
  </way>
  <way id="26" version="1" changeset="1" user="osm_generator" uid="1" timestamp="2026-06-02T00:00:00Z">
    <nd ref="101"/>
    <nd ref="102"/>
    <nd ref="103"/>
    <nd ref="104"/>
    <nd ref="101"/>
    <tag k="landuse" v="farmland"/>
  </way>
  <way id="27" version="1" changeset="1" user="osm_generator" uid="1" timestamp="2026-06-02T00:00:00Z">
    <nd ref="105"/>
    <nd ref="106"/>
    <nd ref="107"/>
    <nd ref="108"/>
    <nd ref="105"/>
    <tag k="landuse" v="farmland"/>
  </way>
  <way id="28" version="1" changeset="1" user="osm_generator" uid="1" timestamp="2026-06-02T00:00:00Z">
    <nd ref="109"/>
    <nd ref="110"/>
    <nd ref="111"/>
    <nd ref="112"/>
    <nd ref="109"/>
    <tag k="landuse" v="farmland"/>
  </way>
  <way id="29" version="1" changeset="1" user="osm_generator" uid="1" timestamp="2026-06-02T00:00:00Z">
    <nd ref="113"/>
    <nd ref="114"/>
    <nd ref="115"/>
    <nd ref="116"/>
    <nd ref="113"/>
    <tag k="landuse" v="farmland"/>
  </way>
  <way id="30" version="1" changeset="1" user="osm_generator" uid="1" timestamp="2026-06-02T00:00:00Z">
    <nd ref="117"/>
    <nd ref="118"/>
    <nd ref="119"/>
    <nd ref="120"/>
    <nd ref="117"/>
    <tag k="landuse" v="farmland"/>
  </way>
  <way id="31" version="1" changeset="1" user="osm_generator" uid="1" timestamp="2026-06-02T00:00:00Z">
    <nd ref="121"/>
    <nd ref="122"/>
    <nd ref="123"/>
    <nd ref="124"/>
    <nd ref="121"/>
    <tag k="landuse" v="farmland"/>
  </way>
  <way id="32" version="1" changeset="1" user="osm_generator" uid="1" timestamp="2026-06-02T00:00:00Z">
    <nd ref="125"/>
    <nd ref="126"/>
    <nd ref="127"/>
    <nd ref="128"/>
    <nd ref="125"/>
    <tag k="landuse" v="farmland"/>
  </way>
  <way id="33" version="1" changeset="1" user="osm_generator" uid="1" timestamp="2026-06-02T00:00:00Z">
    <nd ref="129"/>
    <nd ref="130"/>
    <nd ref="131"/>
    <nd ref="132"/>
    <nd ref="129"/>
    <tag k="landuse" v="farmland"/>
  </way>
  <way id="34" version="1" changeset="1" user="osm_generator" uid="1" timestamp="2026-06-02T00:00:00Z">
    <nd ref="133"/>
    <nd ref="134"/>
    <nd ref="135"/>
    <nd ref="136"/>
    <nd ref="133"/>
    <tag k="landuse" v="farmland"/>
  </way>
  <way id="35" version="1" changeset="1" user="osm_generator" uid="1" timestamp="2026-06-02T00:00:00Z">
    <nd ref="137"/>
    <nd ref="138"/>
    <nd ref="139"/>
    <nd ref="140"/>
    <nd ref="137"/>
    <tag k="landuse" v="farmland"/>
  </way>
  <way id="36" version="1" changeset="1" user="osm_generator" uid="1" timestamp="2026-06-02T00:00:00Z">
    <nd ref="141"/>
    <nd ref="142"/>
    <nd ref="143"/>
    <nd ref="144"/>
    <nd ref="141"/>
    <tag k="landuse" v="farmland"/>
  </way>
  <way id="37" version="1" changeset="1" user="osm_generator" uid="1" timestamp="2026-06-02T00:00:00Z">
    <nd ref="145"/>
    <nd ref="146"/>
    <nd ref="147"/>
    <nd ref="148"/>
    <nd ref="145"/>
    <tag k="landuse" v="farmland"/>
  </way>
  <way id="38" version="1" changeset="1" user="osm_generator" uid="1" timestamp="2026-06-02T00:00:00Z">
    <nd ref="149"/>
    <nd ref="150"/>
    <nd ref="151"/>
    <nd ref="152"/>
    <nd ref="149"/>
    <tag k="landuse" v="farmland"/>
  </way>
  <way id="39" version="1" changeset="1" user="osm_generator" uid="1" timestamp="2026-06-02T00:00:00Z">
    <nd ref="153"/>
    <nd ref="154"/>
    <nd ref="155"/>
    <nd ref="156"/>
    <nd ref="153"/>
    <tag k="landuse" v="farmland"/>
    <tag k="crop" v="rice"/>
  </way>
  <way id="40" version="1" changeset="1" user="osm_generator" uid="1" timestamp="2026-06-02T00:00:00Z">
    <nd ref="157"/>
    <nd ref="158"/>
    <nd ref="159"/>
    <nd ref="160"/>
    <nd ref="157"/>
    <tag k="landuse" v="farmland"/>
    <tag k="crop" v="rice"/>
  </way>
  <way id="41" version="1" changeset="1" user="osm_generator" uid="1" timestamp="2026-06-02T00:00:00Z">
    <nd ref="161"/>
    <nd ref="162"/>
    <nd ref="163"/>
    <nd ref="164"/>
    <nd ref="161"/>
    <tag k="landuse" v="farmland"/>
    <tag k="crop" v="rice"/>
  </way>
  <way id="42" version="1" changeset="1" user="osm_generator" uid="1" timestamp="2026-06-02T00:00:00Z">
    <nd ref="165"/>
    <nd ref="166"/>
    <nd ref="167"/>
    <nd ref="168"/>
    <nd ref="165"/>
    <tag k="landuse" v="farmland"/>
    <tag k="crop" v="rice"/>
  </way>
  <way id="43" version="1" changeset="1" user="osm_generator" uid="1" timestamp="2026-06-02T00:00:00Z">
    <nd ref="169"/>
    <nd ref="170"/>
    <nd ref="171"/>
    <nd ref="172"/>
    <nd ref="169"/>
    <tag k="landuse" v="farmland"/>
    <tag k="crop" v="rice"/>
  </way>
  <way id="44" version="1" changeset="1" user="osm_generator" uid="1" timestamp="2026-06-02T00:00:00Z">
    <nd ref="173"/>
    <nd ref="174"/>
    <nd ref="175"/>
    <nd ref="176"/>
    <nd ref="173"/>
    <tag k="landuse" v="farmland"/>
    <tag k="crop" v="rice"/>
  </way>
  <way id="45" version="1" changeset="1" user="osm_generator" uid="1" timestamp="2026-06-02T00:00:00Z">
    <nd ref="177"/>
    <nd ref="178"/>
    <nd ref="179"/>
    <nd ref="180"/>
    <nd ref="177"/>
    <tag k="landuse" v="farmland"/>
    <tag k="crop" v="rice"/>
  </way>
  <way id="46" version="1" changeset="1" user="osm_generator" uid="1" timestamp="2026-06-02T00:00:00Z">
    <nd ref="181"/>
    <nd ref="182"/>
    <nd ref="183"/>
    <nd ref="184"/>
    <nd ref="181"/>
    <tag k="landuse" v="farmland"/>
    <tag k="crop" v="rice"/>
  </way>
  <way id="47" version="1" changeset="1" user="osm_generator" uid="1" timestamp="2026-06-02T00:00:00Z">
    <nd ref="185"/>
    <nd ref="186"/>
    <nd ref="187"/>
    <nd ref="188"/>
    <nd ref="185"/>
    <tag k="landuse" v="farmland"/>
  </way>
  <way id="48" version="1" changeset="1" user="osm_generator" uid="1" timestamp="2026-06-02T00:00:00Z">
    <nd ref="189"/>
    <nd ref="190"/>
    <nd ref="191"/>
    <nd ref="192"/>
    <nd ref="189"/>
    <tag k="landuse" v="farmland"/>
  </way>
  <way id="49" version="1" changeset="1" user="osm_generator" uid="1" timestamp="2026-06-02T00:00:00Z">
    <nd ref="193"/>
    <nd ref="194"/>
    <nd ref="195"/>
    <nd ref="196"/>
    <nd ref="193"/>
    <tag k="landuse" v="farmland"/>
  </way>
  <way id="50" version="1" changeset="1" user="osm_generator" uid="1" timestamp="2026-06-02T00:00:00Z">
    <nd ref="197"/>
    <nd ref="198"/>
    <nd ref="199"/>
    <nd ref="200"/>
    <nd ref="197"/>
    <tag k="landuse" v="farmland"/>
  </way>
  <way id="51" version="1" changeset="1" user="osm_generator" uid="1" timestamp="2026-06-02T00:00:00Z">
    <nd ref="201"/>
    <nd ref="202"/>
    <nd ref="203"/>
    <nd ref="204"/>
    <nd ref="201"/>
    <tag k="landuse" v="farmland"/>
  </way>
  <way id="52" version="1" changeset="1" user="osm_generator" uid="1" timestamp="2026-06-02T00:00:00Z">
    <nd ref="205"/>
    <nd ref="206"/>
    <nd ref="207"/>
    <nd ref="208"/>
    <nd ref="205"/>
    <tag k="landuse" v="farmland"/>
  </way>
  <way id="53" version="1" changeset="1" user="osm_generator" uid="1" timestamp="2026-06-02T00:00:00Z">
    <nd ref="209"/>
    <nd ref="210"/>
    <nd ref="211"/>
    <nd ref="212"/>
    <nd ref="209"/>
    <tag k="landuse" v="farmland"/>
  </way>
  <way id="54" version="1" changeset="1" user="osm_generator" uid="1" timestamp="2026-06-02T00:00:00Z">
    <nd ref="213"/>
    <nd ref="214"/>
    <nd ref="215"/>
    <nd ref="216"/>
    <nd ref="213"/>
    <tag k="landuse" v="farmland"/>
  </way>
  <way id="55" version="1" changeset="1" user="osm_generator" uid="1" timestamp="2026-06-02T00:00:00Z">
    <nd ref="217"/>
    <nd ref="218"/>
    <nd ref="219"/>
    <nd ref="220"/>
    <nd ref="217"/>
    <tag k="landuse" v="farmland"/>
  </way>
  <way id="56" version="1" changeset="1" user="osm_generator" uid="1" timestamp="2026-06-02T00:00:00Z">
    <nd ref="221"/>
    <nd ref="222"/>
    <nd ref="223"/>
    <nd ref="224"/>
    <nd ref="221"/>
    <tag k="landuse" v="farmland"/>
  </way>
  <way id="57" version="1" changeset="1" user="osm_generator" uid="1" timestamp="2026-06-02T00:00:00Z">
    <nd ref="225"/>
    <nd ref="226"/>
    <nd ref="227"/>
    <nd ref="228"/>
    <nd ref="225"/>
    <tag k="landuse" v="farmland"/>
  </way>
  <way id="58" version="1" changeset="1" user="osm_generator" uid="1" timestamp="2026-06-02T00:00:00Z">
    <nd ref="229"/>
    <nd ref="230"/>
    <nd ref="231"/>
    <nd ref="232"/>
    <nd ref="229"/>
    <tag k="landuse" v="farmland"/>
  </way>
  <way id="59" version="1" changeset="1" user="osm_generator" uid="1" timestamp="2026-06-02T00:00:00Z">
    <nd ref="233"/>
    <nd ref="234"/>
    <nd ref="235"/>
    <nd ref="236"/>
    <nd ref="233"/>
    <tag k="landuse" v="farmland"/>
  </way>
  <way id="60" version="1" changeset="1" user="osm_generator" uid="1" timestamp="2026-06-02T00:00:00Z">
    <nd ref="237"/>
    <nd ref="238"/>
    <nd ref="239"/>
    <nd ref="240"/>
    <nd ref="237"/>
    <tag k="landuse" v="farmland"/>
  </way>
  <way id="61" version="1" changeset="1" user="osm_generator" uid="1" timestamp="2026-06-02T00:00:00Z">
    <nd ref="241"/>
    <nd ref="242"/>
    <nd ref="243"/>
    <nd ref="244"/>
    <nd ref="241"/>
    <tag k="landuse" v="farmland"/>
  </way>
  <way id="62" version="1" changeset="1" user="osm_generator" uid="1" timestamp="2026-06-02T00:00:00Z">
    <nd ref="245"/>
    <nd ref="246"/>
    <nd ref="247"/>
    <nd ref="248"/>
    <nd ref="245"/>
    <tag k="landuse" v="farmland"/>
    <tag k="crop" v="rice"/>
  </way>
  <way id="63" version="1" changeset="1" user="osm_generator" uid="1" timestamp="2026-06-02T00:00:00Z">
    <nd ref="249"/>
    <nd ref="250"/>
    <nd ref="251"/>
    <nd ref="252"/>
    <nd ref="249"/>
    <tag k="landuse" v="farmland"/>
    <tag k="crop" v="rice"/>
  </way>
  <way id="64" version="1" changeset="1" user="osm_generator" uid="1" timestamp="2026-06-02T00:00:00Z">
    <nd ref="253"/>
    <nd ref="254"/>
    <nd ref="255"/>
    <nd ref="256"/>
    <nd ref="253"/>
    <tag k="landuse" v="farmland"/>
    <tag k="crop" v="rice"/>
  </way>
  <way id="65" version="1" changeset="1" user="osm_generator" uid="1" timestamp="2026-06-02T00:00:00Z">
    <nd ref="257"/>
    <nd ref="258"/>
    <nd ref="259"/>
    <nd ref="260"/>
    <nd ref="257"/>
    <tag k="landuse" v="farmland"/>
    <tag k="crop" v="rice"/>
  </way>
  <way id="66" version="1" changeset="1" user="osm_generator" uid="1" timestamp="2026-06-02T00:00:00Z">
    <nd ref="261"/>
    <nd ref="262"/>
    <nd ref="263"/>
    <nd ref="264"/>
    <nd ref="261"/>
    <tag k="landuse" v="farmland"/>
    <tag k="crop" v="rice"/>
  </way>
  <way id="67" version="1" changeset="1" user="osm_generator" uid="1" timestamp="2026-06-02T00:00:00Z">
    <nd ref="265"/>
    <nd ref="266"/>
    <nd ref="267"/>
    <nd ref="268"/>
    <nd ref="265"/>
    <tag k="landuse" v="farmland"/>
    <tag k="crop" v="rice"/>
  </way>
  <way id="68" version="1" changeset="1" user="osm_generator" uid="1" timestamp="2026-06-02T00:00:00Z">
    <nd ref="269"/>
    <nd ref="270"/>
    <nd ref="271"/>
    <nd ref="272"/>
    <nd ref="269"/>
    <tag k="landuse" v="farmland"/>
    <tag k="crop" v="rice"/>
  </way>
  <way id="69" version="1" changeset="1" user="osm_generator" uid="1" timestamp="2026-06-02T00:00:00Z">
    <nd ref="273"/>
    <nd ref="274"/>
    <nd ref="275"/>
    <nd ref="276"/>
    <nd ref="273"/>
    <tag k="landuse" v="farmland"/>
    <tag k="crop" v="rice"/>
  </way>
  <way id="70" version="1" changeset="1" user="osm_generator" uid="1" timestamp="2026-06-02T00:00:00Z">
    <nd ref="277"/>
    <nd ref="278"/>
    <nd ref="279"/>
    <nd ref="280"/>
    <nd ref="277"/>
    <tag k="landuse" v="farmland"/>
  </way>
  <way id="71" version="1" changeset="1" user="osm_generator" uid="1" timestamp="2026-06-02T00:00:00Z">
    <nd ref="281"/>
    <nd ref="282"/>
    <nd ref="283"/>
    <nd ref="284"/>
    <nd ref="281"/>
    <tag k="landuse" v="farmland"/>
  </way>
  <way id="72" version="1" changeset="1" user="osm_generator" uid="1" timestamp="2026-06-02T00:00:00Z">
    <nd ref="285"/>
    <nd ref="286"/>
    <nd ref="287"/>
    <nd ref="288"/>
    <nd ref="285"/>
    <tag k="landuse" v="farmland"/>
  </way>
  <way id="73" version="1" changeset="1" user="osm_generator" uid="1" timestamp="2026-06-02T00:00:00Z">
    <nd ref="289"/>
    <nd ref="290"/>
    <nd ref="291"/>
    <nd ref="292"/>
    <nd ref="289"/>
    <tag k="landuse" v="farmland"/>
  </way>
  <way id="74" version="1" changeset="1" user="osm_generator" uid="1" timestamp="2026-06-02T00:00:00Z">
    <nd ref="293"/>
    <nd ref="294"/>
    <nd ref="295"/>
    <nd ref="296"/>
    <nd ref="293"/>
    <tag k="landuse" v="farmland"/>
  </way>
  <way id="75" version="1" changeset="1" user="osm_generator" uid="1" timestamp="2026-06-02T00:00:00Z">
    <nd ref="297"/>
    <nd ref="298"/>
    <nd ref="299"/>
    <nd ref="300"/>
    <nd ref="297"/>
    <tag k="landuse" v="farmland"/>
  </way>
  <way id="76" version="1" changeset="1" user="osm_generator" uid="1" timestamp="2026-06-02T00:00:00Z">
    <nd ref="301"/>
    <nd ref="302"/>
    <nd ref="303"/>
    <nd ref="304"/>
    <nd ref="301"/>
    <tag k="landuse" v="farmland"/>
  </way>
  <way id="77" version="1" changeset="1" user="osm_generator" uid="1" timestamp="2026-06-02T00:00:00Z">
    <nd ref="305"/>
    <nd ref="306"/>
    <nd ref="307"/>
    <nd ref="308"/>
    <nd ref="305"/>
    <tag k="landuse" v="farmland"/>
  </way>
  <way id="78" version="1" changeset="1" user="osm_generator" uid="1" timestamp="2026-06-02T00:00:00Z">
    <nd ref="309"/>
    <nd ref="310"/>
    <nd ref="311"/>
    <nd ref="312"/>
    <nd ref="309"/>
    <tag k="landuse" v="farmland"/>
  </way>
  <way id="79" version="1" changeset="1" user="osm_generator" uid="1" timestamp="2026-06-02T00:00:00Z">
    <nd ref="313"/>
    <nd ref="314"/>
    <nd ref="315"/>
    <nd ref="316"/>
    <nd ref="313"/>
    <tag k="landuse" v="farmland"/>
  </way>
  <way id="80" version="1" changeset="1" user="osm_generator" uid="1" timestamp="2026-06-02T00:00:00Z">
    <nd ref="317"/>
    <nd ref="318"/>
    <nd ref="319"/>
    <nd ref="320"/>
    <nd ref="317"/>
    <tag k="landuse" v="farmland"/>
  </way>
  <way id="81" version="1" changeset="1" user="osm_generator" uid="1" timestamp="2026-06-02T00:00:00Z">
    <nd ref="321"/>
    <nd ref="322"/>
    <nd ref="323"/>
    <nd ref="324"/>
    <nd ref="321"/>
    <tag k="landuse" v="farmland"/>
  </way>
  <way id="82" version="1" changeset="1" user="osm_generator" uid="1" timestamp="2026-06-02T00:00:00Z">
    <nd ref="325"/>
    <nd ref="326"/>
    <nd ref="327"/>
    <nd ref="328"/>
    <nd ref="325"/>
    <tag k="landuse" v="farmland"/>
  </way>
  <way id="83" version="1" changeset="1" user="osm_generator" uid="1" timestamp="2026-06-02T00:00:00Z">
    <nd ref="329"/>
    <nd ref="330"/>
    <nd ref="331"/>
    <nd ref="332"/>
    <nd ref="329"/>
    <tag k="landuse" v="farmland"/>
    <tag k="crop" v="rice"/>
  </way>
  <way id="84" version="1" changeset="1" user="osm_generator" uid="1" timestamp="2026-06-02T00:00:00Z">
    <nd ref="333"/>
    <nd ref="334"/>
    <nd ref="335"/>
    <nd ref="336"/>
    <nd ref="333"/>
    <tag k="landuse" v="farmland"/>
    <tag k="crop" v="rice"/>
  </way>
  <way id="85" version="1" changeset="1" user="osm_generator" uid="1" timestamp="2026-06-02T00:00:00Z">
    <nd ref="337"/>
    <nd ref="338"/>
    <nd ref="339"/>
    <nd ref="340"/>
    <nd ref="337"/>
    <tag k="landuse" v="farmland"/>
    <tag k="crop" v="rice"/>
  </way>
  <way id="86" version="1" changeset="1" user="osm_generator" uid="1" timestamp="2026-06-02T00:00:00Z">
    <nd ref="341"/>
    <nd ref="342"/>
    <nd ref="343"/>
    <nd ref="344"/>
    <nd ref="341"/>
    <tag k="landuse" v="farmland"/>
    <tag k="crop" v="rice"/>
  </way>
  <way id="87" version="1" changeset="1" user="osm_generator" uid="1" timestamp="2026-06-02T00:00:00Z">
    <nd ref="345"/>
    <nd ref="346"/>
    <nd ref="347"/>
    <nd ref="348"/>
    <nd ref="345"/>
    <tag k="landuse" v="farmland"/>
    <tag k="crop" v="rice"/>
  </way>
  <way id="88" version="1" changeset="1" user="osm_generator" uid="1" timestamp="2026-06-02T00:00:00Z">
    <nd ref="349"/>
    <nd ref="350"/>
    <nd ref="351"/>
    <nd ref="352"/>
    <nd ref="349"/>
    <tag k="landuse" v="farmland"/>
    <tag k="crop" v="rice"/>
  </way>
  <way id="89" version="1" changeset="1" user="osm_generator" uid="1" timestamp="2026-06-02T00:00:00Z">
    <nd ref="353"/>
    <nd ref="354"/>
    <nd ref="355"/>
    <nd ref="356"/>
    <nd ref="353"/>
    <tag k="landuse" v="farmland"/>
    <tag k="crop" v="rice"/>
  </way>
  <way id="90" version="1" changeset="1" user="osm_generator" uid="1" timestamp="2026-06-02T00:00:00Z">
    <nd ref="357"/>
    <nd ref="358"/>
    <nd ref="359"/>
    <nd ref="360"/>
    <nd ref="357"/>
    <tag k="landuse" v="farmland"/>
    <tag k="crop" v="rice"/>
  </way>
  <way id="91" version="1" changeset="1" user="osm_generator" uid="1" timestamp="2026-06-02T00:00:00Z">
    <nd ref="361"/>
    <nd ref="362"/>
    <nd ref="363"/>
    <nd ref="364"/>
    <nd ref="361"/>
    <tag k="landuse" v="farmland"/>
  </way>
  <way id="92" version="1" changeset="1" user="osm_generator" uid="1" timestamp="2026-06-02T00:00:00Z">
    <nd ref="365"/>
    <nd ref="366"/>
    <nd ref="367"/>
    <nd ref="368"/>
    <nd ref="365"/>
    <tag k="landuse" v="farmland"/>
  </way>
  <way id="93" version="1" changeset="1" user="osm_generator" uid="1" timestamp="2026-06-02T00:00:00Z">
    <nd ref="369"/>
    <nd ref="370"/>
    <nd ref="371"/>
    <nd ref="372"/>
    <nd ref="369"/>
    <tag k="landuse" v="farmland"/>
  </way>
  <way id="94" version="1" changeset="1" user="osm_generator" uid="1" timestamp="2026-06-02T00:00:00Z">
    <nd ref="373"/>
    <nd ref="374"/>
    <nd ref="375"/>
    <nd ref="376"/>
    <nd ref="373"/>
    <tag k="landuse" v="farmland"/>
  </way>
  <way id="95" version="1" changeset="1" user="osm_generator" uid="1" timestamp="2026-06-02T00:00:00Z">
    <nd ref="377"/>
    <nd ref="378"/>
    <nd ref="379"/>
    <nd ref="380"/>
    <nd ref="377"/>
    <tag k="landuse" v="farmland"/>
  </way>
  <way id="96" version="1" changeset="1" user="osm_generator" uid="1" timestamp="2026-06-02T00:00:00Z">
    <nd ref="381"/>
    <nd ref="382"/>
    <nd ref="383"/>
    <nd ref="384"/>
    <nd ref="381"/>
    <tag k="landuse" v="farmland"/>
  </way>
  <way id="97" version="1" changeset="1" user="osm_generator" uid="1" timestamp="2026-06-02T00:00:00Z">
    <nd ref="385"/>
    <nd ref="386"/>
    <nd ref="387"/>
    <nd ref="388"/>
    <nd ref="385"/>
    <tag k="landuse" v="farmland"/>
  </way>
  <way id="98" version="1" changeset="1" user="osm_generator" uid="1" timestamp="2026-06-02T00:00:00Z">
    <nd ref="389"/>
    <nd ref="390"/>
    <nd ref="391"/>
    <nd ref="392"/>
    <nd ref="389"/>
    <tag k="landuse" v="farmland"/>
  </way>
  <way id="99" version="1" changeset="1" user="osm_generator" uid="1" timestamp="2026-06-02T00:00:00Z">
    <nd ref="393"/>
    <nd ref="394"/>
    <nd ref="395"/>
    <nd ref="396"/>
    <nd ref="393"/>
    <tag k="landuse" v="farmland"/>
  </way>
  <way id="100" version="1" changeset="1" user="osm_generator" uid="1" timestamp="2026-06-02T00:00:00Z">
    <nd ref="397"/>
    <nd ref="398"/>
    <nd ref="399"/>
    <nd ref="400"/>
    <nd ref="397"/>
    <tag k="landuse" v="farmland"/>
  </way>
  <way id="101" version="1" changeset="1" user="osm_generator" uid="1" timestamp="2026-06-02T00:00:00Z">
    <nd ref="401"/>
    <nd ref="402"/>
    <nd ref="403"/>
    <nd ref="404"/>
    <nd ref="401"/>
    <tag k="landuse" v="farmland"/>
  </way>
  <way id="102" version="1" changeset="1" user="osm_generator" uid="1" timestamp="2026-06-02T00:00:00Z">
    <nd ref="405"/>
    <nd ref="406"/>
    <nd ref="407"/>
    <nd ref="408"/>
    <nd ref="405"/>
    <tag k="landuse" v="farmland"/>
  </way>
  <way id="103" version="1" changeset="1" user="osm_generator" uid="1" timestamp="2026-06-02T00:00:00Z">
    <nd ref="409"/>
    <nd ref="410"/>
    <nd ref="411"/>
    <nd ref="412"/>
    <nd ref="409"/>
    <tag k="landuse" v="farmland"/>
  </way>
  <way id="104" version="1" changeset="1" user="osm_generator" uid="1" timestamp="2026-06-02T00:00:00Z">
    <nd ref="413"/>
    <nd ref="414"/>
    <nd ref="415"/>
    <nd ref="416"/>
    <nd ref="413"/>
    <tag k="landuse" v="farmland"/>
  </way>
  <way id="105" version="1" changeset="1" user="osm_generator" uid="1" timestamp="2026-06-02T00:00:00Z">
    <nd ref="417"/>
    <nd ref="418"/>
    <nd ref="419"/>
    <nd ref="420"/>
    <nd ref="417"/>
    <tag k="landuse" v="farmland"/>
  </way>
  <way id="106" version="1" changeset="1" user="osm_generator" uid="1" timestamp="2026-06-02T00:00:00Z">
    <nd ref="421"/>
    <nd ref="422"/>
    <nd ref="423"/>
    <nd ref="424"/>
    <nd ref="421"/>
    <tag k="landuse" v="farmland"/>
    <tag k="crop" v="rice"/>
  </way>
  <way id="107" version="1" changeset="1" user="osm_generator" uid="1" timestamp="2026-06-02T00:00:00Z">
    <nd ref="425"/>
    <nd ref="426"/>
    <nd ref="427"/>
    <nd ref="428"/>
    <nd ref="425"/>
    <tag k="landuse" v="farmland"/>
    <tag k="crop" v="rice"/>
  </way>
  <way id="108" version="1" changeset="1" user="osm_generator" uid="1" timestamp="2026-06-02T00:00:00Z">
    <nd ref="429"/>
    <nd ref="430"/>
    <nd ref="431"/>
    <nd ref="432"/>
    <nd ref="429"/>
    <tag k="landuse" v="farmland"/>
    <tag k="crop" v="rice"/>
  </way>
  <way id="109" version="1" changeset="1" user="osm_generator" uid="1" timestamp="2026-06-02T00:00:00Z">
    <nd ref="433"/>
    <nd ref="434"/>
    <nd ref="435"/>
    <nd ref="436"/>
    <nd ref="433"/>
    <tag k="landuse" v="farmland"/>
    <tag k="crop" v="rice"/>
  </way>
  <way id="110" version="1" changeset="1" user="osm_generator" uid="1" timestamp="2026-06-02T00:00:00Z">
    <nd ref="437"/>
    <nd ref="438"/>
    <nd ref="439"/>
    <nd ref="440"/>
    <nd ref="437"/>
    <tag k="landuse" v="farmland"/>
    <tag k="crop" v="rice"/>
  </way>
  <way id="111" version="1" changeset="1" user="osm_generator" uid="1" timestamp="2026-06-02T00:00:00Z">
    <nd ref="441"/>
    <nd ref="442"/>
    <nd ref="443"/>
    <nd ref="444"/>
    <nd ref="441"/>
    <tag k="landuse" v="farmland"/>
    <tag k="crop" v="rice"/>
  </way>
  <way id="112" version="1" changeset="1" user="osm_generator" uid="1" timestamp="2026-06-02T00:00:00Z">
    <nd ref="445"/>
    <nd ref="446"/>
    <nd ref="447"/>
    <nd ref="448"/>
    <nd ref="445"/>
    <tag k="landuse" v="farmland"/>
    <tag k="crop" v="rice"/>
  </way>
  <way id="113" version="1" changeset="1" user="osm_generator" uid="1" timestamp="2026-06-02T00:00:00Z">
    <nd ref="449"/>
    <nd ref="450"/>
    <nd ref="451"/>
    <nd ref="452"/>
    <nd ref="449"/>
    <tag k="landuse" v="farmland"/>
    <tag k="crop" v="rice"/>
  </way>
  <way id="114" version="1" changeset="1" user="osm_generator" uid="1" timestamp="2026-06-02T00:00:00Z">
    <nd ref="453"/>
    <nd ref="454"/>
    <nd ref="455"/>
    <nd ref="456"/>
    <nd ref="453"/>
    <tag k="landuse" v="farmland"/>
  </way>
  <way id="115" version="1" changeset="1" user="osm_generator" uid="1" timestamp="2026-06-02T00:00:00Z">
    <nd ref="457"/>
    <nd ref="458"/>
    <nd ref="459"/>
    <nd ref="460"/>
    <nd ref="457"/>
    <tag k="landuse" v="farmland"/>
  </way>
  <way id="116" version="1" changeset="1" user="osm_generator" uid="1" timestamp="2026-06-02T00:00:00Z">
    <nd ref="461"/>
    <nd ref="462"/>
    <nd ref="463"/>
    <nd ref="464"/>
    <nd ref="461"/>
    <tag k="landuse" v="farmland"/>
  </way>
  <way id="117" version="1" changeset="1" user="osm_generator" uid="1" timestamp="2026-06-02T00:00:00Z">
    <nd ref="465"/>
    <nd ref="466"/>
    <nd ref="467"/>
    <nd ref="468"/>
    <nd ref="465"/>
    <tag k="landuse" v="farmland"/>
  </way>
  <way id="118" version="1" changeset="1" user="osm_generator" uid="1" timestamp="2026-06-02T00:00:00Z">
    <nd ref="469"/>
    <nd ref="470"/>
    <nd ref="471"/>
    <nd ref="472"/>
    <nd ref="469"/>
    <tag k="landuse" v="farmland"/>
  </way>
  <way id="119" version="1" changeset="1" user="osm_generator" uid="1" timestamp="2026-06-02T00:00:00Z">
    <nd ref="473"/>
    <nd ref="474"/>
    <nd ref="475"/>
    <nd ref="476"/>
    <nd ref="473"/>
    <tag k="landuse" v="farmland"/>
  </way>
  <way id="120" version="1" changeset="1" user="osm_generator" uid="1" timestamp="2026-06-02T00:00:00Z">
    <nd ref="477"/>
    <nd ref="478"/>
    <nd ref="479"/>
    <nd ref="480"/>
    <nd ref="477"/>
    <tag k="landuse" v="farmland"/>
  </way>
  <way id="121" version="1" changeset="1" user="osm_generator" uid="1" timestamp="2026-06-02T00:00:00Z">
    <nd ref="481"/>
    <nd ref="482"/>
    <nd ref="483"/>
    <nd ref="484"/>
    <nd ref="481"/>
    <tag k="landuse" v="farmland"/>
  </way>
  <way id="122" version="1" changeset="1" user="osm_generator" uid="1" timestamp="2026-06-02T00:00:00Z">
    <nd ref="485"/>
    <nd ref="486"/>
    <nd ref="487"/>
    <nd ref="488"/>
    <nd ref="485"/>
    <tag k="landuse" v="farmland"/>
  </way>
  <way id="123" version="1" changeset="1" user="osm_generator" uid="1" timestamp="2026-06-02T00:00:00Z">
    <nd ref="489"/>
    <nd ref="490"/>
    <nd ref="491"/>
    <nd ref="492"/>
    <nd ref="489"/>
    <tag k="landuse" v="farmland"/>
  </way>
  <way id="124" version="1" changeset="1" user="osm_generator" uid="1" timestamp="2026-06-02T00:00:00Z">
    <nd ref="493"/>
    <nd ref="494"/>
    <nd ref="495"/>
    <nd ref="496"/>
    <nd ref="493"/>
    <tag k="landuse" v="farmland"/>
  </way>
  <way id="125" version="1" changeset="1" user="osm_generator" uid="1" timestamp="2026-06-02T00:00:00Z">
    <nd ref="497"/>
    <nd ref="498"/>
    <nd ref="499"/>
    <nd ref="500"/>
    <nd ref="497"/>
    <tag k="landuse" v="farmland"/>
  </way>
  <way id="126" version="1" changeset="1" user="osm_generator" uid="1" timestamp="2026-06-02T00:00:00Z">
    <nd ref="501"/>
    <nd ref="502"/>
    <nd ref="503"/>
    <nd ref="504"/>
    <nd ref="501"/>
    <tag k="landuse" v="farmland"/>
  </way>
  <way id="127" version="1" changeset="1" user="osm_generator" uid="1" timestamp="2026-06-02T00:00:00Z">
    <nd ref="505"/>
    <nd ref="506"/>
    <nd ref="507"/>
    <nd ref="508"/>
    <nd ref="505"/>
    <tag k="landuse" v="farmland"/>
    <tag k="crop" v="rice"/>
  </way>
  <way id="128" version="1" changeset="1" user="osm_generator" uid="1" timestamp="2026-06-02T00:00:00Z">
    <nd ref="509"/>
    <nd ref="510"/>
    <nd ref="511"/>
    <nd ref="512"/>
    <nd ref="509"/>
    <tag k="landuse" v="farmland"/>
    <tag k="crop" v="rice"/>
  </way>
  <way id="129" version="1" changeset="1" user="osm_generator" uid="1" timestamp="2026-06-02T00:00:00Z">
    <nd ref="513"/>
    <nd ref="514"/>
    <nd ref="515"/>
    <nd ref="516"/>
    <nd ref="513"/>
    <tag k="landuse" v="farmland"/>
    <tag k="crop" v="rice"/>
  </way>
  <way id="130" version="1" changeset="1" user="osm_generator" uid="1" timestamp="2026-06-02T00:00:00Z">
    <nd ref="517"/>
    <nd ref="518"/>
    <nd ref="519"/>
    <nd ref="520"/>
    <nd ref="517"/>
    <tag k="landuse" v="farmland"/>
    <tag k="crop" v="rice"/>
  </way>
  <way id="131" version="1" changeset="1" user="osm_generator" uid="1" timestamp="2026-06-02T00:00:00Z">
    <nd ref="521"/>
    <nd ref="522"/>
    <nd ref="523"/>
    <nd ref="524"/>
    <nd ref="521"/>
    <tag k="landuse" v="farmland"/>
    <tag k="crop" v="rice"/>
  </way>
  <way id="132" version="1" changeset="1" user="osm_generator" uid="1" timestamp="2026-06-02T00:00:00Z">
    <nd ref="525"/>
    <nd ref="526"/>
    <nd ref="527"/>
    <nd ref="528"/>
    <nd ref="525"/>
    <tag k="landuse" v="farmland"/>
    <tag k="crop" v="rice"/>
  </way>
  <way id="133" version="1" changeset="1" user="osm_generator" uid="1" timestamp="2026-06-02T00:00:00Z">
    <nd ref="529"/>
    <nd ref="530"/>
    <nd ref="531"/>
    <nd ref="532"/>
    <nd ref="529"/>
    <tag k="landuse" v="farmland"/>
    <tag k="crop" v="rice"/>
  </way>
  <way id="134" version="1" changeset="1" user="osm_generator" uid="1" timestamp="2026-06-02T00:00:00Z">
    <nd ref="533"/>
    <nd ref="534"/>
    <nd ref="535"/>
    <nd ref="536"/>
    <nd ref="533"/>
    <tag k="landuse" v="farmland"/>
    <tag k="crop" v="rice"/>
  </way>
  <way id="135" version="1" changeset="1" user="osm_generator" uid="1" timestamp="2026-06-02T00:00:00Z">
    <nd ref="537"/>
    <nd ref="538"/>
    <nd ref="539"/>
    <nd ref="540"/>
    <nd ref="537"/>
    <tag k="landuse" v="farmland"/>
  </way>
  <way id="136" version="1" changeset="1" user="osm_generator" uid="1" timestamp="2026-06-02T00:00:00Z">
    <nd ref="541"/>
    <nd ref="542"/>
    <nd ref="543"/>
    <nd ref="544"/>
    <nd ref="541"/>
    <tag k="landuse" v="farmland"/>
  </way>
  <way id="137" version="1" changeset="1" user="osm_generator" uid="1" timestamp="2026-06-02T00:00:00Z">
    <nd ref="545"/>
    <nd ref="546"/>
    <nd ref="547"/>
    <nd ref="548"/>
    <nd ref="545"/>
    <tag k="landuse" v="farmland"/>
  </way>
  <way id="138" version="1" changeset="1" user="osm_generator" uid="1" timestamp="2026-06-02T00:00:00Z">
    <nd ref="549"/>
    <nd ref="550"/>
    <nd ref="551"/>
    <nd ref="552"/>
    <nd ref="549"/>
    <tag k="landuse" v="farmland"/>
  </way>
  <way id="139" version="1" changeset="1" user="osm_generator" uid="1" timestamp="2026-06-02T00:00:00Z">
    <nd ref="553"/>
    <nd ref="554"/>
    <nd ref="555"/>
    <nd ref="556"/>
    <nd ref="553"/>
    <tag k="landuse" v="farmland"/>
  </way>
  <way id="140" version="1" changeset="1" user="osm_generator" uid="1" timestamp="2026-06-02T00:00:00Z">
    <nd ref="557"/>
    <nd ref="558"/>
    <nd ref="559"/>
    <nd ref="560"/>
    <nd ref="557"/>
    <tag k="landuse" v="farmland"/>
  </way>
  <way id="141" version="1" changeset="1" user="osm_generator" uid="1" timestamp="2026-06-02T00:00:00Z">
    <nd ref="561"/>
    <nd ref="562"/>
    <nd ref="563"/>
    <nd ref="564"/>
    <nd ref="561"/>
    <tag k="landuse" v="farmland"/>
  </way>
  <way id="142" version="1" changeset="1" user="osm_generator" uid="1" timestamp="2026-06-02T00:00:00Z">
    <nd ref="565"/>
    <nd ref="566"/>
    <nd ref="567"/>
    <nd ref="568"/>
    <nd ref="565"/>
    <tag k="landuse" v="farmland"/>
  </way>
  <way id="143" version="1" changeset="1" user="osm_generator" uid="1" timestamp="2026-06-02T00:00:00Z">
    <nd ref="569"/>
    <nd ref="570"/>
    <nd ref="571"/>
    <nd ref="572"/>
    <nd ref="569"/>
    <tag k="landuse" v="farmland"/>
  </way>
  <way id="144" version="1" changeset="1" user="osm_generator" uid="1" timestamp="2026-06-02T00:00:00Z">
    <nd ref="573"/>
    <nd ref="574"/>
    <nd ref="575"/>
    <nd ref="576"/>
    <nd ref="573"/>
    <tag k="landuse" v="farmland"/>
  </way>
  <way id="145" version="1" changeset="1" user="osm_generator" uid="1" timestamp="2026-06-02T00:00:00Z">
    <nd ref="577"/>
    <nd ref="578"/>
    <nd ref="579"/>
    <nd ref="580"/>
    <nd ref="577"/>
    <tag k="landuse" v="farmland"/>
  </way>
  <way id="146" version="1" changeset="1" user="osm_generator" uid="1" timestamp="2026-06-02T00:00:00Z">
    <nd ref="581"/>
    <nd ref="582"/>
    <nd ref="583"/>
    <nd ref="584"/>
    <nd ref="581"/>
    <tag k="landuse" v="farmland"/>
  </way>
  <way id="147" version="1" changeset="1" user="osm_generator" uid="1" timestamp="2026-06-02T00:00:00Z">
    <nd ref="585"/>
    <nd ref="586"/>
    <nd ref="587"/>
    <nd ref="588"/>
    <nd ref="585"/>
    <tag k="landuse" v="farmland"/>
  </way>
  <way id="148" version="1" changeset="1" user="osm_generator" uid="1" timestamp="2026-06-02T00:00:00Z">
    <nd ref="589"/>
    <nd ref="590"/>
    <nd ref="591"/>
    <nd ref="592"/>
    <nd ref="589"/>
    <tag k="landuse" v="farmland"/>
  </way>
  <way id="149" version="1" changeset="1" user="osm_generator" uid="1" timestamp="2026-06-02T00:00:00Z">
    <nd ref="593"/>
    <nd ref="594"/>
    <nd ref="595"/>
    <nd ref="596"/>
    <nd ref="593"/>
    <tag k="landuse" v="farmland"/>
  </way>
  <way id="150" version="1" changeset="1" user="osm_generator" uid="1" timestamp="2026-06-02T00:00:00Z">
    <nd ref="597"/>
    <nd ref="598"/>
    <nd ref="599"/>
    <nd ref="600"/>
    <nd ref="597"/>
    <tag k="landuse" v="farmland"/>
    <tag k="crop" v="rice"/>
  </way>
  <way id="151" version="1" changeset="1" user="osm_generator" uid="1" timestamp="2026-06-02T00:00:00Z">
    <nd ref="601"/>
    <nd ref="602"/>
    <nd ref="603"/>
    <nd ref="604"/>
    <nd ref="601"/>
    <tag k="landuse" v="farmland"/>
    <tag k="crop" v="rice"/>
  </way>
  <way id="152" version="1" changeset="1" user="osm_generator" uid="1" timestamp="2026-06-02T00:00:00Z">
    <nd ref="605"/>
    <nd ref="606"/>
    <nd ref="607"/>
    <nd ref="608"/>
    <nd ref="605"/>
    <tag k="landuse" v="farmland"/>
    <tag k="crop" v="rice"/>
  </way>
  <way id="153" version="1" changeset="1" user="osm_generator" uid="1" timestamp="2026-06-02T00:00:00Z">
    <nd ref="609"/>
    <nd ref="610"/>
    <nd ref="611"/>
    <nd ref="612"/>
    <nd ref="609"/>
    <tag k="landuse" v="farmland"/>
    <tag k="crop" v="rice"/>
  </way>
  <way id="154" version="1" changeset="1" user="osm_generator" uid="1" timestamp="2026-06-02T00:00:00Z">
    <nd ref="613"/>
    <nd ref="614"/>
    <nd ref="615"/>
    <nd ref="616"/>
    <nd ref="613"/>
    <tag k="landuse" v="farmland"/>
    <tag k="crop" v="rice"/>
  </way>
  <way id="155" version="1" changeset="1" user="osm_generator" uid="1" timestamp="2026-06-02T00:00:00Z">
    <nd ref="617"/>
    <nd ref="618"/>
    <nd ref="619"/>
    <nd ref="620"/>
    <nd ref="617"/>
    <tag k="landuse" v="farmland"/>
    <tag k="crop" v="rice"/>
  </way>
  <way id="156" version="1" changeset="1" user="osm_generator" uid="1" timestamp="2026-06-02T00:00:00Z">
    <nd ref="621"/>
    <nd ref="622"/>
    <nd ref="623"/>
    <nd ref="624"/>
    <nd ref="621"/>
    <tag k="landuse" v="farmland"/>
    <tag k="crop" v="rice"/>
  </way>
  <way id="157" version="1" changeset="1" user="osm_generator" uid="1" timestamp="2026-06-02T00:00:00Z">
    <nd ref="625"/>
    <nd ref="626"/>
    <nd ref="627"/>
    <nd ref="628"/>
    <nd ref="625"/>
    <tag k="landuse" v="farmland"/>
    <tag k="crop" v="rice"/>
  </way>
  <way id="158" version="1" changeset="1" user="osm_generator" uid="1" timestamp="2026-06-02T00:00:00Z">
    <nd ref="629"/>
    <nd ref="630"/>
    <nd ref="631"/>
    <nd ref="632"/>
    <nd ref="629"/>
    <tag k="landuse" v="farmland"/>
  </way>
  <way id="159" version="1" changeset="1" user="osm_generator" uid="1" timestamp="2026-06-02T00:00:00Z">
    <nd ref="633"/>
    <nd ref="634"/>
    <nd ref="635"/>
    <nd ref="636"/>
    <nd ref="633"/>
    <tag k="landuse" v="farmland"/>
  </way>
  <way id="160" version="1" changeset="1" user="osm_generator" uid="1" timestamp="2026-06-02T00:00:00Z">
    <nd ref="637"/>
    <nd ref="638"/>
    <nd ref="639"/>
    <nd ref="640"/>
    <nd ref="637"/>
    <tag k="landuse" v="farmland"/>
  </way>
  <way id="161" version="1" changeset="1" user="osm_generator" uid="1" timestamp="2026-06-02T00:00:00Z">
    <nd ref="641"/>
    <nd ref="642"/>
    <nd ref="643"/>
    <nd ref="644"/>
    <nd ref="641"/>
    <tag k="landuse" v="farmland"/>
  </way>
  <way id="162" version="1" changeset="1" user="osm_generator" uid="1" timestamp="2026-06-02T00:00:00Z">
    <nd ref="645"/>
    <nd ref="646"/>
    <nd ref="647"/>
    <nd ref="648"/>
    <nd ref="645"/>
    <tag k="landuse" v="farmland"/>
  </way>
  <way id="163" version="1" changeset="1" user="osm_generator" uid="1" timestamp="2026-06-02T00:00:00Z">
    <nd ref="649"/>
    <nd ref="650"/>
    <nd ref="651"/>
    <nd ref="652"/>
    <nd ref="649"/>
    <tag k="landuse" v="farmland"/>
  </way>
  <way id="164" version="1" changeset="1" user="osm_generator" uid="1" timestamp="2026-06-02T00:00:00Z">
    <nd ref="653"/>
    <nd ref="654"/>
    <nd ref="655"/>
    <nd ref="656"/>
    <nd ref="653"/>
    <tag k="landuse" v="farmland"/>
  </way>
  <way id="165" version="1" changeset="1" user="osm_generator" uid="1" timestamp="2026-06-02T00:00:00Z">
    <nd ref="657"/>
    <nd ref="658"/>
    <nd ref="659"/>
    <nd ref="660"/>
    <nd ref="657"/>
    <tag k="landuse" v="farmland"/>
  </way>
  <way id="166" version="1" changeset="1" user="osm_generator" uid="1" timestamp="2026-06-02T00:00:00Z">
    <nd ref="661"/>
    <nd ref="662"/>
    <nd ref="663"/>
    <nd ref="664"/>
    <nd ref="661"/>
    <tag k="landuse" v="farmland"/>
    <tag k="crop" v="rice"/>
  </way>
  <way id="167" version="1" changeset="1" user="osm_generator" uid="1" timestamp="2026-06-02T00:00:00Z">
    <nd ref="665"/>
    <nd ref="666"/>
    <nd ref="667"/>
    <nd ref="668"/>
    <nd ref="665"/>
    <tag k="landuse" v="farmland"/>
    <tag k="crop" v="rice"/>
  </way>
  <way id="168" version="1" changeset="1" user="osm_generator" uid="1" timestamp="2026-06-02T00:00:00Z">
    <nd ref="669"/>
    <nd ref="670"/>
    <nd ref="671"/>
    <nd ref="672"/>
    <nd ref="669"/>
    <tag k="landuse" v="farmland"/>
    <tag k="crop" v="rice"/>
  </way>
  <way id="169" version="1" changeset="1" user="osm_generator" uid="1" timestamp="2026-06-02T00:00:00Z">
    <nd ref="673"/>
    <nd ref="674"/>
    <nd ref="675"/>
    <nd ref="676"/>
    <nd ref="673"/>
    <tag k="landuse" v="farmland"/>
    <tag k="crop" v="rice"/>
  </way>
  <way id="170" version="1" changeset="1" user="osm_generator" uid="1" timestamp="2026-06-02T00:00:00Z">
    <nd ref="677"/>
    <nd ref="678"/>
    <nd ref="679"/>
    <nd ref="680"/>
    <nd ref="677"/>
    <tag k="landuse" v="farmland"/>
    <tag k="crop" v="rice"/>
  </way>
  <way id="171" version="1" changeset="1" user="osm_generator" uid="1" timestamp="2026-06-02T00:00:00Z">
    <nd ref="681"/>
    <nd ref="682"/>
    <nd ref="683"/>
    <nd ref="684"/>
    <nd ref="681"/>
    <tag k="landuse" v="farmland"/>
    <tag k="crop" v="rice"/>
  </way>
  <way id="172" version="1" changeset="1" user="osm_generator" uid="1" timestamp="2026-06-02T00:00:00Z">
    <nd ref="685"/>
    <nd ref="686"/>
    <nd ref="687"/>
    <nd ref="688"/>
    <nd ref="685"/>
    <tag k="landuse" v="farmland"/>
    <tag k="crop" v="rice"/>
  </way>
  <way id="173" version="1" changeset="1" user="osm_generator" uid="1" timestamp="2026-06-02T00:00:00Z">
    <nd ref="689"/>
    <nd ref="690"/>
    <nd ref="691"/>
    <nd ref="692"/>
    <nd ref="689"/>
    <tag k="landuse" v="farmland"/>
    <tag k="crop" v="rice"/>
  </way>
  <way id="174" version="1" changeset="1" user="osm_generator" uid="1" timestamp="2026-06-02T00:00:00Z">
    <nd ref="693"/>
    <nd ref="694"/>
    <nd ref="695"/>
    <nd ref="696"/>
    <nd ref="693"/>
    <tag k="landuse" v="residential"/>
  </way>
  <way id="175" version="1" changeset="1" user="osm_generator" uid="1" timestamp="2026-06-02T00:00:00Z">
    <nd ref="697"/>
    <nd ref="698"/>
    <nd ref="699"/>
    <nd ref="700"/>
    <nd ref="701"/>
    <tag k="highway" v="residential"/>
  </way>
  <way id="176" version="1" changeset="1" user="osm_generator" uid="1" timestamp="2026-06-02T00:00:00Z">
    <nd ref="702"/>
    <nd ref="703"/>
    <nd ref="704"/>
    <nd ref="705"/>
    <nd ref="706"/>
    <tag k="highway" v="residential"/>
  </way>
  <way id="177" version="1" changeset="1" user="osm_generator" uid="1" timestamp="2026-06-02T00:00:00Z">
    <nd ref="707"/>
    <nd ref="708"/>
    <nd ref="709"/>
    <nd ref="710"/>
    <nd ref="711"/>
    <tag k="highway" v="residential"/>
  </way>
  <way id="178" version="1" changeset="1" user="osm_generator" uid="1" timestamp="2026-06-02T00:00:00Z">
    <nd ref="712"/>
    <nd ref="713"/>
    <nd ref="714"/>
    <nd ref="715"/>
    <nd ref="716"/>
    <tag k="highway" v="residential"/>
  </way>
  <way id="179" version="1" changeset="1" user="osm_generator" uid="1" timestamp="2026-06-02T00:00:00Z">
    <nd ref="717"/>
    <nd ref="698"/>
    <nd ref="703"/>
    <nd ref="708"/>
    <nd ref="713"/>
    <nd ref="718"/>
    <tag k="highway" v="residential"/>
  </way>
  <way id="180" version="1" changeset="1" user="osm_generator" uid="1" timestamp="2026-06-02T00:00:00Z">
    <nd ref="719"/>
    <nd ref="699"/>
    <nd ref="704"/>
    <nd ref="709"/>
    <nd ref="714"/>
    <nd ref="720"/>
    <tag k="highway" v="residential"/>
  </way>
  <way id="181" version="1" changeset="1" user="osm_generator" uid="1" timestamp="2026-06-02T00:00:00Z">
    <nd ref="721"/>
    <nd ref="700"/>
    <nd ref="705"/>
    <nd ref="710"/>
    <nd ref="715"/>
    <nd ref="722"/>
    <tag k="highway" v="residential"/>
  </way>
  <way id="182" version="1" changeset="1" user="osm_generator" uid="1" timestamp="2026-06-02T00:00:00Z">
    <nd ref="723"/>
    <nd ref="724"/>
    <nd ref="725"/>
    <nd ref="726"/>
    <nd ref="723"/>
    <tag k="landuse" v="forest"/>
  </way>
  <way id="183" version="1" changeset="1" user="osm_generator" uid="1" timestamp="2026-06-02T00:00:00Z">
    <nd ref="727"/>
    <nd ref="728"/>
    <nd ref="729"/>
    <nd ref="730"/>
    <nd ref="727"/>
    <tag k="landuse" v="forest"/>
  </way>
  <way id="184" version="1" changeset="1" user="osm_generator" uid="1" timestamp="2026-06-02T00:00:00Z">
    <nd ref="731"/>
    <nd ref="732"/>
    <nd ref="733"/>
    <nd ref="734"/>
    <nd ref="731"/>
    <tag k="landuse" v="forest"/>
  </way>
  <way id="185" version="1" changeset="1" user="osm_generator" uid="1" timestamp="2026-06-02T00:00:00Z">
    <nd ref="735"/>
    <nd ref="736"/>
    <nd ref="737"/>
    <nd ref="738"/>
    <nd ref="739"/>
    <nd ref="740"/>
    <nd ref="741"/>
    <nd ref="742"/>
    <nd ref="743"/>
    <nd ref="744"/>
    <nd ref="745"/>
    <nd ref="746"/>
    <nd ref="747"/>
    <nd ref="748"/>
    <nd ref="749"/>
    <nd ref="750"/>
    <nd ref="751"/>
    <nd ref="752"/>
    <nd ref="753"/>
    <nd ref="754"/>
    <nd ref="755"/>
    <nd ref="756"/>
    <nd ref="757"/>
    <nd ref="758"/>
    <nd ref="759"/>
    <nd ref="760"/>
    <nd ref="761"/>
    <nd ref="762"/>
    <nd ref="763"/>
    <nd ref="764"/>
    <nd ref="765"/>
    <nd ref="766"/>
    <nd ref="767"/>
    <nd ref="768"/>
    <nd ref="769"/>
    <nd ref="770"/>
    <nd ref="771"/>
    <nd ref="772"/>
    <nd ref="773"/>
    <nd ref="774"/>
    <nd ref="775"/>
    <nd ref="776"/>
    <nd ref="777"/>
    <nd ref="778"/>
    <nd ref="779"/>
    <nd ref="780"/>
    <nd ref="781"/>
    <nd ref="782"/>
    <nd ref="783"/>
    <nd ref="784"/>
    <nd ref="785"/>
    <nd ref="786"/>
    <nd ref="787"/>
    <nd ref="788"/>
    <nd ref="789"/>
    <nd ref="790"/>
    <nd ref="791"/>
    <nd ref="792"/>
    <nd ref="793"/>
    <nd ref="794"/>
    <nd ref="795"/>
    <nd ref="796"/>
    <nd ref="797"/>
    <nd ref="798"/>
    <nd ref="799"/>
    <nd ref="800"/>
    <nd ref="801"/>
    <nd ref="802"/>
    <nd ref="803"/>
    <nd ref="804"/>
    <nd ref="805"/>
    <nd ref="806"/>
    <nd ref="807"/>
    <nd ref="808"/>
    <nd ref="809"/>
    <nd ref="810"/>
    <nd ref="811"/>
    <nd ref="812"/>
    <nd ref="813"/>
    <nd ref="814"/>
    <nd ref="815"/>
    <nd ref="816"/>
    <nd ref="817"/>
    <nd ref="818"/>
    <nd ref="819"/>
    <nd ref="820"/>
    <nd ref="821"/>
    <nd ref="822"/>
    <nd ref="823"/>
    <nd ref="824"/>
    <nd ref="825"/>
    <nd ref="826"/>
    <nd ref="827"/>
    <nd ref="828"/>
    <nd ref="829"/>
    <nd ref="830"/>
    <nd ref="831"/>
    <nd ref="832"/>
    <nd ref="833"/>
    <nd ref="834"/>
    <nd ref="835"/>
    <nd ref="836"/>
    <nd ref="837"/>
    <nd ref="838"/>
    <nd ref="839"/>
    <nd ref="840"/>
    <nd ref="841"/>
    <nd ref="842"/>
    <nd ref="843"/>
    <nd ref="844"/>
    <nd ref="845"/>
    <nd ref="846"/>
    <nd ref="847"/>
    <nd ref="848"/>
    <nd ref="849"/>
    <nd ref="850"/>
    <nd ref="851"/>
    <nd ref="852"/>
    <nd ref="853"/>
    <nd ref="854"/>
    <nd ref="855"/>
    <nd ref="856"/>
    <nd ref="857"/>
    <nd ref="858"/>
    <nd ref="859"/>
    <nd ref="860"/>
    <nd ref="861"/>
    <nd ref="862"/>
    <nd ref="863"/>
    <nd ref="864"/>
    <nd ref="865"/>
    <nd ref="866"/>
    <nd ref="867"/>
    <nd ref="868"/>
    <nd ref="869"/>
    <nd ref="870"/>
    <nd ref="871"/>
    <nd ref="872"/>
    <nd ref="873"/>
    <nd ref="874"/>
    <nd ref="875"/>
    <nd ref="876"/>
    <nd ref="877"/>
    <nd ref="878"/>
    <nd ref="879"/>
    <nd ref="880"/>
    <nd ref="881"/>
    <nd ref="882"/>
    <nd ref="883"/>
    <nd ref="884"/>
    <nd ref="885"/>
    <nd ref="886"/>
    <nd ref="887"/>
    <nd ref="888"/>
    <nd ref="889"/>
    <nd ref="890"/>
    <nd ref="891"/>
    <nd ref="892"/>
    <nd ref="893"/>
    <nd ref="894"/>
    <nd ref="895"/>
    <nd ref="896"/>
    <nd ref="897"/>
    <nd ref="898"/>
    <nd ref="899"/>
    <nd ref="900"/>
    <nd ref="901"/>
    <nd ref="902"/>
    <nd ref="903"/>
    <nd ref="904"/>
    <nd ref="905"/>
    <nd ref="906"/>
    <nd ref="907"/>
    <nd ref="908"/>
    <nd ref="909"/>
    <nd ref="910"/>
    <nd ref="911"/>
    <nd ref="912"/>
    <nd ref="913"/>
    <nd ref="914"/>
    <nd ref="915"/>
    <nd ref="916"/>
    <nd ref="917"/>
    <nd ref="918"/>
    <nd ref="919"/>
    <nd ref="920"/>
    <nd ref="921"/>
    <nd ref="922"/>
    <nd ref="923"/>
    <nd ref="924"/>
    <nd ref="925"/>
    <nd ref="926"/>
    <nd ref="927"/>
    <nd ref="928"/>
    <nd ref="929"/>
    <nd ref="930"/>
    <nd ref="931"/>
    <nd ref="932"/>
    <nd ref="933"/>
    <nd ref="934"/>
    <nd ref="735"/>
    <tag k="natural" v="water"/>
    <tag k="water" v="lake"/>
    <tag k="name" v="Lago del Norte"/>
  </way>
  <way id="186" version="1" changeset="1" user="osm_generator" uid="1" timestamp="2026-06-02T00:00:00Z">
    <nd ref="935"/>
    <nd ref="936"/>
    <tag k="railway" v="rail"/>
    <tag k="name" v="Línea Ferroviaria del Norte"/>
  </way>
  <way id="187" version="1" changeset="1" user="osm_generator" uid="1" timestamp="2026-06-02T00:00:00Z">
    <nd ref="937"/>
    <nd ref="938"/>
    <nd ref="939"/>
    <nd ref="940"/>
    <nd ref="937"/>
    <tag k="landuse" v="farmyard"/>
  </way>
  <way id="188" version="1" changeset="1" user="osm_generator" uid="1" timestamp="2026-06-02T00:00:00Z">
    <nd ref="941"/>
    <nd ref="942"/>
    <nd ref="943"/>
    <nd ref="944"/>
    <nd ref="941"/>
    <tag k="landuse" v="farmyard"/>
  </way>
  <way id="189" version="1" changeset="1" user="osm_generator" uid="1" timestamp="2026-06-02T00:00:00Z">
    <nd ref="945"/>
    <nd ref="946"/>
    <nd ref="947"/>
    <nd ref="948"/>
    <nd ref="945"/>
    <tag k="landuse" v="farmyard"/>
  </way>
  <way id="190" version="1" changeset="1" user="osm_generator" uid="1" timestamp="2026-06-02T00:00:00Z">
    <nd ref="949"/>
    <nd ref="950"/>
    <nd ref="951"/>
    <nd ref="952"/>
    <nd ref="949"/>
    <tag k="landuse" v="farmyard"/>
  </way>
  <way id="191" version="1" changeset="1" user="osm_generator" uid="1" timestamp="2026-06-02T00:00:00Z">
    <nd ref="953"/>
    <nd ref="954"/>
    <nd ref="955"/>
    <nd ref="956"/>
    <nd ref="953"/>
    <tag k="landuse" v="farmyard"/>
  </way>
  <way id="192" version="1" changeset="1" user="osm_generator" uid="1" timestamp="2026-06-02T00:00:00Z">
    <nd ref="957"/>
    <nd ref="958"/>
    <nd ref="959"/>
    <nd ref="960"/>
    <nd ref="957"/>
    <tag k="landuse" v="farmyard"/>
  </way>
  <way id="193" version="1" changeset="1" user="osm_generator" uid="1" timestamp="2026-06-02T00:00:00Z">
    <nd ref="961"/>
    <nd ref="962"/>
    <nd ref="963"/>
    <nd ref="964"/>
    <nd ref="961"/>
    <tag k="landuse" v="farmyard"/>
  </way>
  <way id="194" version="1" changeset="1" user="osm_generator" uid="1" timestamp="2026-06-02T00:00:00Z">
    <nd ref="965"/>
    <nd ref="966"/>
    <nd ref="967"/>
    <nd ref="968"/>
    <nd ref="965"/>
    <tag k="landuse" v="farmyard"/>
  </way>
  <way id="195" version="1" changeset="1" user="osm_generator" uid="1" timestamp="2026-06-02T00:00:00Z">
    <nd ref="969"/>
    <nd ref="970"/>
    <nd ref="971"/>
    <nd ref="972"/>
    <nd ref="969"/>
    <tag k="landuse" v="industrial"/>
  </way>
  <way id="196" version="1" changeset="1" user="osm_generator" uid="1" timestamp="2026-06-02T00:00:00Z">
    <nd ref="973"/>
    <nd ref="974"/>
    <nd ref="975"/>
    <nd ref="976"/>
    <nd ref="973"/>
    <tag k="landuse" v="industrial"/>
  </way>
  <way id="197" version="1" changeset="1" user="osm_generator" uid="1" timestamp="2026-06-02T00:00:00Z">
    <nd ref="977"/>
    <nd ref="978"/>
    <nd ref="979"/>
    <nd ref="980"/>
    <nd ref="977"/>
    <tag k="landuse" v="industrial"/>
  </way>
  <way id="198" version="1" changeset="1" user="osm_generator" uid="1" timestamp="2026-06-02T00:00:00Z">
    <nd ref="981"/>
    <nd ref="982"/>
    <nd ref="983"/>
    <nd ref="984"/>
    <nd ref="985"/>
    <nd ref="986"/>
    <nd ref="987"/>
    <nd ref="988"/>
    <nd ref="989"/>
    <tag k="highway" v="primary"/>
  </way>
  <way id="199" version="1" changeset="1" user="osm_generator" uid="1" timestamp="2026-06-02T00:00:00Z">
    <nd ref="990"/>
    <nd ref="991"/>
    <nd ref="992"/>
    <nd ref="993"/>
    <nd ref="994"/>
    <nd ref="995"/>
    <nd ref="996"/>
    <nd ref="997"/>
    <nd ref="998"/>
    <tag k="highway" v="track"/>
  </way>
  <way id="200" version="1" changeset="1" user="osm_generator" uid="1" timestamp="2026-06-02T00:00:00Z">
    <nd ref="999"/>
    <nd ref="1000"/>
    <nd ref="1001"/>
    <nd ref="1002"/>
    <nd ref="1003"/>
    <nd ref="1004"/>
    <nd ref="1005"/>
    <nd ref="1006"/>
    <nd ref="1007"/>
    <tag k="highway" v="track"/>
  </way>
  <way id="201" version="1" changeset="1" user="osm_generator" uid="1" timestamp="2026-06-02T00:00:00Z">
    <nd ref="1008"/>
    <nd ref="1009"/>
    <nd ref="1010"/>
    <nd ref="1011"/>
    <nd ref="1012"/>
    <nd ref="1013"/>
    <nd ref="1014"/>
    <nd ref="1015"/>
    <nd ref="1016"/>
    <tag k="highway" v="track"/>
  </way>
  <way id="202" version="1" changeset="1" user="osm_generator" uid="1" timestamp="2026-06-02T00:00:00Z">
    <nd ref="1017"/>
    <nd ref="1018"/>
    <nd ref="1019"/>
    <nd ref="1020"/>
    <nd ref="1021"/>
    <nd ref="1022"/>
    <nd ref="1023"/>
    <nd ref="1024"/>
    <nd ref="1025"/>
    <tag k="highway" v="track"/>
  </way>
  <way id="203" version="1" changeset="1" user="osm_generator" uid="1" timestamp="2026-06-02T00:00:00Z">
    <nd ref="1026"/>
    <nd ref="1027"/>
    <nd ref="1028"/>
    <nd ref="1029"/>
    <nd ref="1030"/>
    <nd ref="1031"/>
    <nd ref="1032"/>
    <nd ref="1033"/>
    <nd ref="1034"/>
    <tag k="highway" v="track"/>
  </way>
  <way id="204" version="1" changeset="1" user="osm_generator" uid="1" timestamp="2026-06-02T00:00:00Z">
    <nd ref="1035"/>
    <nd ref="1036"/>
    <nd ref="1037"/>
    <nd ref="1038"/>
    <nd ref="1039"/>
    <nd ref="1040"/>
    <nd ref="1041"/>
    <nd ref="1042"/>
    <nd ref="1043"/>
    <tag k="highway" v="primary"/>
  </way>
  <way id="205" version="1" changeset="1" user="osm_generator" uid="1" timestamp="2026-06-02T00:00:00Z">
    <nd ref="982"/>
    <nd ref="991"/>
    <nd ref="1000"/>
    <nd ref="1009"/>
    <nd ref="1018"/>
    <nd ref="1027"/>
    <nd ref="1036"/>
    <tag k="highway" v="primary"/>
  </way>
  <way id="206" version="1" changeset="1" user="osm_generator" uid="1" timestamp="2026-06-02T00:00:00Z">
    <nd ref="983"/>
    <nd ref="992"/>
    <nd ref="1001"/>
    <nd ref="1010"/>
    <nd ref="1019"/>
    <nd ref="1028"/>
    <nd ref="1037"/>
    <tag k="highway" v="track"/>
  </way>
  <way id="207" version="1" changeset="1" user="osm_generator" uid="1" timestamp="2026-06-02T00:00:00Z">
    <nd ref="984"/>
    <nd ref="993"/>
    <nd ref="1002"/>
    <nd ref="1011"/>
    <nd ref="1020"/>
    <nd ref="1029"/>
    <nd ref="1038"/>
    <tag k="highway" v="track"/>
  </way>
  <way id="208" version="1" changeset="1" user="osm_generator" uid="1" timestamp="2026-06-02T00:00:00Z">
    <nd ref="985"/>
    <nd ref="994"/>
    <nd ref="1003"/>
    <nd ref="1012"/>
    <nd ref="1021"/>
    <nd ref="1030"/>
    <nd ref="1039"/>
    <tag k="highway" v="track"/>
  </way>
  <way id="209" version="1" changeset="1" user="osm_generator" uid="1" timestamp="2026-06-02T00:00:00Z">
    <nd ref="986"/>
    <nd ref="995"/>
    <nd ref="1004"/>
    <nd ref="1013"/>
    <nd ref="1022"/>
    <nd ref="1031"/>
    <nd ref="1040"/>
    <tag k="highway" v="track"/>
  </way>
  <way id="210" version="1" changeset="1" user="osm_generator" uid="1" timestamp="2026-06-02T00:00:00Z">
    <nd ref="987"/>
    <nd ref="996"/>
    <nd ref="1005"/>
    <nd ref="1014"/>
    <nd ref="1023"/>
    <nd ref="1032"/>
    <nd ref="1041"/>
    <tag k="highway" v="track"/>
  </way>
  <way id="211" version="1" changeset="1" user="osm_generator" uid="1" timestamp="2026-06-02T00:00:00Z">
    <nd ref="988"/>
    <nd ref="997"/>
    <nd ref="1006"/>
    <nd ref="1015"/>
    <nd ref="1024"/>
    <nd ref="1033"/>
    <nd ref="1042"/>
    <tag k="highway" v="primary"/>
  </way>
</osm>