<?xml version='1.0' encoding='UTF-8'?>
<osm version='0.6' generator='JOSM'>
  <bounds minlat='27.0614919' minlon='-109.7277558' maxlat='27.0983281' maxlon='-109.6863842' origin='osm_generator_py' />
  <node id='1' timestamp='2026-06-02T00:00:00Z' uid='1' user='osm_generator' visible='true' version='1' changeset='1' lat='27.09804929' lon='-109.7274427' />
  <node id='2' timestamp='2026-06-02T00:00:00Z' uid='1' user='osm_generator' visible='true' version='1' changeset='1' lat='27.09804929' lon='-109.72264496' />
  <node id='3' timestamp='2026-06-02T00:00:00Z' uid='1' user='osm_generator' visible='true' version='1' changeset='1' lat='27.09607978' lon='-109.72264496' />
  <node id='4' timestamp='2026-06-02T00:00:00Z' uid='1' user='osm_generator' visible='true' version='1' changeset='1' lat='27.09607978' lon='-109.7274427' />
  <node id='5' timestamp='2026-06-02T00:00:00Z' uid='1' user='osm_generator' visible='true' version='1' changeset='1' lat='27.09597186' lon='-109.7274427' />
  <node id='6' timestamp='2026-06-02T00:00:00Z' uid='1' user='osm_generator' visible='true' version='1' changeset='1' lat='27.09597186' lon='-109.72264496' />
  <node id='7' timestamp='2026-06-02T00:00:00Z' uid='1' user='osm_generator' visible='true' version='1' changeset='1' lat='27.09398436' lon='-109.72264496' />
  <node id='8' timestamp='2026-06-02T00:00:00Z' uid='1' user='osm_generator' visible='true' version='1' changeset='1' lat='27.09398436' lon='-109.7274427' />
  <node id='9' timestamp='2026-06-02T00:00:00Z' uid='1' user='osm_generator' visible='true' version='1' changeset='1' lat='27.09804929' lon='-109.72252376' />
  <node id='10' timestamp='2026-06-02T00:00:00Z' uid='1' user='osm_generator' visible='true' version='1' changeset='1' lat='27.09804929' lon='-109.72005924' />
  <node id='11' timestamp='2026-06-02T00:00:00Z' uid='1' user='osm_generator' visible='true' version='1' changeset='1' lat='27.09607978' lon='-109.72005924' />
  <node id='12' timestamp='2026-06-02T00:00:00Z' uid='1' user='osm_generator' visible='true' version='1' changeset='1' lat='27.09607978' lon='-109.72252376' />
  <node id='13' timestamp='2026-06-02T00:00:00Z' uid='1' user='osm_generator' visible='true' version='1' changeset='1' lat='27.09597186' lon='-109.72252376' />
  <node id='14' timestamp='2026-06-02T00:00:00Z' uid='1' user='osm_generator' visible='true' version='1' changeset='1' lat='27.09597186' lon='-109.72005924' />
  <node id='15' timestamp='2026-06-02T00:00:00Z' uid='1' user='osm_generator' visible='true' version='1' changeset='1' lat='27.09398436' lon='-109.72005924' />
  <node id='16' timestamp='2026-06-02T00:00:00Z' uid='1' user='osm_generator' visible='true' version='1' changeset='1' lat='27.09398436' lon='-109.72252376' />
  <node id='17' timestamp='2026-06-02T00:00:00Z' uid='1' user='osm_generator' visible='true' version='1' changeset='1' lat='27.09804929' lon='-109.7173523' />
  <node id='18' timestamp='2026-06-02T00:00:00Z' uid='1' user='osm_generator' visible='true' version='1' changeset='1' lat='27.09804929' lon='-109.71230206' />
  <node id='19' timestamp='2026-06-02T00:00:00Z' uid='1' user='osm_generator' visible='true' version='1' changeset='1' lat='27.09607978' lon='-109.71230206' />
  <node id='20' timestamp='2026-06-02T00:00:00Z' uid='1' user='osm_generator' visible='true' version='1' changeset='1' lat='27.09607978' lon='-109.7173523' />
  <node id='21' timestamp='2026-06-02T00:00:00Z' uid='1' user='osm_generator' visible='true' version='1' changeset='1' lat='27.09597186' lon='-109.7173523' />
  <node id='22' timestamp='2026-06-02T00:00:00Z' uid='1' user='osm_generator' visible='true' version='1' changeset='1' lat='27.09597186' lon='-109.71488778' />
  <node id='23' timestamp='2026-06-02T00:00:00Z' uid='1' user='osm_generator' visible='true' version='1' changeset='1' lat='27.09398436' lon='-109.71488778' />
  <node id='24' timestamp='2026-06-02T00:00:00Z' uid='1' user='osm_generator' visible='true' version='1' changeset='1' lat='27.09398436' lon='-109.7173523' />
  <node id='25' timestamp='2026-06-02T00:00:00Z' uid='1' user='osm_generator' visible='true' version='1' changeset='1' lat='27.09804929' lon='-109.71218085' />
  <node id='26' timestamp='2026-06-02T00:00:00Z' uid='1' user='osm_generator' visible='true' version='1' changeset='1' lat='27.09804929' lon='-109.70971633' />
  <node id='27' timestamp='2026-06-02T00:00:00Z' uid='1' user='osm_generator' visible='true' version='1' changeset='1' lat='27.09607978' lon='-109.70971633' />
  <node id='28' timestamp='2026-06-02T00:00:00Z' uid='1' user='osm_generator' visible='true' version='1' changeset='1' lat='27.09607978' lon='-109.71218085' />
  <node id='29' timestamp='2026-06-02T00:00:00Z' uid='1' user='osm_generator' visible='true' version='1' changeset='1' lat='27.09597186' lon='-109.71218085' />
  <node id='30' timestamp='2026-06-02T00:00:00Z' uid='1' user='osm_generator' visible='true' version='1' changeset='1' lat='27.09597186' lon='-109.70971633' />
  <node id='31' timestamp='2026-06-02T00:00:00Z' uid='1' user='osm_generator' visible='true' version='1' changeset='1' lat='27.09398436' lon='-109.70971633' />
  <node id='32' timestamp='2026-06-02T00:00:00Z' uid='1' user='osm_generator' visible='true' version='1' changeset='1' lat='27.09398436' lon='-109.71218085' />
  <node id='33' timestamp='2026-06-02T00:00:00Z' uid='1' user='osm_generator' visible='true' version='1' changeset='1' lat='27.09804929' lon='-109.70959512' />
  <node id='34' timestamp='2026-06-02T00:00:00Z' uid='1' user='osm_generator' visible='true' version='1' changeset='1' lat='27.09804929' lon='-109.7071306' />
  <node id='35' timestamp='2026-06-02T00:00:00Z' uid='1' user='osm_generator' visible='true' version='1' changeset='1' lat='27.09607978' lon='-109.7071306' />
  <node id='36' timestamp='2026-06-02T00:00:00Z' uid='1' user='osm_generator' visible='true' version='1' changeset='1' lat='27.09607978' lon='-109.70959512' />
  <node id='37' timestamp='2026-06-02T00:00:00Z' uid='1' user='osm_generator' visible='true' version='1' changeset='1' lat='27.09597186' lon='-109.70959512' />
  <node id='38' timestamp='2026-06-02T00:00:00Z' uid='1' user='osm_generator' visible='true' version='1' changeset='1' lat='27.09597186' lon='-109.7071306' />
  <node id='39' timestamp='2026-06-02T00:00:00Z' uid='1' user='osm_generator' visible='true' version='1' changeset='1' lat='27.09398436' lon='-109.7071306' />
  <node id='40' timestamp='2026-06-02T00:00:00Z' uid='1' user='osm_generator' visible='true' version='1' changeset='1' lat='27.09398436' lon='-109.70959512' />
  <node id='41' timestamp='2026-06-02T00:00:00Z' uid='1' user='osm_generator' visible='true' version='1' changeset='1' lat='27.09804929' lon='-109.7070094' />
  <node id='42' timestamp='2026-06-02T00:00:00Z' uid='1' user='osm_generator' visible='true' version='1' changeset='1' lat='27.09804929' lon='-109.70195915' />
  <node id='43' timestamp='2026-06-02T00:00:00Z' uid='1' user='osm_generator' visible='true' version='1' changeset='1' lat='27.09607978' lon='-109.70195915' />
  <node id='44' timestamp='2026-06-02T00:00:00Z' uid='1' user='osm_generator' visible='true' version='1' changeset='1' lat='27.09607978' lon='-109.7070094' />
  <node id='45' timestamp='2026-06-02T00:00:00Z' uid='1' user='osm_generator' visible='true' version='1' changeset='1' lat='27.09597186' lon='-109.7070094' />
  <node id='46' timestamp='2026-06-02T00:00:00Z' uid='1' user='osm_generator' visible='true' version='1' changeset='1' lat='27.09597186' lon='-109.70454488' />
  <node id='47' timestamp='2026-06-02T00:00:00Z' uid='1' user='osm_generator' visible='true' version='1' changeset='1' lat='27.09398436' lon='-109.70454488' />
  <node id='48' timestamp='2026-06-02T00:00:00Z' uid='1' user='osm_generator' visible='true' version='1' changeset='1' lat='27.09398436' lon='-109.7070094' />
  <node id='49' timestamp='2026-06-02T00:00:00Z' uid='1' user='osm_generator' visible='true' version='1' changeset='1' lat='27.09804929' lon='-109.70183794' />
  <node id='50' timestamp='2026-06-02T00:00:00Z' uid='1' user='osm_generator' visible='true' version='1' changeset='1' lat='27.09804929' lon='-109.69937342' />
  <node id='51' timestamp='2026-06-02T00:00:00Z' uid='1' user='osm_generator' visible='true' version='1' changeset='1' lat='27.09607978' lon='-109.69937342' />
  <node id='52' timestamp='2026-06-02T00:00:00Z' uid='1' user='osm_generator' visible='true' version='1' changeset='1' lat='27.09607978' lon='-109.70183794' />
  <node id='53' timestamp='2026-06-02T00:00:00Z' uid='1' user='osm_generator' visible='true' version='1' changeset='1' lat='27.09597186' lon='-109.70183794' />
  <node id='54' timestamp='2026-06-02T00:00:00Z' uid='1' user='osm_generator' visible='true' version='1' changeset='1' lat='27.09597186' lon='-109.69937342' />
  <node id='55' timestamp='2026-06-02T00:00:00Z' uid='1' user='osm_generator' visible='true' version='1' changeset='1' lat='27.09398436' lon='-109.69937342' />
  <node id='56' timestamp='2026-06-02T00:00:00Z' uid='1' user='osm_generator' visible='true' version='1' changeset='1' lat='27.09398436' lon='-109.70183794' />
  <node id='57' timestamp='2026-06-02T00:00:00Z' uid='1' user='osm_generator' visible='true' version='1' changeset='1' lat='27.09804929' lon='-109.69925222' />
  <node id='58' timestamp='2026-06-02T00:00:00Z' uid='1' user='osm_generator' visible='true' version='1' changeset='1' lat='27.09804929' lon='-109.6967877' />
  <node id='59' timestamp='2026-06-02T00:00:00Z' uid='1' user='osm_generator' visible='true' version='1' changeset='1' lat='27.09607978' lon='-109.6967877' />
  <node id='60' timestamp='2026-06-02T00:00:00Z' uid='1' user='osm_generator' visible='true' version='1' changeset='1' lat='27.09607978' lon='-109.69925222' />
  <node id='61' timestamp='2026-06-02T00:00:00Z' uid='1' user='osm_generator' visible='true' version='1' changeset='1' lat='27.09597186' lon='-109.69925222' />
  <node id='62' timestamp='2026-06-02T00:00:00Z' uid='1' user='osm_generator' visible='true' version='1' changeset='1' lat='27.09597186' lon='-109.6967877' />
  <node id='63' timestamp='2026-06-02T00:00:00Z' uid='1' user='osm_generator' visible='true' version='1' changeset='1' lat='27.09398436' lon='-109.6967877' />
  <node id='64' timestamp='2026-06-02T00:00:00Z' uid='1' user='osm_generator' visible='true' version='1' changeset='1' lat='27.09398436' lon='-109.69925222' />
  <node id='65' timestamp='2026-06-02T00:00:00Z' uid='1' user='osm_generator' visible='true' version='1' changeset='1' lat='27.09804929' lon='-109.69666649' />
  <node id='66' timestamp='2026-06-02T00:00:00Z' uid='1' user='osm_generator' visible='true' version='1' changeset='1' lat='27.09804929' lon='-109.69161624' />
  <node id='67' timestamp='2026-06-02T00:00:00Z' uid='1' user='osm_generator' visible='true' version='1' changeset='1' lat='27.09607978' lon='-109.69161624' />
  <node id='68' timestamp='2026-06-02T00:00:00Z' uid='1' user='osm_generator' visible='true' version='1' changeset='1' lat='27.09607978' lon='-109.69666649' />
  <node id='69' timestamp='2026-06-02T00:00:00Z' uid='1' user='osm_generator' visible='true' version='1' changeset='1' lat='27.09597186' lon='-109.69666649' />
  <node id='70' timestamp='2026-06-02T00:00:00Z' uid='1' user='osm_generator' visible='true' version='1' changeset='1' lat='27.09597186' lon='-109.69420197' />
  <node id='71' timestamp='2026-06-02T00:00:00Z' uid='1' user='osm_generator' visible='true' version='1' changeset='1' lat='27.09398436' lon='-109.69420197' />
  <node id='72' timestamp='2026-06-02T00:00:00Z' uid='1' user='osm_generator' visible='true' version='1' changeset='1' lat='27.09398436' lon='-109.69666649' />
  <node id='73' timestamp='2026-06-02T00:00:00Z' uid='1' user='osm_generator' visible='true' version='1' changeset='1' lat='27.09804929' lon='-109.69149504' />
  <node id='74' timestamp='2026-06-02T00:00:00Z' uid='1' user='osm_generator' visible='true' version='1' changeset='1' lat='27.09804929' lon='-109.68903051' />
  <node id='75' timestamp='2026-06-02T00:00:00Z' uid='1' user='osm_generator' visible='true' version='1' changeset='1' lat='27.09607978' lon='-109.68903051' />
  <node id='76' timestamp='2026-06-02T00:00:00Z' uid='1' user='osm_generator' visible='true' version='1' changeset='1' lat='27.09607978' lon='-109.69149504' />
  <node id='77' timestamp='2026-06-02T00:00:00Z' uid='1' user='osm_generator' visible='true' version='1' changeset='1' lat='27.09597186' lon='-109.69149504' />
  <node id='78' timestamp='2026-06-02T00:00:00Z' uid='1' user='osm_generator' visible='true' version='1' changeset='1' lat='27.09597186' lon='-109.68903051' />
  <node id='79' timestamp='2026-06-02T00:00:00Z' uid='1' user='osm_generator' visible='true' version='1' changeset='1' lat='27.09398436' lon='-109.68903051' />
  <node id='80' timestamp='2026-06-02T00:00:00Z' uid='1' user='osm_generator' visible='true' version='1' changeset='1' lat='27.09398436' lon='-109.69149504' />
  <node id='81' timestamp='2026-06-02T00:00:00Z' uid='1' user='osm_generator' visible='true' version='1' changeset='1' lat='27.09804929' lon='-109.68890931' />
  <node id='82' timestamp='2026-06-02T00:00:00Z' uid='1' user='osm_generator' visible='true' version='1' changeset='1' lat='27.09804929' lon='-109.6866973' />
  <node id='83' timestamp='2026-06-02T00:00:00Z' uid='1' user='osm_generator' visible='true' version='1' changeset='1' lat='27.09607978' lon='-109.6866973' />
  <node id='84' timestamp='2026-06-02T00:00:00Z' uid='1' user='osm_generator' visible='true' version='1' changeset='1' lat='27.09607978' lon='-109.68890931' />
  <node id='85' timestamp='2026-06-02T00:00:00Z' uid='1' user='osm_generator' visible='true' version='1' changeset='1' lat='27.09597186' lon='-109.68890931' />
  <node id='86' timestamp='2026-06-02T00:00:00Z' uid='1' user='osm_generator' visible='true' version='1' changeset='1' lat='27.09597186' lon='-109.6866973' />
  <node id='87' timestamp='2026-06-02T00:00:00Z' uid='1' user='osm_generator' visible='true' version='1' changeset='1' lat='27.09398436' lon='-109.6866973' />
  <node id='88' timestamp='2026-06-02T00:00:00Z' uid='1' user='osm_generator' visible='true' version='1' changeset='1' lat='27.09398436' lon='-109.68890931' />
  <node id='89' timestamp='2026-06-02T00:00:00Z' uid='1' user='osm_generator' visible='true' version='1' changeset='1' lat='27.09351672' lon='-109.7274427' />
  <node id='90' timestamp='2026-06-02T00:00:00Z' uid='1' user='osm_generator' visible='true' version='1' changeset='1' lat='27.09351672' lon='-109.72185713' />
  <node id='91' timestamp='2026-06-02T00:00:00Z' uid='1' user='osm_generator' visible='true' version='1' changeset='1' lat='27.08902911' lon='-109.72185713' />
  <node id='92' timestamp='2026-06-02T00:00:00Z' uid='1' user='osm_generator' visible='true' version='1' changeset='1' lat='27.08902911' lon='-109.7274427' />
  <node id='93' timestamp='2026-06-02T00:00:00Z' uid='1' user='osm_generator' visible='true' version='1' changeset='1' lat='27.09351672' lon='-109.72153391' />
  <node id='94' timestamp='2026-06-02T00:00:00Z' uid='1' user='osm_generator' visible='true' version='1' changeset='1' lat='27.09351672' lon='-109.71747351' />
  <node id='95' timestamp='2026-06-02T00:00:00Z' uid='1' user='osm_generator' visible='true' version='1' changeset='1' lat='27.08902911' lon='-109.71747351' />
  <node id='96' timestamp='2026-06-02T00:00:00Z' uid='1' user='osm_generator' visible='true' version='1' changeset='1' lat='27.08902911' lon='-109.72153391' />
  <node id='97' timestamp='2026-06-02T00:00:00Z' uid='1' user='osm_generator' visible='true' version='1' changeset='1' lat='27.09351672' lon='-109.71412015' />
  <node id='98' timestamp='2026-06-02T00:00:00Z' uid='1' user='osm_generator' visible='true' version='1' changeset='1' lat='27.09351672' lon='-109.70064608' />
  <node id='99' timestamp='2026-06-02T00:00:00Z' uid='1' user='osm_generator' visible='true' version='1' changeset='1' lat='27.08902911' lon='-109.70064608' />
  <node id='100' timestamp='2026-06-02T00:00:00Z' uid='1' user='osm_generator' visible='true' version='1' changeset='1' lat='27.08902911' lon='-109.71412015' />
  <node id='101' timestamp='2026-06-02T00:00:00Z' uid='1' user='osm_generator' visible='true' version='1' changeset='1' lat='27.09351672' lon='-109.70032287' />
  <node id='102' timestamp='2026-06-02T00:00:00Z' uid='1' user='osm_generator' visible='true' version='1' changeset='1' lat='27.09351672' lon='-109.69256569' />
  <node id='103' timestamp='2026-06-02T00:00:00Z' uid='1' user='osm_generator' visible='true' version='1' changeset='1' lat='27.08902911' lon='-109.69256569' />
  <node id='104' timestamp='2026-06-02T00:00:00Z' uid='1' user='osm_generator' visible='true' version='1' changeset='1' lat='27.08902911' lon='-109.70032287' />
  <node id='105' timestamp='2026-06-02T00:00:00Z' uid='1' user='osm_generator' visible='true' version='1' changeset='1' lat='27.09351672' lon='-109.69224247' />
  <node id='106' timestamp='2026-06-02T00:00:00Z' uid='1' user='osm_generator' visible='true' version='1' changeset='1' lat='27.09341522' lon='-109.69009107' />
  <node id='107' timestamp='2026-06-02T00:00:00Z' uid='1' user='osm_generator' visible='true' version='1' changeset='1' lat='27.09326105' lon='-109.69009107' />
  <node id='108' timestamp='2026-06-02T00:00:00Z' uid='1' user='osm_generator' visible='true' version='1' changeset='1' lat='27.09310688' lon='-109.69009107' />
  <node id='109' timestamp='2026-06-02T00:00:00Z' uid='1' user='osm_generator' visible='true' version='1' changeset='1' lat='27.09295271' lon='-109.69009107' />
  <node id='110' timestamp='2026-06-02T00:00:00Z' uid='1' user='osm_generator' visible='true' version='1' changeset='1' lat='27.09279855' lon='-109.69009107' />
  <node id='111' timestamp='2026-06-02T00:00:00Z' uid='1' user='osm_generator' visible='true' version='1' changeset='1' lat='27.09264438' lon='-109.69009107' />
  <node id='112' timestamp='2026-06-02T00:00:00Z' uid='1' user='osm_generator' visible='true' version='1' changeset='1' lat='27.09249021' lon='-109.69009107' />
  <node id='113' timestamp='2026-06-02T00:00:00Z' uid='1' user='osm_generator' visible='true' version='1' changeset='1' lat='27.09233604' lon='-109.69009107' />
  <node id='114' timestamp='2026-06-02T00:00:00Z' uid='1' user='osm_generator' visible='true' version='1' changeset='1' lat='27.09218187' lon='-109.69009107' />
  <node id='115' timestamp='2026-06-02T00:00:00Z' uid='1' user='osm_generator' visible='true' version='1' changeset='1' lat='27.0920277' lon='-109.69009107' />
  <node id='116' timestamp='2026-06-02T00:00:00Z' uid='1' user='osm_generator' visible='true' version='1' changeset='1' lat='27.09187353' lon='-109.69009107' />
  <node id='117' timestamp='2026-06-02T00:00:00Z' uid='1' user='osm_generator' visible='true' version='1' changeset='1' lat='27.09171936' lon='-109.69009107' />
  <node id='118' timestamp='2026-06-02T00:00:00Z' uid='1' user='osm_generator' visible='true' version='1' changeset='1' lat='27.09156519' lon='-109.69009107' />
  <node id='119' timestamp='2026-06-02T00:00:00Z' uid='1' user='osm_generator' visible='true' version='1' changeset='1' lat='27.09140223' lon='-109.69003305' />
  <node id='120' timestamp='2026-06-02T00:00:00Z' uid='1' user='osm_generator' visible='true' version='1' changeset='1' lat='27.09123926' lon='-109.68997791' />
  <node id='121' timestamp='2026-06-02T00:00:00Z' uid='1' user='osm_generator' visible='true' version='1' changeset='1' lat='27.0910763' lon='-109.68992854' />
  <node id='122' timestamp='2026-06-02T00:00:00Z' uid='1' user='osm_generator' visible='true' version='1' changeset='1' lat='27.09091334' lon='-109.68988781' />
  <node id='123' timestamp='2026-06-02T00:00:00Z' uid='1' user='osm_generator' visible='true' version='1' changeset='1' lat='27.09075037' lon='-109.6898586' />
  <node id='124' timestamp='2026-06-02T00:00:00Z' uid='1' user='osm_generator' visible='true' version='1' changeset='1' lat='27.09058741' lon='-109.68984381' />
  <node id='125' timestamp='2026-06-02T00:00:00Z' uid='1' user='osm_generator' visible='true' version='1' changeset='1' lat='27.09042444' lon='-109.6898463' />
  <node id='126' timestamp='2026-06-02T00:00:00Z' uid='1' user='osm_generator' visible='true' version='1' changeset='1' lat='27.09026148' lon='-109.68986895' />
  <node id='127' timestamp='2026-06-02T00:00:00Z' uid='1' user='osm_generator' visible='true' version='1' changeset='1' lat='27.09009851' lon='-109.68991466' />
  <node id='128' timestamp='2026-06-02T00:00:00Z' uid='1' user='osm_generator' visible='true' version='1' changeset='1' lat='27.08993555' lon='-109.6899863' />
  <node id='129' timestamp='2026-06-02T00:00:00Z' uid='1' user='osm_generator' visible='true' version='1' changeset='1' lat='27.08977259' lon='-109.69008676' />
  <node id='130' timestamp='2026-06-02T00:00:00Z' uid='1' user='osm_generator' visible='true' version='1' changeset='1' lat='27.08960962' lon='-109.69021832' />
  <node id='131' timestamp='2026-06-02T00:00:00Z' uid='1' user='osm_generator' visible='true' version='1' changeset='1' lat='27.08944666' lon='-109.69038071' />
  <node id='132' timestamp='2026-06-02T00:00:00Z' uid='1' user='osm_generator' visible='true' version='1' changeset='1' lat='27.08928369' lon='-109.6905729' />
  <node id='133' timestamp='2026-06-02T00:00:00Z' uid='1' user='osm_generator' visible='true' version='1' changeset='1' lat='27.08912073' lon='-109.69079388' />
  <node id='134' timestamp='2026-06-02T00:00:00Z' uid='1' user='osm_generator' visible='true' version='1' changeset='1' lat='27.08902911' lon='-109.69224247' />
  <node id='135' timestamp='2026-06-02T00:00:00Z' uid='1' user='osm_generator' visible='true' version='1' changeset='1' lat='27.09351672' lon='-109.6866973' />
  <node id='136' timestamp='2026-06-02T00:00:00Z' uid='1' user='osm_generator' visible='true' version='1' changeset='1' lat='27.08902911' lon='-109.6866973' />
  <node id='137' timestamp='2026-06-02T00:00:00Z' uid='1' user='osm_generator' visible='true' version='1' changeset='1' lat='27.08912073' lon='-109.69032926' />
  <node id='138' timestamp='2026-06-02T00:00:00Z' uid='1' user='osm_generator' visible='true' version='1' changeset='1' lat='27.08928369' lon='-109.69010828' />
  <node id='139' timestamp='2026-06-02T00:00:00Z' uid='1' user='osm_generator' visible='true' version='1' changeset='1' lat='27.08944666' lon='-109.68991609' />
  <node id='140' timestamp='2026-06-02T00:00:00Z' uid='1' user='osm_generator' visible='true' version='1' changeset='1' lat='27.08960962' lon='-109.6897537' />
  <node id='141' timestamp='2026-06-02T00:00:00Z' uid='1' user='osm_generator' visible='true' version='1' changeset='1' lat='27.08977259' lon='-109.68962213' />
  <node id='142' timestamp='2026-06-02T00:00:00Z' uid='1' user='osm_generator' visible='true' version='1' changeset='1' lat='27.08993555' lon='-109.68952168' />
  <node id='143' timestamp='2026-06-02T00:00:00Z' uid='1' user='osm_generator' visible='true' version='1' changeset='1' lat='27.09009851' lon='-109.68945004' />
  <node id='144' timestamp='2026-06-02T00:00:00Z' uid='1' user='osm_generator' visible='true' version='1' changeset='1' lat='27.09026148' lon='-109.68940433' />
  <node id='145' timestamp='2026-06-02T00:00:00Z' uid='1' user='osm_generator' visible='true' version='1' changeset='1' lat='27.09042444' lon='-109.68938167' />
  <node id='146' timestamp='2026-06-02T00:00:00Z' uid='1' user='osm_generator' visible='true' version='1' changeset='1' lat='27.09058741' lon='-109.68937918' />
  <node id='147' timestamp='2026-06-02T00:00:00Z' uid='1' user='osm_generator' visible='true' version='1' changeset='1' lat='27.09075037' lon='-109.68939398' />
  <node id='148' timestamp='2026-06-02T00:00:00Z' uid='1' user='osm_generator' visible='true' version='1' changeset='1' lat='27.09091334' lon='-109.68942319' />
  <node id='149' timestamp='2026-06-02T00:00:00Z' uid='1' user='osm_generator' visible='true' version='1' changeset='1' lat='27.0910763' lon='-109.68946392' />
  <node id='150' timestamp='2026-06-02T00:00:00Z' uid='1' user='osm_generator' visible='true' version='1' changeset='1' lat='27.09123926' lon='-109.68951329' />
  <node id='151' timestamp='2026-06-02T00:00:00Z' uid='1' user='osm_generator' visible='true' version='1' changeset='1' lat='27.09140223' lon='-109.68956843' />
  <node id='152' timestamp='2026-06-02T00:00:00Z' uid='1' user='osm_generator' visible='true' version='1' changeset='1' lat='27.09156519' lon='-109.68962644' />
  <node id='153' timestamp='2026-06-02T00:00:00Z' uid='1' user='osm_generator' visible='true' version='1' changeset='1' lat='27.09171936' lon='-109.68962644' />
  <node id='154' timestamp='2026-06-02T00:00:00Z' uid='1' user='osm_generator' visible='true' version='1' changeset='1' lat='27.09187353' lon='-109.68962644' />
  <node id='155' timestamp='2026-06-02T00:00:00Z' uid='1' user='osm_generator' visible='true' version='1' changeset='1' lat='27.0920277' lon='-109.68962644' />
  <node id='156' timestamp='2026-06-02T00:00:00Z' uid='1' user='osm_generator' visible='true' version='1' changeset='1' lat='27.09218187' lon='-109.68962644' />
  <node id='157' timestamp='2026-06-02T00:00:00Z' uid='1' user='osm_generator' visible='true' version='1' changeset='1' lat='27.09233604' lon='-109.68962644' />
  <node id='158' timestamp='2026-06-02T00:00:00Z' uid='1' user='osm_generator' visible='true' version='1' changeset='1' lat='27.09249021' lon='-109.68962644' />
  <node id='159' timestamp='2026-06-02T00:00:00Z' uid='1' user='osm_generator' visible='true' version='1' changeset='1' lat='27.09264438' lon='-109.68962644' />
  <node id='160' timestamp='2026-06-02T00:00:00Z' uid='1' user='osm_generator' visible='true' version='1' changeset='1' lat='27.09279855' lon='-109.68962644' />
  <node id='161' timestamp='2026-06-02T00:00:00Z' uid='1' user='osm_generator' visible='true' version='1' changeset='1' lat='27.09295271' lon='-109.68962644' />
  <node id='162' timestamp='2026-06-02T00:00:00Z' uid='1' user='osm_generator' visible='true' version='1' changeset='1' lat='27.09310688' lon='-109.68962644' />
  <node id='163' timestamp='2026-06-02T00:00:00Z' uid='1' user='osm_generator' visible='true' version='1' changeset='1' lat='27.09326105' lon='-109.68962644' />
  <node id='164' timestamp='2026-06-02T00:00:00Z' uid='1' user='osm_generator' visible='true' version='1' changeset='1' lat='27.09341522' lon='-109.68962644' />
  <node id='165' timestamp='2026-06-02T00:00:00Z' uid='1' user='osm_generator' visible='true' version='1' changeset='1' lat='27.08874133' lon='-109.7274427' />
  <node id='166' timestamp='2026-06-02T00:00:00Z' uid='1' user='osm_generator' visible='true' version='1' changeset='1' lat='27.08874133' lon='-109.72185713' />
  <node id='167' timestamp='2026-06-02T00:00:00Z' uid='1' user='osm_generator' visible='true' version='1' changeset='1' lat='27.08093474' lon='-109.72185713' />
  <node id='168' timestamp='2026-06-02T00:00:00Z' uid='1' user='osm_generator' visible='true' version='1' changeset='1' lat='27.08092326' lon='-109.72325352' />
  <node id='169' timestamp='2026-06-02T00:00:00Z' uid='1' user='osm_generator' visible='true' version='1' changeset='1' lat='27.08091862' lon='-109.72464991' />
  <node id='170' timestamp='2026-06-02T00:00:00Z' uid='1' user='osm_generator' visible='true' version='1' changeset='1' lat='27.08091737' lon='-109.72604631' />
  <node id='171' timestamp='2026-06-02T00:00:00Z' uid='1' user='osm_generator' visible='true' version='1' changeset='1' lat='27.08091724' lon='-109.7274427' />
  <node id='172' timestamp='2026-06-02T00:00:00Z' uid='1' user='osm_generator' visible='true' version='1' changeset='1' lat='27.08874133' lon='-109.72153391' />
  <node id='173' timestamp='2026-06-02T00:00:00Z' uid='1' user='osm_generator' visible='true' version='1' changeset='1' lat='27.08874133' lon='-109.70064608' />
  <node id='174' timestamp='2026-06-02T00:00:00Z' uid='1' user='osm_generator' visible='true' version='1' changeset='1' lat='27.08557914' lon='-109.70064608' />
  <node id='175' timestamp='2026-06-02T00:00:00Z' uid='1' user='osm_generator' visible='true' version='1' changeset='1' lat='27.08553552' lon='-109.70087912' />
  <node id='176' timestamp='2026-06-02T00:00:00Z' uid='1' user='osm_generator' visible='true' version='1' changeset='1' lat='27.08537256' lon='-109.70148138' />
  <node id='177' timestamp='2026-06-02T00:00:00Z' uid='1' user='osm_generator' visible='true' version='1' changeset='1' lat='27.08520959' lon='-109.70208801' />
  <node id='178' timestamp='2026-06-02T00:00:00Z' uid='1' user='osm_generator' visible='true' version='1' changeset='1' lat='27.08504663' lon='-109.70269799' />
  <node id='179' timestamp='2026-06-02T00:00:00Z' uid='1' user='osm_generator' visible='true' version='1' changeset='1' lat='27.08488366' lon='-109.70331031' />
  <node id='180' timestamp='2026-06-02T00:00:00Z' uid='1' user='osm_generator' visible='true' version='1' changeset='1' lat='27.0847207' lon='-109.70392394' />
  <node id='181' timestamp='2026-06-02T00:00:00Z' uid='1' user='osm_generator' visible='true' version='1' changeset='1' lat='27.08455774' lon='-109.70453787' />
  <node id='182' timestamp='2026-06-02T00:00:00Z' uid='1' user='osm_generator' visible='true' version='1' changeset='1' lat='27.08439477' lon='-109.70515109' />
  <node id='183' timestamp='2026-06-02T00:00:00Z' uid='1' user='osm_generator' visible='true' version='1' changeset='1' lat='27.08423181' lon='-109.70576259' />
  <node id='184' timestamp='2026-06-02T00:00:00Z' uid='1' user='osm_generator' visible='true' version='1' changeset='1' lat='27.08406884' lon='-109.70637154' />
  <node id='185' timestamp='2026-06-02T00:00:00Z' uid='1' user='osm_generator' visible='true' version='1' changeset='1' lat='27.08390588' lon='-109.70697716' />
  <node id='186' timestamp='2026-06-02T00:00:00Z' uid='1' user='osm_generator' visible='true' version='1' changeset='1' lat='27.08374292' lon='-109.70757866' />
  <node id='187' timestamp='2026-06-02T00:00:00Z' uid='1' user='osm_generator' visible='true' version='1' changeset='1' lat='27.08357995' lon='-109.70817528' />
  <node id='188' timestamp='2026-06-02T00:00:00Z' uid='1' user='osm_generator' visible='true' version='1' changeset='1' lat='27.08341699' lon='-109.70876622' />
  <node id='189' timestamp='2026-06-02T00:00:00Z' uid='1' user='osm_generator' visible='true' version='1' changeset='1' lat='27.08325402' lon='-109.7093507' />
  <node id='190' timestamp='2026-06-02T00:00:00Z' uid='1' user='osm_generator' visible='true' version='1' changeset='1' lat='27.08309106' lon='-109.70992795' />
  <node id='191' timestamp='2026-06-02T00:00:00Z' uid='1' user='osm_generator' visible='true' version='1' changeset='1' lat='27.08292809' lon='-109.71049718' />
  <node id='192' timestamp='2026-06-02T00:00:00Z' uid='1' user='osm_generator' visible='true' version='1' changeset='1' lat='27.08276513' lon='-109.71105761' />
  <node id='193' timestamp='2026-06-02T00:00:00Z' uid='1' user='osm_generator' visible='true' version='1' changeset='1' lat='27.08260217' lon='-109.71160847' />
  <node id='194' timestamp='2026-06-02T00:00:00Z' uid='1' user='osm_generator' visible='true' version='1' changeset='1' lat='27.0824392' lon='-109.71214897' />
  <node id='195' timestamp='2026-06-02T00:00:00Z' uid='1' user='osm_generator' visible='true' version='1' changeset='1' lat='27.08227624' lon='-109.71267833' />
  <node id='196' timestamp='2026-06-02T00:00:00Z' uid='1' user='osm_generator' visible='true' version='1' changeset='1' lat='27.08211327' lon='-109.71319577' />
  <node id='197' timestamp='2026-06-02T00:00:00Z' uid='1' user='osm_generator' visible='true' version='1' changeset='1' lat='27.08195031' lon='-109.71370051' />
  <node id='198' timestamp='2026-06-02T00:00:00Z' uid='1' user='osm_generator' visible='true' version='1' changeset='1' lat='27.08178735' lon='-109.71419177' />
  <node id='199' timestamp='2026-06-02T00:00:00Z' uid='1' user='osm_generator' visible='true' version='1' changeset='1' lat='27.08162438' lon='-109.71466876' />
  <node id='200' timestamp='2026-06-02T00:00:00Z' uid='1' user='osm_generator' visible='true' version='1' changeset='1' lat='27.08146142' lon='-109.71513072' />
  <node id='201' timestamp='2026-06-02T00:00:00Z' uid='1' user='osm_generator' visible='true' version='1' changeset='1' lat='27.08129845' lon='-109.71557685' />
  <node id='202' timestamp='2026-06-02T00:00:00Z' uid='1' user='osm_generator' visible='true' version='1' changeset='1' lat='27.08113549' lon='-109.71600637' />
  <node id='203' action='delete' timestamp='2026-06-02T00:00:00Z' uid='1' user='osm_generator' visible='true' version='1' changeset='1' lat='27.08097253' lon='-109.71641852' />
  <node id='204' action='delete' timestamp='2026-06-02T00:00:00Z' uid='1' user='osm_generator' visible='true' version='1' changeset='1' lat='27.08080956' lon='-109.71681249' />
  <node id='205' action='delete' timestamp='2026-06-02T00:00:00Z' uid='1' user='osm_generator' visible='true' version='1' changeset='1' lat='27.0806466' lon='-109.71718752' />
  <node id='206' timestamp='2026-06-02T00:00:00Z' uid='1' user='osm_generator' visible='true' version='1' changeset='1' lat='27.08106973' lon='-109.71744493' />
  <node id='207' timestamp='2026-06-02T00:00:00Z' uid='1' user='osm_generator' visible='true' version='1' changeset='1' lat='27.08101964' lon='-109.71846717' />
  <node id='208' timestamp='2026-06-02T00:00:00Z' uid='1' user='osm_generator' visible='true' version='1' changeset='1' lat='27.0809826' lon='-109.71948942' />
  <node id='209' timestamp='2026-06-02T00:00:00Z' uid='1' user='osm_generator' visible='true' version='1' changeset='1' lat='27.08095638' lon='-109.72051166' />
  <node id='210' timestamp='2026-06-02T00:00:00Z' uid='1' user='osm_generator' visible='true' version='1' changeset='1' lat='27.08093883' lon='-109.72153391' />
  <node id='211' timestamp='2026-06-02T00:00:00Z' uid='1' user='osm_generator' visible='true' version='1' changeset='1' lat='27.08557914' lon='-109.70032287' />
  <node id='212' timestamp='2026-06-02T00:00:00Z' uid='1' user='osm_generator' visible='true' version='1' changeset='1' lat='27.08491161' lon='-109.70032287' />
  <node id='213' action='delete' timestamp='2026-06-02T00:00:00Z' uid='1' user='osm_generator' visible='true' version='1' changeset='1' lat='27.08348519' lon='-109.70448723' />
  <node id='214' action='delete' timestamp='2026-06-02T00:00:00Z' uid='1' user='osm_generator' visible='true' version='1' changeset='1' lat='27.08231071' lon='-109.70865159' />
  <node id='215' action='delete' timestamp='2026-06-02T00:00:00Z' uid='1' user='osm_generator' visible='true' version='1' changeset='1' lat='27.08151687' lon='-109.71281594' />
  <node id='216' action='delete' timestamp='2026-06-02T00:00:00Z' uid='1' user='osm_generator' visible='true' version='1' changeset='1' lat='27.08109741' lon='-109.7169803' />
  <node id='217' action='delete' timestamp='2026-06-02T00:00:00Z' uid='1' user='osm_generator' visible='true' version='1' changeset='1' lat='27.0806466' lon='-109.7167229' />
  <node id='218' action='delete' timestamp='2026-06-02T00:00:00Z' uid='1' user='osm_generator' visible='true' version='1' changeset='1' lat='27.08080956' lon='-109.71634787' />
  <node id='219' action='delete' timestamp='2026-06-02T00:00:00Z' uid='1' user='osm_generator' visible='true' version='1' changeset='1' lat='27.08097253' lon='-109.71595389' />
  <node id='220' action='delete' timestamp='2026-06-02T00:00:00Z' uid='1' user='osm_generator' visible='true' version='1' changeset='1' lat='27.08113549' lon='-109.71554175' />
  <node id='221' action='delete' timestamp='2026-06-02T00:00:00Z' uid='1' user='osm_generator' visible='true' version='1' changeset='1' lat='27.08129845' lon='-109.71511222' />
  <node id='222' action='delete' timestamp='2026-06-02T00:00:00Z' uid='1' user='osm_generator' visible='true' version='1' changeset='1' lat='27.08146142' lon='-109.71466609' />
  <node id='223' action='delete' timestamp='2026-06-02T00:00:00Z' uid='1' user='osm_generator' visible='true' version='1' changeset='1' lat='27.08162438' lon='-109.71420414' />
  <node id='224' action='delete' timestamp='2026-06-02T00:00:00Z' uid='1' user='osm_generator' visible='true' version='1' changeset='1' lat='27.08178735' lon='-109.71372714' />
  <node id='225' action='delete' timestamp='2026-06-02T00:00:00Z' uid='1' user='osm_generator' visible='true' version='1' changeset='1' lat='27.08195031' lon='-109.71323589' />
  <node id='226' action='delete' timestamp='2026-06-02T00:00:00Z' uid='1' user='osm_generator' visible='true' version='1' changeset='1' lat='27.08211327' lon='-109.71273115' />
  <node id='227' action='delete' timestamp='2026-06-02T00:00:00Z' uid='1' user='osm_generator' visible='true' version='1' changeset='1' lat='27.08227624' lon='-109.71221371' />
  <node id='228' action='delete' timestamp='2026-06-02T00:00:00Z' uid='1' user='osm_generator' visible='true' version='1' changeset='1' lat='27.0824392' lon='-109.71168435' />
  <node id='229' action='delete' timestamp='2026-06-02T00:00:00Z' uid='1' user='osm_generator' visible='true' version='1' changeset='1' lat='27.08260217' lon='-109.71114385' />
  <node id='230' action='delete' timestamp='2026-06-02T00:00:00Z' uid='1' user='osm_generator' visible='true' version='1' changeset='1' lat='27.08276513' lon='-109.71059299' />
  <node id='231' action='delete' timestamp='2026-06-02T00:00:00Z' uid='1' user='osm_generator' visible='true' version='1' changeset='1' lat='27.08292809' lon='-109.71003256' />
  <node id='232' action='delete' timestamp='2026-06-02T00:00:00Z' uid='1' user='osm_generator' visible='true' version='1' changeset='1' lat='27.08309106' lon='-109.70946332' />
  <node id='233' action='delete' timestamp='2026-06-02T00:00:00Z' uid='1' user='osm_generator' visible='true' version='1' changeset='1' lat='27.08325402' lon='-109.70888608' />
  <node id='234' action='delete' timestamp='2026-06-02T00:00:00Z' uid='1' user='osm_generator' visible='true' version='1' changeset='1' lat='27.08341699' lon='-109.70830159' />
  <node id='235' action='delete' timestamp='2026-06-02T00:00:00Z' uid='1' user='osm_generator' visible='true' version='1' changeset='1' lat='27.08357995' lon='-109.70771065' />
  <node id='236' action='delete' timestamp='2026-06-02T00:00:00Z' uid='1' user='osm_generator' visible='true' version='1' changeset='1' lat='27.08374292' lon='-109.70711404' />
  <node id='237' action='delete' timestamp='2026-06-02T00:00:00Z' uid='1' user='osm_generator' visible='true' version='1' changeset='1' lat='27.08390588' lon='-109.70651254' />
  <node id='238' action='delete' timestamp='2026-06-02T00:00:00Z' uid='1' user='osm_generator' visible='true' version='1' changeset='1' lat='27.08406884' lon='-109.70590692' />
  <node id='239' action='delete' timestamp='2026-06-02T00:00:00Z' uid='1' user='osm_generator' visible='true' version='1' changeset='1' lat='27.08423181' lon='-109.70529797' />
  <node id='240' action='delete' timestamp='2026-06-02T00:00:00Z' uid='1' user='osm_generator' visible='true' version='1' changeset='1' lat='27.08439477' lon='-109.70468646' />
  <node id='241' action='delete' timestamp='2026-06-02T00:00:00Z' uid='1' user='osm_generator' visible='true' version='1' changeset='1' lat='27.08455774' lon='-109.70407325' />
  <node id='242' action='delete' timestamp='2026-06-02T00:00:00Z' uid='1' user='osm_generator' visible='true' version='1' changeset='1' lat='27.0847207' lon='-109.70345932' />
  <node id='243' action='delete' timestamp='2026-06-02T00:00:00Z' uid='1' user='osm_generator' visible='true' version='1' changeset='1' lat='27.08488366' lon='-109.70284569' />
  <node id='244' action='delete' timestamp='2026-06-02T00:00:00Z' uid='1' user='osm_generator' visible='true' version='1' changeset='1' lat='27.08504663' lon='-109.70223337' />
  <node id='245' action='delete' timestamp='2026-06-02T00:00:00Z' uid='1' user='osm_generator' visible='true' version='1' changeset='1' lat='27.08520959' lon='-109.70162339' />
  <node id='246' action='delete' timestamp='2026-06-02T00:00:00Z' uid='1' user='osm_generator' visible='true' version='1' changeset='1' lat='27.08537256' lon='-109.70101676' />
  <node id='247' action='delete' timestamp='2026-06-02T00:00:00Z' uid='1' user='osm_generator' visible='true' version='1' changeset='1' lat='27.08553552' lon='-109.7004145' />
  <node id='248' timestamp='2026-06-02T00:00:00Z' uid='1' user='osm_generator' visible='true' version='1' changeset='1' lat='27.08874133' lon='-109.70032287' />
  <node id='249' timestamp='2026-06-02T00:00:00Z' uid='1' user='osm_generator' visible='true' version='1' changeset='1' lat='27.08874133' lon='-109.69256569' />
  <node id='250' action='delete' timestamp='2026-06-02T00:00:00Z' uid='1' user='osm_generator' visible='true' version='1' changeset='1' lat='27.08815812' lon='-109.69256569' />
  <node id='251' timestamp='2026-06-02T00:00:00Z' uid='1' user='osm_generator' visible='true' version='1' changeset='1' lat='27.08814295' lon='-109.69266729' />
  <node id='252' timestamp='2026-06-02T00:00:00Z' uid='1' user='osm_generator' visible='true' version='1' changeset='1' lat='27.08797998' lon='-109.69306128' />
  <node id='253' timestamp='2026-06-02T00:00:00Z' uid='1' user='osm_generator' visible='true' version='1' changeset='1' lat='27.08781702' lon='-109.69347592' />
  <node id='254' timestamp='2026-06-02T00:00:00Z' uid='1' user='osm_generator' visible='true' version='1' changeset='1' lat='27.08765405' lon='-109.69391019' />
  <node id='255' timestamp='2026-06-02T00:00:00Z' uid='1' user='osm_generator' visible='true' version='1' changeset='1' lat='27.08749109' lon='-109.69436308' />
  <node id='256' timestamp='2026-06-02T00:00:00Z' uid='1' user='osm_generator' visible='true' version='1' changeset='1' lat='27.08732813' lon='-109.69483356' />
  <node id='257' timestamp='2026-06-02T00:00:00Z' uid='1' user='osm_generator' visible='true' version='1' changeset='1' lat='27.08716516' lon='-109.69532062' />
  <node id='258' timestamp='2026-06-02T00:00:00Z' uid='1' user='osm_generator' visible='true' version='1' changeset='1' lat='27.0870022' lon='-109.69582323' />
  <node id='259' timestamp='2026-06-02T00:00:00Z' uid='1' user='osm_generator' visible='true' version='1' changeset='1' lat='27.08683923' lon='-109.69634039' />
  <node id='260' timestamp='2026-06-02T00:00:00Z' uid='1' user='osm_generator' visible='true' version='1' changeset='1' lat='27.08667627' lon='-109.69687108' />
  <node id='261' timestamp='2026-06-02T00:00:00Z' uid='1' user='osm_generator' visible='true' version='1' changeset='1' lat='27.0865133' lon='-109.69741427' />
  <node id='262' timestamp='2026-06-02T00:00:00Z' uid='1' user='osm_generator' visible='true' version='1' changeset='1' lat='27.08635034' lon='-109.69796895' />
  <node id='263' timestamp='2026-06-02T00:00:00Z' uid='1' user='osm_generator' visible='true' version='1' changeset='1' lat='27.08618738' lon='-109.69853411' />
  <node id='264' timestamp='2026-06-02T00:00:00Z' uid='1' user='osm_generator' visible='true' version='1' changeset='1' lat='27.08602441' lon='-109.69910872' />
  <node id='265' timestamp='2026-06-02T00:00:00Z' uid='1' user='osm_generator' visible='true' version='1' changeset='1' lat='27.08586145' lon='-109.69969177' />
  <node id='266' timestamp='2026-06-02T00:00:00Z' uid='1' user='osm_generator' visible='true' version='1' changeset='1' lat='27.08569848' lon='-109.70028225' />
  <node id='267' timestamp='2026-06-02T00:00:00Z' uid='1' user='osm_generator' visible='true' version='1' changeset='1' lat='27.08569848' lon='-109.69981762' />
  <node id='268' timestamp='2026-06-02T00:00:00Z' uid='1' user='osm_generator' visible='true' version='1' changeset='1' lat='27.08586145' lon='-109.69922715' />
  <node id='269' timestamp='2026-06-02T00:00:00Z' uid='1' user='osm_generator' visible='true' version='1' changeset='1' lat='27.08602441' lon='-109.6986441' />
  <node id='270' timestamp='2026-06-02T00:00:00Z' uid='1' user='osm_generator' visible='true' version='1' changeset='1' lat='27.08618738' lon='-109.69806949' />
  <node id='271' timestamp='2026-06-02T00:00:00Z' uid='1' user='osm_generator' visible='true' version='1' changeset='1' lat='27.08635034' lon='-109.69750433' />
  <node id='272' timestamp='2026-06-02T00:00:00Z' uid='1' user='osm_generator' visible='true' version='1' changeset='1' lat='27.0865133' lon='-109.69694965' />
  <node id='273' timestamp='2026-06-02T00:00:00Z' uid='1' user='osm_generator' visible='true' version='1' changeset='1' lat='27.08667627' lon='-109.69640645' />
  <node id='274' timestamp='2026-06-02T00:00:00Z' uid='1' user='osm_generator' visible='true' version='1' changeset='1' lat='27.08683923' lon='-109.69587577' />
  <node id='275' timestamp='2026-06-02T00:00:00Z' uid='1' user='osm_generator' visible='true' version='1' changeset='1' lat='27.0870022' lon='-109.69535861' />
  <node id='276' timestamp='2026-06-02T00:00:00Z' uid='1' user='osm_generator' visible='true' version='1' changeset='1' lat='27.08716516' lon='-109.69485599' />
  <node id='277' timestamp='2026-06-02T00:00:00Z' uid='1' user='osm_generator' visible='true' version='1' changeset='1' lat='27.08732813' lon='-109.69436894' />
  <node id='278' timestamp='2026-06-02T00:00:00Z' uid='1' user='osm_generator' visible='true' version='1' changeset='1' lat='27.08749109' lon='-109.69389846' />
  <node id='279' timestamp='2026-06-02T00:00:00Z' uid='1' user='osm_generator' visible='true' version='1' changeset='1' lat='27.08765405' lon='-109.69344557' />
  <node id='280' timestamp='2026-06-02T00:00:00Z' uid='1' user='osm_generator' visible='true' version='1' changeset='1' lat='27.08781702' lon='-109.6930113' />
  <node id='281' timestamp='2026-06-02T00:00:00Z' uid='1' user='osm_generator' visible='true' version='1' changeset='1' lat='27.08797998' lon='-109.69259666' />
  <node id='282' action='delete' timestamp='2026-06-02T00:00:00Z' uid='1' user='osm_generator' visible='true' version='1' changeset='1' lat='27.08814295' lon='-109.69220266' />
  <node id='283' timestamp='2026-06-02T00:00:00Z' uid='1' user='osm_generator' visible='true' version='1' changeset='1' lat='27.08735468' lon='-109.69256569' />
  <node id='284' timestamp='2026-06-02T00:00:00Z' uid='1' user='osm_generator' visible='true' version='1' changeset='1' lat='27.08684768' lon='-109.69450498' />
  <node id='285' timestamp='2026-06-02T00:00:00Z' uid='1' user='osm_generator' visible='true' version='1' changeset='1' lat='27.08625151' lon='-109.69644428' />
  <node id='286' timestamp='2026-06-02T00:00:00Z' uid='1' user='osm_generator' visible='true' version='1' changeset='1' lat='27.08559578' lon='-109.69838357' />
  <node id='287' action='delete' timestamp='2026-06-02T00:00:00Z' uid='1' user='osm_generator' visible='true' version='1' changeset='1' lat='27.08874133' lon='-109.69224247' />
  <node id='288' action='delete' timestamp='2026-06-02T00:00:00Z' uid='1' user='osm_generator' visible='true' version='1' changeset='1' lat='27.08874133' lon='-109.69141423' />
  <node id='289' action='delete' timestamp='2026-06-02T00:00:00Z' uid='1' user='osm_generator' visible='true' version='1' changeset='1' lat='27.08863184' lon='-109.69161936' />
  <node id='290' action='delete' timestamp='2026-06-02T00:00:00Z' uid='1' user='osm_generator' visible='true' version='1' changeset='1' lat='27.08846887' lon='-109.69194531' />
  <node id='291' action='delete' timestamp='2026-06-02T00:00:00Z' uid='1' user='osm_generator' visible='true' version='1' changeset='1' lat='27.08830591' lon='-109.69229496' />
  <node id='292' timestamp='2026-06-02T00:00:00Z' uid='1' user='osm_generator' visible='true' version='1' changeset='1' lat='27.08874133' lon='-109.69094961' />
  <node id='293' timestamp='2026-06-02T00:00:00Z' uid='1' user='osm_generator' visible='true' version='1' changeset='1' lat='27.08874133' lon='-109.6866973' />
  <node id='294' timestamp='2026-06-02T00:00:00Z' uid='1' user='osm_generator' visible='true' version='1' changeset='1' lat='27.08810977' lon='-109.6866973' />
  <node id='295' timestamp='2026-06-02T00:00:00Z' uid='1' user='osm_generator' visible='true' version='1' changeset='1' lat='27.0880521' lon='-109.68808359' />
  <node id='296' timestamp='2026-06-02T00:00:00Z' uid='1' user='osm_generator' visible='true' version='1' changeset='1' lat='27.08791654' lon='-109.68946989' />
  <node id='297' timestamp='2026-06-02T00:00:00Z' uid='1' user='osm_generator' visible='true' version='1' changeset='1' lat='27.08770681' lon='-109.69085618' />
  <node id='298' timestamp='2026-06-02T00:00:00Z' uid='1' user='osm_generator' visible='true' version='1' changeset='1' lat='27.08742862' lon='-109.69224247' />
  <node id='299' timestamp='2026-06-02T00:00:00Z' uid='1' user='osm_generator' visible='true' version='1' changeset='1' lat='27.08815812' lon='-109.69224247' />
  <node id='300' timestamp='2026-06-02T00:00:00Z' uid='1' user='osm_generator' visible='true' version='1' changeset='1' lat='27.08830591' lon='-109.69183033' />
  <node id='301' timestamp='2026-06-02T00:00:00Z' uid='1' user='osm_generator' visible='true' version='1' changeset='1' lat='27.08846887' lon='-109.69148068' />
  <node id='302' timestamp='2026-06-02T00:00:00Z' uid='1' user='osm_generator' visible='true' version='1' changeset='1' lat='27.08863184' lon='-109.69115473' />
  <node id='303' timestamp='2026-06-02T00:00:00Z' uid='1' user='osm_generator' visible='true' version='1' changeset='1' lat='27.07350684' lon='-109.7274427' />
  <node id='304' timestamp='2026-06-02T00:00:00Z' uid='1' user='osm_generator' visible='true' version='1' changeset='1' lat='27.0735072' lon='-109.72554128' />
  <node id='305' timestamp='2026-06-02T00:00:00Z' uid='1' user='osm_generator' visible='true' version='1' changeset='1' lat='27.07351106' lon='-109.72363986' />
  <node id='306' timestamp='2026-06-02T00:00:00Z' uid='1' user='osm_generator' visible='true' version='1' changeset='1' lat='27.07352577' lon='-109.72173844' />
  <node id='307' timestamp='2026-06-02T00:00:00Z' uid='1' user='osm_generator' visible='true' version='1' changeset='1' lat='27.07356218' lon='-109.71983703' />
  <node id='308' timestamp='2026-06-02T00:00:00Z' uid='1' user='osm_generator' visible='true' version='1' changeset='1' lat='27.07076193' lon='-109.71983703' />
  <node id='309' timestamp='2026-06-02T00:00:00Z' uid='1' user='osm_generator' visible='true' version='1' changeset='1' lat='27.07070579' lon='-109.72009877' />
  <node id='310' timestamp='2026-06-02T00:00:00Z' uid='1' user='osm_generator' visible='true' version='1' changeset='1' lat='27.07054282' lon='-109.72066008' />
  <node id='311' timestamp='2026-06-02T00:00:00Z' uid='1' user='osm_generator' visible='true' version='1' changeset='1' lat='27.07037986' lon='-109.72120651' />
  <node id='312' timestamp='2026-06-02T00:00:00Z' uid='1' user='osm_generator' visible='true' version='1' changeset='1' lat='27.0702169' lon='-109.72173305' />
  <node id='313' timestamp='2026-06-02T00:00:00Z' uid='1' user='osm_generator' visible='true' version='1' changeset='1' lat='27.07005393' lon='-109.72223469' />
  <node id='314' timestamp='2026-06-02T00:00:00Z' uid='1' user='osm_generator' visible='true' version='1' changeset='1' lat='27.06989097' lon='-109.72270641' />
  <node id='315' timestamp='2026-06-02T00:00:00Z' uid='1' user='osm_generator' visible='true' version='1' changeset='1' lat='27.069728' lon='-109.72314321' />
  <node id='316' timestamp='2026-06-02T00:00:00Z' uid='1' user='osm_generator' visible='true' version='1' changeset='1' lat='27.06969372' lon='-109.7274427' />
  <node id='317' timestamp='2026-06-02T00:00:00Z' uid='1' user='osm_generator' visible='true' version='1' changeset='1' lat='27.06969372' lon='-109.71983703' />
  <node id='318' timestamp='2026-06-02T00:00:00Z' uid='1' user='osm_generator' visible='true' version='1' changeset='1' lat='27.069728' lon='-109.72267858' />
  <node id='319' timestamp='2026-06-02T00:00:00Z' uid='1' user='osm_generator' visible='true' version='1' changeset='1' lat='27.06989097' lon='-109.72224179' />
  <node id='320' timestamp='2026-06-02T00:00:00Z' uid='1' user='osm_generator' visible='true' version='1' changeset='1' lat='27.07005393' lon='-109.72177007' />
  <node id='321' timestamp='2026-06-02T00:00:00Z' uid='1' user='osm_generator' visible='true' version='1' changeset='1' lat='27.0702169' lon='-109.72126843' />
  <node id='322' timestamp='2026-06-02T00:00:00Z' uid='1' user='osm_generator' visible='true' version='1' changeset='1' lat='27.07037986' lon='-109.72074189' />
  <node id='323' timestamp='2026-06-02T00:00:00Z' uid='1' user='osm_generator' visible='true' version='1' changeset='1' lat='27.07054282' lon='-109.72019546' />
  <node id='324' timestamp='2026-06-02T00:00:00Z' uid='1' user='osm_generator' visible='true' version='1' changeset='1' lat='27.07070579' lon='-109.71963415' />
  <node id='325' action='delete' timestamp='2026-06-02T00:00:00Z' uid='1' user='osm_generator' visible='true' version='1' changeset='1' lat='27.07401576' lon='-109.71348472' />
  <node id='326' timestamp='2026-06-02T00:00:00Z' uid='1' user='osm_generator' visible='true' version='1' changeset='1' lat='27.07414561' lon='-109.71254768' />
  <node id='327' timestamp='2026-06-02T00:00:00Z' uid='1' user='osm_generator' visible='true' version='1' changeset='1' lat='27.07429507' lon='-109.71161063' />
  <node id='328' timestamp='2026-06-02T00:00:00Z' uid='1' user='osm_generator' visible='true' version='1' changeset='1' lat='27.07446471' lon='-109.71067358' />
  <node id='329' timestamp='2026-06-02T00:00:00Z' uid='1' user='osm_generator' visible='true' version='1' changeset='1' lat='27.07465479' lon='-109.70973653' />
  <node id='330' timestamp='2026-06-02T00:00:00Z' uid='1' user='osm_generator' visible='true' version='1' changeset='1' lat='27.06969372' lon='-109.70973653' />
  <node id='331' timestamp='2026-06-02T00:00:00Z' uid='1' user='osm_generator' visible='true' version='1' changeset='1' lat='27.06969372' lon='-109.71951381' />
  <node id='332' timestamp='2026-06-02T00:00:00Z' uid='1' user='osm_generator' visible='true' version='1' changeset='1' lat='27.07076193' lon='-109.71951381' />
  <node id='333' timestamp='2026-06-02T00:00:00Z' uid='1' user='osm_generator' visible='true' version='1' changeset='1' lat='27.07086875' lon='-109.71906297' />
  <node id='334' timestamp='2026-06-02T00:00:00Z' uid='1' user='osm_generator' visible='true' version='1' changeset='1' lat='27.07103172' lon='-109.71848694' />
  <node id='335' timestamp='2026-06-02T00:00:00Z' uid='1' user='osm_generator' visible='true' version='1' changeset='1' lat='27.07119468' lon='-109.71791107' />
  <node id='336' timestamp='2026-06-02T00:00:00Z' uid='1' user='osm_generator' visible='true' version='1' changeset='1' lat='27.07135764' lon='-109.71734037' />
  <node id='337' timestamp='2026-06-02T00:00:00Z' uid='1' user='osm_generator' visible='true' version='1' changeset='1' lat='27.07152061' lon='-109.71677985' />
  <node id='338' timestamp='2026-06-02T00:00:00Z' uid='1' user='osm_generator' visible='true' version='1' changeset='1' lat='27.07168357' lon='-109.71623453' />
  <node id='339' timestamp='2026-06-02T00:00:00Z' uid='1' user='osm_generator' visible='true' version='1' changeset='1' lat='27.07184654' lon='-109.71570941' />
  <node id='340' timestamp='2026-06-02T00:00:00Z' uid='1' user='osm_generator' visible='true' version='1' changeset='1' lat='27.0720095' lon='-109.71520952' />
  <node id='341' timestamp='2026-06-02T00:00:00Z' uid='1' user='osm_generator' visible='true' version='1' changeset='1' lat='27.07217247' lon='-109.71473985' />
  <node id='342' timestamp='2026-06-02T00:00:00Z' uid='1' user='osm_generator' visible='true' version='1' changeset='1' lat='27.07233543' lon='-109.71430543' />
  <node id='343' timestamp='2026-06-02T00:00:00Z' uid='1' user='osm_generator' visible='true' version='1' changeset='1' lat='27.07249839' lon='-109.71391127' />
  <node id='344' timestamp='2026-06-02T00:00:00Z' uid='1' user='osm_generator' visible='true' version='1' changeset='1' lat='27.07266136' lon='-109.71356238' />
  <node id='345' timestamp='2026-06-02T00:00:00Z' uid='1' user='osm_generator' visible='true' version='1' changeset='1' lat='27.07282432' lon='-109.71326377' />
  <node id='346' timestamp='2026-06-02T00:00:00Z' uid='1' user='osm_generator' visible='true' version='1' changeset='1' lat='27.07298729' lon='-109.71302045' />
  <node id='347' timestamp='2026-06-02T00:00:00Z' uid='1' user='osm_generator' visible='true' version='1' changeset='1' lat='27.07315025' lon='-109.71283744' />
  <node id='348' timestamp='2026-06-02T00:00:00Z' uid='1' user='osm_generator' visible='true' version='1' changeset='1' lat='27.07331321' lon='-109.71271759' />
  <node id='349' timestamp='2026-06-02T00:00:00Z' uid='1' user='osm_generator' visible='true' version='1' changeset='1' lat='27.07347618' lon='-109.71265797' />
  <node id='350' timestamp='2026-06-02T00:00:00Z' uid='1' user='osm_generator' visible='true' version='1' changeset='1' lat='27.07363914' lon='-109.71265462' />
  <node id='351' timestamp='2026-06-02T00:00:00Z' uid='1' user='osm_generator' visible='true' version='1' changeset='1' lat='27.07380211' lon='-109.7127036' />
  <node id='352' timestamp='2026-06-02T00:00:00Z' uid='1' user='osm_generator' visible='true' version='1' changeset='1' lat='27.07396507' lon='-109.71280097' />
  <node id='353' action='delete' timestamp='2026-06-02T00:00:00Z' uid='1' user='osm_generator' visible='true' version='1' changeset='1' lat='27.07412803' lon='-109.71294278' />
  <node id='354' action='delete' timestamp='2026-06-02T00:00:00Z' uid='1' user='osm_generator' visible='true' version='1' changeset='1' lat='27.074291' lon='-109.71312511' />
  <node id='355' action='delete' timestamp='2026-06-02T00:00:00Z' uid='1' user='osm_generator' visible='true' version='1' changeset='1' lat='27.07445396' lon='-109.71334399' />
  <node id='356' timestamp='2026-06-02T00:00:00Z' uid='1' user='osm_generator' visible='true' version='1' changeset='1' lat='27.07357146' lon='-109.71951381' />
  <node id='357' timestamp='2026-06-02T00:00:00Z' uid='1' user='osm_generator' visible='true' version='1' changeset='1' lat='27.07362456' lon='-109.71812269' />
  <node id='358' timestamp='2026-06-02T00:00:00Z' uid='1' user='osm_generator' visible='true' version='1' changeset='1' lat='27.07370319' lon='-109.71673158' />
  <node id='359' timestamp='2026-06-02T00:00:00Z' uid='1' user='osm_generator' visible='true' version='1' changeset='1' lat='27.07381282' lon='-109.71534046' />
  <node id='360' timestamp='2026-06-02T00:00:00Z' uid='1' user='osm_generator' visible='true' version='1' changeset='1' lat='27.07395839' lon='-109.71394935' />
  <node id='361' action='delete' timestamp='2026-06-02T00:00:00Z' uid='1' user='osm_generator' visible='true' version='1' changeset='1' lat='27.07445396' lon='-109.71380862' />
  <node id='362' action='delete' timestamp='2026-06-02T00:00:00Z' uid='1' user='osm_generator' visible='true' version='1' changeset='1' lat='27.074291' lon='-109.71358973' />
  <node id='363' action='delete' timestamp='2026-06-02T00:00:00Z' uid='1' user='osm_generator' visible='true' version='1' changeset='1' lat='27.07412803' lon='-109.71340741' />
  <node id='364' timestamp='2026-06-02T00:00:00Z' uid='1' user='osm_generator' visible='true' version='1' changeset='1' lat='27.07396507' lon='-109.71326559' />
  <node id='365' timestamp='2026-06-02T00:00:00Z' uid='1' user='osm_generator' visible='true' version='1' changeset='1' lat='27.07380211' lon='-109.71316822' />
  <node id='366' timestamp='2026-06-02T00:00:00Z' uid='1' user='osm_generator' visible='true' version='1' changeset='1' lat='27.07363914' lon='-109.71311924' />
  <node id='367' timestamp='2026-06-02T00:00:00Z' uid='1' user='osm_generator' visible='true' version='1' changeset='1' lat='27.07347618' lon='-109.71312259' />
  <node id='368' timestamp='2026-06-02T00:00:00Z' uid='1' user='osm_generator' visible='true' version='1' changeset='1' lat='27.07331321' lon='-109.71318222' />
  <node id='369' timestamp='2026-06-02T00:00:00Z' uid='1' user='osm_generator' visible='true' version='1' changeset='1' lat='27.07315025' lon='-109.71330206' />
  <node id='370' timestamp='2026-06-02T00:00:00Z' uid='1' user='osm_generator' visible='true' version='1' changeset='1' lat='27.07298729' lon='-109.71348507' />
  <node id='371' timestamp='2026-06-02T00:00:00Z' uid='1' user='osm_generator' visible='true' version='1' changeset='1' lat='27.07282432' lon='-109.71372839' />
  <node id='372' timestamp='2026-06-02T00:00:00Z' uid='1' user='osm_generator' visible='true' version='1' changeset='1' lat='27.07266136' lon='-109.714027' />
  <node id='373' timestamp='2026-06-02T00:00:00Z' uid='1' user='osm_generator' visible='true' version='1' changeset='1' lat='27.07249839' lon='-109.71437589' />
  <node id='374' timestamp='2026-06-02T00:00:00Z' uid='1' user='osm_generator' visible='true' version='1' changeset='1' lat='27.07233543' lon='-109.71477006' />
  <node id='375' timestamp='2026-06-02T00:00:00Z' uid='1' user='osm_generator' visible='true' version='1' changeset='1' lat='27.07217247' lon='-109.71520447' />
  <node id='376' timestamp='2026-06-02T00:00:00Z' uid='1' user='osm_generator' visible='true' version='1' changeset='1' lat='27.0720095' lon='-109.71567414' />
  <node id='377' timestamp='2026-06-02T00:00:00Z' uid='1' user='osm_generator' visible='true' version='1' changeset='1' lat='27.07184654' lon='-109.71617403' />
  <node id='378' timestamp='2026-06-02T00:00:00Z' uid='1' user='osm_generator' visible='true' version='1' changeset='1' lat='27.07168357' lon='-109.71669915' />
  <node id='379' timestamp='2026-06-02T00:00:00Z' uid='1' user='osm_generator' visible='true' version='1' changeset='1' lat='27.07152061' lon='-109.71724447' />
  <node id='380' timestamp='2026-06-02T00:00:00Z' uid='1' user='osm_generator' visible='true' version='1' changeset='1' lat='27.07135764' lon='-109.71780499' />
  <node id='381' timestamp='2026-06-02T00:00:00Z' uid='1' user='osm_generator' visible='true' version='1' changeset='1' lat='27.07119468' lon='-109.71837569' />
  <node id='382' timestamp='2026-06-02T00:00:00Z' uid='1' user='osm_generator' visible='true' version='1' changeset='1' lat='27.07103172' lon='-109.71895156' />
  <node id='383' timestamp='2026-06-02T00:00:00Z' uid='1' user='osm_generator' visible='true' version='1' changeset='1' lat='27.07086875' lon='-109.71952759' />
  <node id='384' timestamp='2026-06-02T00:00:00Z' uid='1' user='osm_generator' visible='true' version='1' changeset='1' lat='27.0747251' lon='-109.70941331' />
  <node id='385' timestamp='2026-06-02T00:00:00Z' uid='1' user='osm_generator' visible='true' version='1' changeset='1' lat='27.07519683' lon='-109.70747402' />
  <node id='386' timestamp='2026-06-02T00:00:00Z' uid='1' user='osm_generator' visible='true' version='1' changeset='1' lat='27.07574825' lon='-109.70553472' />
  <node id='387' timestamp='2026-06-02T00:00:00Z' uid='1' user='osm_generator' visible='true' version='1' changeset='1' lat='27.07636596' lon='-109.70359543' />
  <node id='388' timestamp='2026-06-02T00:00:00Z' uid='1' user='osm_generator' visible='true' version='1' changeset='1' lat='27.07703028' lon='-109.70165613' />
  <node id='389' timestamp='2026-06-02T00:00:00Z' uid='1' user='osm_generator' visible='true' version='1' changeset='1' lat='27.06969372' lon='-109.70165613' />
  <node id='390' timestamp='2026-06-02T00:00:00Z' uid='1' user='osm_generator' visible='true' version='1' changeset='1' lat='27.06969372' lon='-109.70941331' />
  <node id='391' timestamp='2026-06-02T00:00:00Z' uid='1' user='osm_generator' visible='true' version='1' changeset='1' lat='27.07714384' lon='-109.70133292' />
  <node id='392' timestamp='2026-06-02T00:00:00Z' uid='1' user='osm_generator' visible='true' version='1' changeset='1' lat='27.07843026' lon='-109.69767401' />
  <node id='393' timestamp='2026-06-02T00:00:00Z' uid='1' user='osm_generator' visible='true' version='1' changeset='1' lat='27.07957488' lon='-109.69401511' />
  <node id='394' timestamp='2026-06-02T00:00:00Z' uid='1' user='osm_generator' visible='true' version='1' changeset='1' lat='27.08038028' lon='-109.6903562' />
  <node id='395' timestamp='2026-06-02T00:00:00Z' uid='1' user='osm_generator' visible='true' version='1' changeset='1' lat='27.08069937' lon='-109.6866973' />
  <node id='396' timestamp='2026-06-02T00:00:00Z' uid='1' user='osm_generator' visible='true' version='1' changeset='1' lat='27.06969372' lon='-109.6866973' />
  <node id='397' timestamp='2026-06-02T00:00:00Z' uid='1' user='osm_generator' visible='true' version='1' changeset='1' lat='27.06969372' lon='-109.70133292' />
  <node id='398' timestamp='2026-06-02T00:00:00Z' uid='1' user='osm_generator' visible='true' version='1' changeset='1' lat='27.06940594' lon='-109.7274427' />
  <node id='399' timestamp='2026-06-02T00:00:00Z' uid='1' user='osm_generator' visible='true' version='1' changeset='1' lat='27.06940208' lon='-109.72389196' />
  <node id='400' timestamp='2026-06-02T00:00:00Z' uid='1' user='osm_generator' visible='true' version='1' changeset='1' lat='27.06923911' lon='-109.7241939' />
  <node id='401' timestamp='2026-06-02T00:00:00Z' uid='1' user='osm_generator' visible='true' version='1' changeset='1' lat='27.06907615' lon='-109.72444086' />
  <node id='402' timestamp='2026-06-02T00:00:00Z' uid='1' user='osm_generator' visible='true' version='1' changeset='1' lat='27.06891318' lon='-109.72462977' />
  <node id='403' timestamp='2026-06-02T00:00:00Z' uid='1' user='osm_generator' visible='true' version='1' changeset='1' lat='27.06875022' lon='-109.72476449' />
  <node id='404' timestamp='2026-06-02T00:00:00Z' uid='1' user='osm_generator' visible='true' version='1' changeset='1' lat='27.06858726' lon='-109.72485045' />
  <node id='405' timestamp='2026-06-02T00:00:00Z' uid='1' user='osm_generator' visible='true' version='1' changeset='1' lat='27.06842429' lon='-109.72489306' />
  <node id='406' timestamp='2026-06-02T00:00:00Z' uid='1' user='osm_generator' visible='true' version='1' changeset='1' lat='27.06826133' lon='-109.72489774' />
  <node id='407' timestamp='2026-06-02T00:00:00Z' uid='1' user='osm_generator' visible='true' version='1' changeset='1' lat='27.06809836' lon='-109.72486991' />
  <node id='408' timestamp='2026-06-02T00:00:00Z' uid='1' user='osm_generator' visible='true' version='1' changeset='1' lat='27.0679354' lon='-109.72481499' />
  <node id='409' timestamp='2026-06-02T00:00:00Z' uid='1' user='osm_generator' visible='true' version='1' changeset='1' lat='27.06777243' lon='-109.7247384' />
  <node id='410' timestamp='2026-06-02T00:00:00Z' uid='1' user='osm_generator' visible='true' version='1' changeset='1' lat='27.06760947' lon='-109.72464555' />
  <node id='411' timestamp='2026-06-02T00:00:00Z' uid='1' user='osm_generator' visible='true' version='1' changeset='1' lat='27.06744651' lon='-109.72454186' />
  <node id='412' timestamp='2026-06-02T00:00:00Z' uid='1' user='osm_generator' visible='true' version='1' changeset='1' lat='27.06728354' lon='-109.72443275' />
  <node id='413' timestamp='2026-06-02T00:00:00Z' uid='1' user='osm_generator' visible='true' version='1' changeset='1' lat='27.06719875' lon='-109.72443275' />
  <node id='414' timestamp='2026-06-02T00:00:00Z' uid='1' user='osm_generator' visible='true' version='1' changeset='1' lat='27.06711396' lon='-109.72443275' />
  <node id='415' timestamp='2026-06-02T00:00:00Z' uid='1' user='osm_generator' visible='true' version='1' changeset='1' lat='27.06702916' lon='-109.72443275' />
  <node id='416' timestamp='2026-06-02T00:00:00Z' uid='1' user='osm_generator' visible='true' version='1' changeset='1' lat='27.06694437' lon='-109.72443275' />
  <node id='417' timestamp='2026-06-02T00:00:00Z' uid='1' user='osm_generator' visible='true' version='1' changeset='1' lat='27.06685958' lon='-109.72443275' />
  <node id='418' timestamp='2026-06-02T00:00:00Z' uid='1' user='osm_generator' visible='true' version='1' changeset='1' lat='27.06677478' lon='-109.72443275' />
  <node id='419' timestamp='2026-06-02T00:00:00Z' uid='1' user='osm_generator' visible='true' version='1' changeset='1' lat='27.06668999' lon='-109.72443275' />
  <node id='420' timestamp='2026-06-02T00:00:00Z' uid='1' user='osm_generator' visible='true' version='1' changeset='1' lat='27.0666052' lon='-109.72443275' />
  <node id='421' timestamp='2026-06-02T00:00:00Z' uid='1' user='osm_generator' visible='true' version='1' changeset='1' lat='27.0665204' lon='-109.72443275' />
  <node id='422' timestamp='2026-06-02T00:00:00Z' uid='1' user='osm_generator' visible='true' version='1' changeset='1' lat='27.06643561' lon='-109.72443275' />
  <node id='423' timestamp='2026-06-02T00:00:00Z' uid='1' user='osm_generator' visible='true' version='1' changeset='1' lat='27.06635082' lon='-109.72443275' />
  <node id='424' timestamp='2026-06-02T00:00:00Z' uid='1' user='osm_generator' visible='true' version='1' changeset='1' lat='27.06630328' lon='-109.7274427' />
  <node id='425' timestamp='2026-06-02T00:00:00Z' uid='1' user='osm_generator' visible='true' version='1' changeset='1' lat='27.06940594' lon='-109.71983703' />
  <node id='426' timestamp='2026-06-02T00:00:00Z' uid='1' user='osm_generator' visible='true' version='1' changeset='1' lat='27.06630328' lon='-109.71983703' />
  <node id='427' timestamp='2026-06-02T00:00:00Z' uid='1' user='osm_generator' visible='true' version='1' changeset='1' lat='27.06635082' lon='-109.72396813' />
  <node id='428' timestamp='2026-06-02T00:00:00Z' uid='1' user='osm_generator' visible='true' version='1' changeset='1' lat='27.06643561' lon='-109.72396813' />
  <node id='429' timestamp='2026-06-02T00:00:00Z' uid='1' user='osm_generator' visible='true' version='1' changeset='1' lat='27.0665204' lon='-109.72396813' />
  <node id='430' timestamp='2026-06-02T00:00:00Z' uid='1' user='osm_generator' visible='true' version='1' changeset='1' lat='27.0666052' lon='-109.72396813' />
  <node id='431' timestamp='2026-06-02T00:00:00Z' uid='1' user='osm_generator' visible='true' version='1' changeset='1' lat='27.06668999' lon='-109.72396813' />
  <node id='432' timestamp='2026-06-02T00:00:00Z' uid='1' user='osm_generator' visible='true' version='1' changeset='1' lat='27.06677478' lon='-109.72396813' />
  <node id='433' timestamp='2026-06-02T00:00:00Z' uid='1' user='osm_generator' visible='true' version='1' changeset='1' lat='27.06685958' lon='-109.72396813' />
  <node id='434' timestamp='2026-06-02T00:00:00Z' uid='1' user='osm_generator' visible='true' version='1' changeset='1' lat='27.06694437' lon='-109.72396813' />
  <node id='435' timestamp='2026-06-02T00:00:00Z' uid='1' user='osm_generator' visible='true' version='1' changeset='1' lat='27.06702916' lon='-109.72396813' />
  <node id='436' timestamp='2026-06-02T00:00:00Z' uid='1' user='osm_generator' visible='true' version='1' changeset='1' lat='27.06711396' lon='-109.72396813' />
  <node id='437' timestamp='2026-06-02T00:00:00Z' uid='1' user='osm_generator' visible='true' version='1' changeset='1' lat='27.06719875' lon='-109.72396813' />
  <node id='438' timestamp='2026-06-02T00:00:00Z' uid='1' user='osm_generator' visible='true' version='1' changeset='1' lat='27.06728354' lon='-109.72396813' />
  <node id='439' timestamp='2026-06-02T00:00:00Z' uid='1' user='osm_generator' visible='true' version='1' changeset='1' lat='27.06744651' lon='-109.72407724' />
  <node id='440' timestamp='2026-06-02T00:00:00Z' uid='1' user='osm_generator' visible='true' version='1' changeset='1' lat='27.06760947' lon='-109.72418092' />
  <node id='441' timestamp='2026-06-02T00:00:00Z' uid='1' user='osm_generator' visible='true' version='1' changeset='1' lat='27.06777243' lon='-109.72427377' />
  <node id='442' timestamp='2026-06-02T00:00:00Z' uid='1' user='osm_generator' visible='true' version='1' changeset='1' lat='27.0679354' lon='-109.72435037' />
  <node id='443' timestamp='2026-06-02T00:00:00Z' uid='1' user='osm_generator' visible='true' version='1' changeset='1' lat='27.06809836' lon='-109.72440529' />
  <node id='444' timestamp='2026-06-02T00:00:00Z' uid='1' user='osm_generator' visible='true' version='1' changeset='1' lat='27.06826133' lon='-109.72443312' />
  <node id='445' timestamp='2026-06-02T00:00:00Z' uid='1' user='osm_generator' visible='true' version='1' changeset='1' lat='27.06842429' lon='-109.72442844' />
  <node id='446' timestamp='2026-06-02T00:00:00Z' uid='1' user='osm_generator' visible='true' version='1' changeset='1' lat='27.06858726' lon='-109.72438583' />
  <node id='447' timestamp='2026-06-02T00:00:00Z' uid='1' user='osm_generator' visible='true' version='1' changeset='1' lat='27.06875022' lon='-109.72429987' />
  <node id='448' timestamp='2026-06-02T00:00:00Z' uid='1' user='osm_generator' visible='true' version='1' changeset='1' lat='27.06891318' lon='-109.72416515' />
  <node id='449' timestamp='2026-06-02T00:00:00Z' uid='1' user='osm_generator' visible='true' version='1' changeset='1' lat='27.06907615' lon='-109.72397624' />
  <node id='450' timestamp='2026-06-02T00:00:00Z' uid='1' user='osm_generator' visible='true' version='1' changeset='1' lat='27.06923911' lon='-109.72372928' />
  <node id='451' timestamp='2026-06-02T00:00:00Z' uid='1' user='osm_generator' visible='true' version='1' changeset='1' lat='27.06940208' lon='-109.72342734' />
  <node id='452' timestamp='2026-06-02T00:00:00Z' uid='1' user='osm_generator' visible='true' version='1' changeset='1' lat='27.06940594' lon='-109.71951381' />
  <node id='453' timestamp='2026-06-02T00:00:00Z' uid='1' user='osm_generator' visible='true' version='1' changeset='1' lat='27.06940594' lon='-109.70973653' />
  <node id='454' timestamp='2026-06-02T00:00:00Z' uid='1' user='osm_generator' visible='true' version='1' changeset='1' lat='27.06630328' lon='-109.70973653' />
  <node id='455' timestamp='2026-06-02T00:00:00Z' uid='1' user='osm_generator' visible='true' version='1' changeset='1' lat='27.06630328' lon='-109.71951381' />
  <node id='456' timestamp='2026-06-02T00:00:00Z' uid='1' user='osm_generator' visible='true' version='1' changeset='1' lat='27.06940594' lon='-109.70941331' />
  <node id='457' timestamp='2026-06-02T00:00:00Z' uid='1' user='osm_generator' visible='true' version='1' changeset='1' lat='27.06940594' lon='-109.70165613' />
  <node id='458' timestamp='2026-06-02T00:00:00Z' uid='1' user='osm_generator' visible='true' version='1' changeset='1' lat='27.06630328' lon='-109.70165613' />
  <node id='459' timestamp='2026-06-02T00:00:00Z' uid='1' user='osm_generator' visible='true' version='1' changeset='1' lat='27.06630328' lon='-109.70941331' />
  <node id='460' timestamp='2026-06-02T00:00:00Z' uid='1' user='osm_generator' visible='true' version='1' changeset='1' lat='27.06940594' lon='-109.70133292' />
  <node id='461' timestamp='2026-06-02T00:00:00Z' uid='1' user='osm_generator' visible='true' version='1' changeset='1' lat='27.06940594' lon='-109.6866973' />
  <node id='462' timestamp='2026-06-02T00:00:00Z' uid='1' user='osm_generator' visible='true' version='1' changeset='1' lat='27.06630328' lon='-109.6866973' />
  <node id='463' timestamp='2026-06-02T00:00:00Z' uid='1' user='osm_generator' visible='true' version='1' changeset='1' lat='27.06630328' lon='-109.70133292' />
  <node id='464' timestamp='2026-06-02T00:00:00Z' uid='1' user='osm_generator' visible='true' version='1' changeset='1' lat='27.06583564' lon='-109.7274427' />
  <node id='465' timestamp='2026-06-02T00:00:00Z' uid='1' user='osm_generator' visible='true' version='1' changeset='1' lat='27.06583564' lon='-109.72523069' />
  <node id='466' timestamp='2026-06-02T00:00:00Z' uid='1' user='osm_generator' visible='true' version='1' changeset='1' lat='27.06384814' lon='-109.72523069' />
  <node id='467' timestamp='2026-06-02T00:00:00Z' uid='1' user='osm_generator' visible='true' version='1' changeset='1' lat='27.06384814' lon='-109.7274427' />
  <node id='468' timestamp='2026-06-02T00:00:00Z' uid='1' user='osm_generator' visible='true' version='1' changeset='1' lat='27.06374022' lon='-109.7274427' />
  <node id='469' timestamp='2026-06-02T00:00:00Z' uid='1' user='osm_generator' visible='true' version='1' changeset='1' lat='27.06374022' lon='-109.72264496' />
  <node id='470' timestamp='2026-06-02T00:00:00Z' uid='1' user='osm_generator' visible='true' version='1' changeset='1' lat='27.06177071' lon='-109.72264496' />
  <node id='471' timestamp='2026-06-02T00:00:00Z' uid='1' user='osm_generator' visible='true' version='1' changeset='1' lat='27.06177071' lon='-109.7274427' />
  <node id='472' timestamp='2026-06-02T00:00:00Z' uid='1' user='osm_generator' visible='true' version='1' changeset='1' lat='27.06583564' lon='-109.72252376' />
  <node id='473' timestamp='2026-06-02T00:00:00Z' uid='1' user='osm_generator' visible='true' version='1' changeset='1' lat='27.06583564' lon='-109.72005924' />
  <node id='474' timestamp='2026-06-02T00:00:00Z' uid='1' user='osm_generator' visible='true' version='1' changeset='1' lat='27.06384814' lon='-109.72005924' />
  <node id='475' timestamp='2026-06-02T00:00:00Z' uid='1' user='osm_generator' visible='true' version='1' changeset='1' lat='27.06384814' lon='-109.72252376' />
  <node id='476' timestamp='2026-06-02T00:00:00Z' uid='1' user='osm_generator' visible='true' version='1' changeset='1' lat='27.06374022' lon='-109.72252376' />
  <node id='477' timestamp='2026-06-02T00:00:00Z' uid='1' user='osm_generator' visible='true' version='1' changeset='1' lat='27.06374022' lon='-109.72005924' />
  <node id='478' timestamp='2026-06-02T00:00:00Z' uid='1' user='osm_generator' visible='true' version='1' changeset='1' lat='27.06177071' lon='-109.72005924' />
  <node id='479' timestamp='2026-06-02T00:00:00Z' uid='1' user='osm_generator' visible='true' version='1' changeset='1' lat='27.06177071' lon='-109.72252376' />
  <node id='480' timestamp='2026-06-02T00:00:00Z' uid='1' user='osm_generator' visible='true' version='1' changeset='1' lat='27.06583564' lon='-109.71993803' />
  <node id='481' timestamp='2026-06-02T00:00:00Z' uid='1' user='osm_generator' visible='true' version='1' changeset='1' lat='27.06583564' lon='-109.71747351' />
  <node id='482' timestamp='2026-06-02T00:00:00Z' uid='1' user='osm_generator' visible='true' version='1' changeset='1' lat='27.06384814' lon='-109.71747351' />
  <node id='483' timestamp='2026-06-02T00:00:00Z' uid='1' user='osm_generator' visible='true' version='1' changeset='1' lat='27.06384814' lon='-109.71993803' />
  <node id='484' timestamp='2026-06-02T00:00:00Z' uid='1' user='osm_generator' visible='true' version='1' changeset='1' lat='27.06374022' lon='-109.71993803' />
  <node id='485' timestamp='2026-06-02T00:00:00Z' uid='1' user='osm_generator' visible='true' version='1' changeset='1' lat='27.06374022' lon='-109.71747351' />
  <node id='486' timestamp='2026-06-02T00:00:00Z' uid='1' user='osm_generator' visible='true' version='1' changeset='1' lat='27.06177071' lon='-109.71747351' />
  <node id='487' timestamp='2026-06-02T00:00:00Z' uid='1' user='osm_generator' visible='true' version='1' changeset='1' lat='27.06177071' lon='-109.71993803' />
  <node id='488' timestamp='2026-06-02T00:00:00Z' uid='1' user='osm_generator' visible='true' version='1' changeset='1' lat='27.06583564' lon='-109.7173523' />
  <node id='489' timestamp='2026-06-02T00:00:00Z' uid='1' user='osm_generator' visible='true' version='1' changeset='1' lat='27.06583564' lon='-109.71488778' />
  <node id='490' timestamp='2026-06-02T00:00:00Z' uid='1' user='osm_generator' visible='true' version='1' changeset='1' lat='27.06384814' lon='-109.71488778' />
  <node id='491' timestamp='2026-06-02T00:00:00Z' uid='1' user='osm_generator' visible='true' version='1' changeset='1' lat='27.06384814' lon='-109.7173523' />
  <node id='492' timestamp='2026-06-02T00:00:00Z' uid='1' user='osm_generator' visible='true' version='1' changeset='1' lat='27.06374022' lon='-109.7173523' />
  <node id='493' timestamp='2026-06-02T00:00:00Z' uid='1' user='osm_generator' visible='true' version='1' changeset='1' lat='27.06374022' lon='-109.71230206' />
  <node id='494' timestamp='2026-06-02T00:00:00Z' uid='1' user='osm_generator' visible='true' version='1' changeset='1' lat='27.06177071' lon='-109.71230206' />
  <node id='495' timestamp='2026-06-02T00:00:00Z' uid='1' user='osm_generator' visible='true' version='1' changeset='1' lat='27.06177071' lon='-109.7173523' />
  <node id='496' timestamp='2026-06-02T00:00:00Z' uid='1' user='osm_generator' visible='true' version='1' changeset='1' lat='27.06583564' lon='-109.71218085' />
  <node id='497' timestamp='2026-06-02T00:00:00Z' uid='1' user='osm_generator' visible='true' version='1' changeset='1' lat='27.06583564' lon='-109.70971633' />
  <node id='498' timestamp='2026-06-02T00:00:00Z' uid='1' user='osm_generator' visible='true' version='1' changeset='1' lat='27.06384814' lon='-109.70971633' />
  <node id='499' timestamp='2026-06-02T00:00:00Z' uid='1' user='osm_generator' visible='true' version='1' changeset='1' lat='27.06384814' lon='-109.71218085' />
  <node id='500' timestamp='2026-06-02T00:00:00Z' uid='1' user='osm_generator' visible='true' version='1' changeset='1' lat='27.06374022' lon='-109.71218085' />
  <node id='501' timestamp='2026-06-02T00:00:00Z' uid='1' user='osm_generator' visible='true' version='1' changeset='1' lat='27.06374022' lon='-109.70971633' />
  <node id='502' timestamp='2026-06-02T00:00:00Z' uid='1' user='osm_generator' visible='true' version='1' changeset='1' lat='27.06177071' lon='-109.70971633' />
  <node id='503' timestamp='2026-06-02T00:00:00Z' uid='1' user='osm_generator' visible='true' version='1' changeset='1' lat='27.06177071' lon='-109.71218085' />
  <node id='504' timestamp='2026-06-02T00:00:00Z' uid='1' user='osm_generator' visible='true' version='1' changeset='1' lat='27.06583564' lon='-109.70959512' />
  <node id='505' timestamp='2026-06-02T00:00:00Z' uid='1' user='osm_generator' visible='true' version='1' changeset='1' lat='27.06583564' lon='-109.7071306' />
  <node id='506' timestamp='2026-06-02T00:00:00Z' uid='1' user='osm_generator' visible='true' version='1' changeset='1' lat='27.06384814' lon='-109.7071306' />
  <node id='507' timestamp='2026-06-02T00:00:00Z' uid='1' user='osm_generator' visible='true' version='1' changeset='1' lat='27.06384814' lon='-109.70959512' />
  <node id='508' timestamp='2026-06-02T00:00:00Z' uid='1' user='osm_generator' visible='true' version='1' changeset='1' lat='27.06374022' lon='-109.70959512' />
  <node id='509' timestamp='2026-06-02T00:00:00Z' uid='1' user='osm_generator' visible='true' version='1' changeset='1' lat='27.06374022' lon='-109.7071306' />
  <node id='510' timestamp='2026-06-02T00:00:00Z' uid='1' user='osm_generator' visible='true' version='1' changeset='1' lat='27.06177071' lon='-109.7071306' />
  <node id='511' timestamp='2026-06-02T00:00:00Z' uid='1' user='osm_generator' visible='true' version='1' changeset='1' lat='27.06177071' lon='-109.70959512' />
  <node id='512' timestamp='2026-06-02T00:00:00Z' uid='1' user='osm_generator' visible='true' version='1' changeset='1' lat='27.06583564' lon='-109.7070094' />
  <node id='513' timestamp='2026-06-02T00:00:00Z' uid='1' user='osm_generator' visible='true' version='1' changeset='1' lat='27.06583564' lon='-109.70454488' />
  <node id='514' timestamp='2026-06-02T00:00:00Z' uid='1' user='osm_generator' visible='true' version='1' changeset='1' lat='27.06384814' lon='-109.70454488' />
  <node id='515' timestamp='2026-06-02T00:00:00Z' uid='1' user='osm_generator' visible='true' version='1' changeset='1' lat='27.06384814' lon='-109.7070094' />
  <node id='516' timestamp='2026-06-02T00:00:00Z' uid='1' user='osm_generator' visible='true' version='1' changeset='1' lat='27.06374022' lon='-109.7070094' />
  <node id='517' timestamp='2026-06-02T00:00:00Z' uid='1' user='osm_generator' visible='true' version='1' changeset='1' lat='27.06374022' lon='-109.70195915' />
  <node id='518' timestamp='2026-06-02T00:00:00Z' uid='1' user='osm_generator' visible='true' version='1' changeset='1' lat='27.06177071' lon='-109.70195915' />
  <node id='519' timestamp='2026-06-02T00:00:00Z' uid='1' user='osm_generator' visible='true' version='1' changeset='1' lat='27.06177071' lon='-109.7070094' />
  <node id='520' timestamp='2026-06-02T00:00:00Z' uid='1' user='osm_generator' visible='true' version='1' changeset='1' lat='27.06583564' lon='-109.70183794' />
  <node id='521' timestamp='2026-06-02T00:00:00Z' uid='1' user='osm_generator' visible='true' version='1' changeset='1' lat='27.06583564' lon='-109.69937342' />
  <node id='522' timestamp='2026-06-02T00:00:00Z' uid='1' user='osm_generator' visible='true' version='1' changeset='1' lat='27.06384814' lon='-109.69937342' />
  <node id='523' timestamp='2026-06-02T00:00:00Z' uid='1' user='osm_generator' visible='true' version='1' changeset='1' lat='27.06384814' lon='-109.70183794' />
  <node id='524' timestamp='2026-06-02T00:00:00Z' uid='1' user='osm_generator' visible='true' version='1' changeset='1' lat='27.06374022' lon='-109.70183794' />
  <node id='525' timestamp='2026-06-02T00:00:00Z' uid='1' user='osm_generator' visible='true' version='1' changeset='1' lat='27.06374022' lon='-109.69937342' />
  <node id='526' timestamp='2026-06-02T00:00:00Z' uid='1' user='osm_generator' visible='true' version='1' changeset='1' lat='27.06177071' lon='-109.69937342' />
  <node id='527' timestamp='2026-06-02T00:00:00Z' uid='1' user='osm_generator' visible='true' version='1' changeset='1' lat='27.06177071' lon='-109.70183794' />
  <node id='528' timestamp='2026-06-02T00:00:00Z' uid='1' user='osm_generator' visible='true' version='1' changeset='1' lat='27.06583564' lon='-109.69925222' />
  <node id='529' timestamp='2026-06-02T00:00:00Z' uid='1' user='osm_generator' visible='true' version='1' changeset='1' lat='27.06583564' lon='-109.6967877' />
  <node id='530' timestamp='2026-06-02T00:00:00Z' uid='1' user='osm_generator' visible='true' version='1' changeset='1' lat='27.06384814' lon='-109.6967877' />
  <node id='531' timestamp='2026-06-02T00:00:00Z' uid='1' user='osm_generator' visible='true' version='1' changeset='1' lat='27.06384814' lon='-109.69925222' />
  <node id='532' timestamp='2026-06-02T00:00:00Z' uid='1' user='osm_generator' visible='true' version='1' changeset='1' lat='27.06374022' lon='-109.69925222' />
  <node id='533' timestamp='2026-06-02T00:00:00Z' uid='1' user='osm_generator' visible='true' version='1' changeset='1' lat='27.06374022' lon='-109.6967877' />
  <node id='534' timestamp='2026-06-02T00:00:00Z' uid='1' user='osm_generator' visible='true' version='1' changeset='1' lat='27.06177071' lon='-109.6967877' />
  <node id='535' timestamp='2026-06-02T00:00:00Z' uid='1' user='osm_generator' visible='true' version='1' changeset='1' lat='27.06177071' lon='-109.69925222' />
  <node id='536' timestamp='2026-06-02T00:00:00Z' uid='1' user='osm_generator' visible='true' version='1' changeset='1' lat='27.06583564' lon='-109.69408076' />
  <node id='537' timestamp='2026-06-02T00:00:00Z' uid='1' user='osm_generator' visible='true' version='1' changeset='1' lat='27.06583564' lon='-109.69161624' />
  <node id='538' timestamp='2026-06-02T00:00:00Z' uid='1' user='osm_generator' visible='true' version='1' changeset='1' lat='27.06384814' lon='-109.69161624' />
  <node id='539' timestamp='2026-06-02T00:00:00Z' uid='1' user='osm_generator' visible='true' version='1' changeset='1' lat='27.06384814' lon='-109.69408076' />
  <node id='540' timestamp='2026-06-02T00:00:00Z' uid='1' user='osm_generator' visible='true' version='1' changeset='1' lat='27.06374022' lon='-109.69408076' />
  <node id='541' timestamp='2026-06-02T00:00:00Z' uid='1' user='osm_generator' visible='true' version='1' changeset='1' lat='27.06374022' lon='-109.69161624' />
  <node id='542' timestamp='2026-06-02T00:00:00Z' uid='1' user='osm_generator' visible='true' version='1' changeset='1' lat='27.06177071' lon='-109.69161624' />
  <node id='543' timestamp='2026-06-02T00:00:00Z' uid='1' user='osm_generator' visible='true' version='1' changeset='1' lat='27.06177071' lon='-109.69408076' />
  <node id='544' timestamp='2026-06-02T00:00:00Z' uid='1' user='osm_generator' visible='true' version='1' changeset='1' lat='27.06583564' lon='-109.69149504' />
  <node id='545' timestamp='2026-06-02T00:00:00Z' uid='1' user='osm_generator' visible='true' version='1' changeset='1' lat='27.06583564' lon='-109.6866973' />
  <node id='546' timestamp='2026-06-02T00:00:00Z' uid='1' user='osm_generator' visible='true' version='1' changeset='1' lat='27.06384814' lon='-109.6866973' />
  <node id='547' timestamp='2026-06-02T00:00:00Z' uid='1' user='osm_generator' visible='true' version='1' changeset='1' lat='27.06384814' lon='-109.69149504' />
  <node id='548' timestamp='2026-06-02T00:00:00Z' uid='1' user='osm_generator' visible='true' version='1' changeset='1' lat='27.06374022' lon='-109.69149504' />
  <node id='549' timestamp='2026-06-02T00:00:00Z' uid='1' user='osm_generator' visible='true' version='1' changeset='1' lat='27.06374022' lon='-109.6866973' />
  <node id='550' timestamp='2026-06-02T00:00:00Z' uid='1' user='osm_generator' visible='true' version='1' changeset='1' lat='27.06177071' lon='-109.6866973' />
  <node id='551' timestamp='2026-06-02T00:00:00Z' uid='1' user='osm_generator' visible='true' version='1' changeset='1' lat='27.06177071' lon='-109.69149504' />
  <node id='552' timestamp='2026-06-02T00:00:00Z' uid='1' user='osm_generator' visible='true' version='1' changeset='1' lat='27.09372356' lon='-109.71741291' />
  <node id='553' timestamp='2026-06-02T00:00:00Z' uid='1' user='osm_generator' visible='true' version='1' changeset='1' lat='27.09372356' lon='-109.71418075' />
  <node id='554' timestamp='2026-06-02T00:00:00Z' uid='1' user='osm_generator' visible='true' version='1' changeset='1' lat='27.08911904' lon='-109.71418075' />
  <node id='555' timestamp='2026-06-02T00:00:00Z' uid='1' user='osm_generator' visible='true' version='1' changeset='1' lat='27.08911904' lon='-109.71741291' />
  <node id='556' timestamp='2026-06-02T00:00:00Z' uid='1' user='osm_generator' visible='true' version='1' changeset='1' lat='27.09363363' lon='-109.71640286' />
  <node id='557' timestamp='2026-06-02T00:00:00Z' uid='1' user='osm_generator' visible='true' version='1' changeset='1' lat='27.09282424' lon='-109.71640286' />
  <node id='558' timestamp='2026-06-02T00:00:00Z' uid='1' user='osm_generator' visible='true' version='1' changeset='1' lat='27.09192492' lon='-109.71640286' />
  <node id='559' timestamp='2026-06-02T00:00:00Z' uid='1' user='osm_generator' visible='true' version='1' changeset='1' lat='27.0910256' lon='-109.71640286' />
  <node id='560' timestamp='2026-06-02T00:00:00Z' uid='1' user='osm_generator' visible='true' version='1' changeset='1' lat='27.09012628' lon='-109.71640286' />
  <node id='561' timestamp='2026-06-02T00:00:00Z' uid='1' user='osm_generator' visible='true' version='1' changeset='1' lat='27.08911904' lon='-109.71640286' />
  <node id='562' timestamp='2026-06-02T00:00:00Z' uid='1' user='osm_generator' visible='true' version='1' changeset='1' lat='27.09363363' lon='-109.71539281' />
  <node id='563' timestamp='2026-06-02T00:00:00Z' uid='1' user='osm_generator' visible='true' version='1' changeset='1' lat='27.09282424' lon='-109.71539281' />
  <node id='564' timestamp='2026-06-02T00:00:00Z' uid='1' user='osm_generator' visible='true' version='1' changeset='1' lat='27.09192492' lon='-109.71539281' />
  <node id='565' timestamp='2026-06-02T00:00:00Z' uid='1' user='osm_generator' visible='true' version='1' changeset='1' lat='27.0910256' lon='-109.71539281' />
  <node id='566' timestamp='2026-06-02T00:00:00Z' uid='1' user='osm_generator' visible='true' version='1' changeset='1' lat='27.09012628' lon='-109.71539281' />
  <node id='567' timestamp='2026-06-02T00:00:00Z' uid='1' user='osm_generator' visible='true' version='1' changeset='1' lat='27.08911904' lon='-109.71539281' />
  <node id='568' timestamp='2026-06-02T00:00:00Z' uid='1' user='osm_generator' visible='true' version='1' changeset='1' lat='27.09363363' lon='-109.71438276' />
  <node id='569' timestamp='2026-06-02T00:00:00Z' uid='1' user='osm_generator' visible='true' version='1' changeset='1' lat='27.09282424' lon='-109.71438276' />
  <node id='570' timestamp='2026-06-02T00:00:00Z' uid='1' user='osm_generator' visible='true' version='1' changeset='1' lat='27.09192492' lon='-109.71438276' />
  <node id='571' timestamp='2026-06-02T00:00:00Z' uid='1' user='osm_generator' visible='true' version='1' changeset='1' lat='27.0910256' lon='-109.71438276' />
  <node id='572' timestamp='2026-06-02T00:00:00Z' uid='1' user='osm_generator' visible='true' version='1' changeset='1' lat='27.09012628' lon='-109.71438276' />
  <node id='573' timestamp='2026-06-02T00:00:00Z' uid='1' user='osm_generator' visible='true' version='1' changeset='1' lat='27.08911904' lon='-109.71438276' />
  <node id='574' timestamp='2026-06-02T00:00:00Z' uid='1' user='osm_generator' visible='true' version='1' changeset='1' lat='27.09282424' lon='-109.7173119' />
  <node id='575' timestamp='2026-06-02T00:00:00Z' uid='1' user='osm_generator' visible='true' version='1' changeset='1' lat='27.09282424' lon='-109.71418075' />
  <node id='576' timestamp='2026-06-02T00:00:00Z' uid='1' user='osm_generator' visible='true' version='1' changeset='1' lat='27.09192492' lon='-109.7173119' />
  <node id='577' timestamp='2026-06-02T00:00:00Z' uid='1' user='osm_generator' visible='true' version='1' changeset='1' lat='27.09192492' lon='-109.71418075' />
  <node id='578' timestamp='2026-06-02T00:00:00Z' uid='1' user='osm_generator' visible='true' version='1' changeset='1' lat='27.0910256' lon='-109.7173119' />
  <node id='579' timestamp='2026-06-02T00:00:00Z' uid='1' user='osm_generator' visible='true' version='1' changeset='1' lat='27.0910256' lon='-109.71418075' />
  <node id='580' timestamp='2026-06-02T00:00:00Z' uid='1' user='osm_generator' visible='true' version='1' changeset='1' lat='27.09012628' lon='-109.7173119' />
  <node id='581' timestamp='2026-06-02T00:00:00Z' uid='1' user='osm_generator' visible='true' version='1' changeset='1' lat='27.09012628' lon='-109.71418075' />
  <node id='582' timestamp='2026-06-02T00:00:00Z' uid='1' user='osm_generator' visible='true' version='1' changeset='1' lat='27.0658896' lon='-109.69656548' />
  <node id='583' timestamp='2026-06-02T00:00:00Z' uid='1' user='osm_generator' visible='true' version='1' changeset='1' lat='27.0658896' lon='-109.69426257' />
  <node id='584' timestamp='2026-06-02T00:00:00Z' uid='1' user='osm_generator' visible='true' version='1' changeset='1' lat='27.06167178' lon='-109.69426257' />
  <node id='585' timestamp='2026-06-02T00:00:00Z' uid='1' user='osm_generator' visible='true' version='1' changeset='1' lat='27.06167178' lon='-109.69656548' />
  <node id='586' timestamp='2026-06-02T00:00:00Z' uid='1' user='osm_generator' visible='true' version='1' changeset='1' lat='27.09811224' lon='-109.71987743' />
  <node id='587' timestamp='2026-06-02T00:00:00Z' uid='1' user='osm_generator' visible='true' version='1' changeset='1' lat='27.09811224' lon='-109.71757452' />
  <node id='588' timestamp='2026-06-02T00:00:00Z' uid='1' user='osm_generator' visible='true' version='1' changeset='1' lat='27.0939304' lon='-109.71757452' />
  <node id='589' timestamp='2026-06-02T00:00:00Z' uid='1' user='osm_generator' visible='true' version='1' changeset='1' lat='27.0939304' lon='-109.71987743' />
  <node id='590' timestamp='2026-06-02T00:00:00Z' uid='1' user='osm_generator' visible='true' version='1' changeset='1' lat='27.0959179' lon='-109.71470597' />
  <node id='591' timestamp='2026-06-02T00:00:00Z' uid='1' user='osm_generator' visible='true' version='1' changeset='1' lat='27.0959179' lon='-109.71236266' />
  <node id='592' timestamp='2026-06-02T00:00:00Z' uid='1' user='osm_generator' visible='true' version='1' changeset='1' lat='27.0939304' lon='-109.71236266' />
  <node id='593' timestamp='2026-06-02T00:00:00Z' uid='1' user='osm_generator' visible='true' version='1' changeset='1' lat='27.0939304' lon='-109.71470597' />
  <node id='594' timestamp='2026-06-02T00:00:00Z' uid='1' user='osm_generator' visible='true' version='1' changeset='1' lat='27.0959179' lon='-109.70436307' />
  <node id='595' timestamp='2026-06-02T00:00:00Z' uid='1' user='osm_generator' visible='true' version='1' changeset='1' lat='27.0959179' lon='-109.70201975' />
  <node id='596' timestamp='2026-06-02T00:00:00Z' uid='1' user='osm_generator' visible='true' version='1' changeset='1' lat='27.0939304' lon='-109.70201975' />
  <node id='597' timestamp='2026-06-02T00:00:00Z' uid='1' user='osm_generator' visible='true' version='1' changeset='1' lat='27.0939304' lon='-109.70436307' />
  <node id='598' timestamp='2026-06-02T00:00:00Z' uid='1' user='osm_generator' visible='true' version='1' changeset='1' lat='27.0959179' lon='-109.69402016' />
  <node id='599' timestamp='2026-06-02T00:00:00Z' uid='1' user='osm_generator' visible='true' version='1' changeset='1' lat='27.0959179' lon='-109.69167684' />
  <node id='600' timestamp='2026-06-02T00:00:00Z' uid='1' user='osm_generator' visible='true' version='1' changeset='1' lat='27.0939304' lon='-109.69167684' />
  <node id='601' timestamp='2026-06-02T00:00:00Z' uid='1' user='osm_generator' visible='true' version='1' changeset='1' lat='27.0939304' lon='-109.69402016' />
  <node id='602' timestamp='2026-06-02T00:00:00Z' uid='1' user='osm_generator' visible='true' version='1' changeset='1' lat='27.0658896' lon='-109.72504888' />
  <node id='603' timestamp='2026-06-02T00:00:00Z' uid='1' user='osm_generator' visible='true' version='1' changeset='1' lat='27.0658896' lon='-109.72270557' />
  <node id='604' timestamp='2026-06-02T00:00:00Z' uid='1' user='osm_generator' visible='true' version='1' changeset='1' lat='27.0639021' lon='-109.72270557' />
  <node id='605' timestamp='2026-06-02T00:00:00Z' uid='1' user='osm_generator' visible='true' version='1' changeset='1' lat='27.0639021' lon='-109.72504888' />
  <node id='606' timestamp='2026-06-02T00:00:00Z' uid='1' user='osm_generator' visible='true' version='1' changeset='1' lat='27.0658896' lon='-109.71470597' />
  <node id='607' timestamp='2026-06-02T00:00:00Z' uid='1' user='osm_generator' visible='true' version='1' changeset='1' lat='27.0658896' lon='-109.71236266' />
  <node id='608' timestamp='2026-06-02T00:00:00Z' uid='1' user='osm_generator' visible='true' version='1' changeset='1' lat='27.0639021' lon='-109.71236266' />
  <node id='609' timestamp='2026-06-02T00:00:00Z' uid='1' user='osm_generator' visible='true' version='1' changeset='1' lat='27.0639021' lon='-109.71470597' />
  <node id='610' timestamp='2026-06-02T00:00:00Z' uid='1' user='osm_generator' visible='true' version='1' changeset='1' lat='27.0658896' lon='-109.70436307' />
  <node id='611' timestamp='2026-06-02T00:00:00Z' uid='1' user='osm_generator' visible='true' version='1' changeset='1' lat='27.0658896' lon='-109.70201975' />
  <node id='612' timestamp='2026-06-02T00:00:00Z' uid='1' user='osm_generator' visible='true' version='1' changeset='1' lat='27.0639021' lon='-109.70201975' />
  <node id='613' timestamp='2026-06-02T00:00:00Z' uid='1' user='osm_generator' visible='true' version='1' changeset='1' lat='27.0639021' lon='-109.70436307' />
  <node id='614' timestamp='2026-06-02T00:00:00Z' uid='1' user='osm_generator' visible='true' version='1' changeset='1' lat='27.08080932' lon='-109.72725079' />
  <node id='615' timestamp='2026-06-02T00:00:00Z' uid='1' user='osm_generator' visible='true' version='1' changeset='1' lat='27.08080941' lon='-109.72624074' />
  <node id='616' timestamp='2026-06-02T00:00:00Z' uid='1' user='osm_generator' visible='true' version='1' changeset='1' lat='27.08080995' lon='-109.72523069' />
  <node id='617' timestamp='2026-06-02T00:00:00Z' uid='1' user='osm_generator' visible='true' version='1' changeset='1' lat='27.08081166' lon='-109.72422064' />
  <node id='618' timestamp='2026-06-02T00:00:00Z' uid='1' user='osm_generator' visible='true' version='1' changeset='1' lat='27.08081562' lon='-109.72321059' />
  <node id='619' timestamp='2026-06-02T00:00:00Z' uid='1' user='osm_generator' visible='true' version='1' changeset='1' lat='27.08082317' lon='-109.72220054' />
  <node id='620' timestamp='2026-06-02T00:00:00Z' uid='1' user='osm_generator' visible='true' version='1' changeset='1' lat='27.08083594' lon='-109.72119049' />
  <node id='621' timestamp='2026-06-02T00:00:00Z' uid='1' user='osm_generator' visible='true' version='1' changeset='1' lat='27.08085591' lon='-109.72018044' />
  <node id='622' timestamp='2026-06-02T00:00:00Z' uid='1' user='osm_generator' visible='true' version='1' changeset='1' lat='27.08088495' lon='-109.71917039' />
  <node id='623' timestamp='2026-06-02T00:00:00Z' uid='1' user='osm_generator' visible='true' version='1' changeset='1' lat='27.08092533' lon='-109.71816034' />
  <node id='624' timestamp='2026-06-02T00:00:00Z' uid='1' user='osm_generator' visible='true' version='1' changeset='1' lat='27.08097902' lon='-109.71715029' />
  <node id='625' timestamp='2026-06-02T00:00:00Z' uid='1' user='osm_generator' visible='true' version='1' changeset='1' lat='27.08104818' lon='-109.71614025' />
  <node id='626' timestamp='2026-06-02T00:00:00Z' uid='1' user='osm_generator' visible='true' version='1' changeset='1' lat='27.08113487' lon='-109.7151302' />
  <node id='627' timestamp='2026-06-02T00:00:00Z' uid='1' user='osm_generator' visible='true' version='1' changeset='1' lat='27.0812409' lon='-109.71412015' />
  <node id='628' timestamp='2026-06-02T00:00:00Z' uid='1' user='osm_generator' visible='true' version='1' changeset='1' lat='27.08136789' lon='-109.7131101' />
  <node id='629' timestamp='2026-06-02T00:00:00Z' uid='1' user='osm_generator' visible='true' version='1' changeset='1' lat='27.081517' lon='-109.71210005' />
  <node id='630' timestamp='2026-06-02T00:00:00Z' uid='1' user='osm_generator' visible='true' version='1' changeset='1' lat='27.08168931' lon='-109.71109' />
  <node id='631' timestamp='2026-06-02T00:00:00Z' uid='1' user='osm_generator' visible='true' version='1' changeset='1' lat='27.08188527' lon='-109.71007995' />
  <node id='632' timestamp='2026-06-02T00:00:00Z' uid='1' user='osm_generator' visible='true' version='1' changeset='1' lat='27.08210488' lon='-109.7090699' />
  <node id='633' timestamp='2026-06-02T00:00:00Z' uid='1' user='osm_generator' visible='true' version='1' changeset='1' lat='27.08234797' lon='-109.70805985' />
  <node id='634' timestamp='2026-06-02T00:00:00Z' uid='1' user='osm_generator' visible='true' version='1' changeset='1' lat='27.08261345' lon='-109.7070498' />
  <node id='635' timestamp='2026-06-02T00:00:00Z' uid='1' user='osm_generator' visible='true' version='1' changeset='1' lat='27.08290006' lon='-109.70603975' />
  <node id='636' timestamp='2026-06-02T00:00:00Z' uid='1' user='osm_generator' visible='true' version='1' changeset='1' lat='27.08320592' lon='-109.7050297' />
  <node id='637' timestamp='2026-06-02T00:00:00Z' uid='1' user='osm_generator' visible='true' version='1' changeset='1' lat='27.0835286' lon='-109.70401965' />
  <node id='638' timestamp='2026-06-02T00:00:00Z' uid='1' user='osm_generator' visible='true' version='1' changeset='1' lat='27.0838653' lon='-109.7030096' />
  <node id='639' timestamp='2026-06-02T00:00:00Z' uid='1' user='osm_generator' visible='true' version='1' changeset='1' lat='27.0842128' lon='-109.70199955' />
  <node id='640' timestamp='2026-06-02T00:00:00Z' uid='1' user='osm_generator' visible='true' version='1' changeset='1' lat='27.08456749' lon='-109.7009895' />
  <node id='641' timestamp='2026-06-02T00:00:00Z' uid='1' user='osm_generator' visible='true' version='1' changeset='1' lat='27.08492551' lon='-109.69997945' />
  <node id='642' timestamp='2026-06-02T00:00:00Z' uid='1' user='osm_generator' visible='true' version='1' changeset='1' lat='27.08528272' lon='-109.6989694' />
  <node id='643' timestamp='2026-06-02T00:00:00Z' uid='1' user='osm_generator' visible='true' version='1' changeset='1' lat='27.0856348' lon='-109.69795935' />
  <node id='644' timestamp='2026-06-02T00:00:00Z' uid='1' user='osm_generator' visible='true' version='1' changeset='1' lat='27.08597735' lon='-109.6969493' />
  <node id='645' timestamp='2026-06-02T00:00:00Z' uid='1' user='osm_generator' visible='true' version='1' changeset='1' lat='27.08630579' lon='-109.69593925' />
  <node id='646' timestamp='2026-06-02T00:00:00Z' uid='1' user='osm_generator' visible='true' version='1' changeset='1' lat='27.08661596' lon='-109.6949292' />
  <node id='647' timestamp='2026-06-02T00:00:00Z' uid='1' user='osm_generator' visible='true' version='1' changeset='1' lat='27.08690356' lon='-109.69391915' />
  <node id='648' timestamp='2026-06-02T00:00:00Z' uid='1' user='osm_generator' visible='true' version='1' changeset='1' lat='27.08716473' lon='-109.69290911' />
  <node id='649' timestamp='2026-06-02T00:00:00Z' uid='1' user='osm_generator' visible='true' version='1' changeset='1' lat='27.08739558' lon='-109.69189906' />
  <node id='650' timestamp='2026-06-02T00:00:00Z' uid='1' user='osm_generator' visible='true' version='1' changeset='1' lat='27.08759307' lon='-109.69088901' />
  <node id='651' timestamp='2026-06-02T00:00:00Z' uid='1' user='osm_generator' visible='true' version='1' changeset='1' lat='27.08775423' lon='-109.68987896' />
  <node id='652' timestamp='2026-06-02T00:00:00Z' uid='1' user='osm_generator' visible='true' version='1' changeset='1' lat='27.08787681' lon='-109.68886891' />
  <node id='653' timestamp='2026-06-02T00:00:00Z' uid='1' user='osm_generator' visible='true' version='1' changeset='1' lat='27.08795892' lon='-109.68785886' />
  <node id='654' timestamp='2026-06-02T00:00:00Z' uid='1' user='osm_generator' visible='true' version='1' changeset='1' lat='27.08799858' lon='-109.68688921' />
  <node id='655' timestamp='2026-06-02T00:00:00Z' uid='1' user='osm_generator' visible='true' version='1' changeset='1' lat='27.08080401' lon='-109.68688921' />
  <node id='656' timestamp='2026-06-02T00:00:00Z' uid='1' user='osm_generator' visible='true' version='1' changeset='1' lat='27.08076435' lon='-109.68785886' />
  <node id='657' timestamp='2026-06-02T00:00:00Z' uid='1' user='osm_generator' visible='true' version='1' changeset='1' lat='27.08068225' lon='-109.68886891' />
  <node id='658' timestamp='2026-06-02T00:00:00Z' uid='1' user='osm_generator' visible='true' version='1' changeset='1' lat='27.08055967' lon='-109.68987896' />
  <node id='659' timestamp='2026-06-02T00:00:00Z' uid='1' user='osm_generator' visible='true' version='1' changeset='1' lat='27.08039851' lon='-109.69088901' />
  <node id='660' timestamp='2026-06-02T00:00:00Z' uid='1' user='osm_generator' visible='true' version='1' changeset='1' lat='27.08020102' lon='-109.69189906' />
  <node id='661' timestamp='2026-06-02T00:00:00Z' uid='1' user='osm_generator' visible='true' version='1' changeset='1' lat='27.07997016' lon='-109.69290911' />
  <node id='662' timestamp='2026-06-02T00:00:00Z' uid='1' user='osm_generator' visible='true' version='1' changeset='1' lat='27.079709' lon='-109.69391915' />
  <node id='663' timestamp='2026-06-02T00:00:00Z' uid='1' user='osm_generator' visible='true' version='1' changeset='1' lat='27.0794214' lon='-109.6949292' />
  <node id='664' timestamp='2026-06-02T00:00:00Z' uid='1' user='osm_generator' visible='true' version='1' changeset='1' lat='27.07911122' lon='-109.69593925' />
  <node id='665' timestamp='2026-06-02T00:00:00Z' uid='1' user='osm_generator' visible='true' version='1' changeset='1' lat='27.07878279' lon='-109.6969493' />
  <node id='666' timestamp='2026-06-02T00:00:00Z' uid='1' user='osm_generator' visible='true' version='1' changeset='1' lat='27.07844024' lon='-109.69795935' />
  <node id='667' timestamp='2026-06-02T00:00:00Z' uid='1' user='osm_generator' visible='true' version='1' changeset='1' lat='27.07808816' lon='-109.6989694' />
  <node id='668' timestamp='2026-06-02T00:00:00Z' uid='1' user='osm_generator' visible='true' version='1' changeset='1' lat='27.07773095' lon='-109.69997945' />
  <node id='669' timestamp='2026-06-02T00:00:00Z' uid='1' user='osm_generator' visible='true' version='1' changeset='1' lat='27.07737293' lon='-109.7009895' />
  <node id='670' timestamp='2026-06-02T00:00:00Z' uid='1' user='osm_generator' visible='true' version='1' changeset='1' lat='27.07701824' lon='-109.70199955' />
  <node id='671' timestamp='2026-06-02T00:00:00Z' uid='1' user='osm_generator' visible='true' version='1' changeset='1' lat='27.07667074' lon='-109.7030096' />
  <node id='672' timestamp='2026-06-02T00:00:00Z' uid='1' user='osm_generator' visible='true' version='1' changeset='1' lat='27.07633403' lon='-109.70401965' />
  <node id='673' timestamp='2026-06-02T00:00:00Z' uid='1' user='osm_generator' visible='true' version='1' changeset='1' lat='27.07601136' lon='-109.7050297' />
  <node id='674' timestamp='2026-06-02T00:00:00Z' uid='1' user='osm_generator' visible='true' version='1' changeset='1' lat='27.0757055' lon='-109.70603975' />
  <node id='675' timestamp='2026-06-02T00:00:00Z' uid='1' user='osm_generator' visible='true' version='1' changeset='1' lat='27.07541888' lon='-109.7070498' />
  <node id='676' timestamp='2026-06-02T00:00:00Z' uid='1' user='osm_generator' visible='true' version='1' changeset='1' lat='27.0751534' lon='-109.70805985' />
  <node id='677' timestamp='2026-06-02T00:00:00Z' uid='1' user='osm_generator' visible='true' version='1' changeset='1' lat='27.07491032' lon='-109.7090699' />
  <node id='678' timestamp='2026-06-02T00:00:00Z' uid='1' user='osm_generator' visible='true' version='1' changeset='1' lat='27.0746907' lon='-109.71007995' />
  <node id='679' timestamp='2026-06-02T00:00:00Z' uid='1' user='osm_generator' visible='true' version='1' changeset='1' lat='27.07449474' lon='-109.71109' />
  <node id='680' timestamp='2026-06-02T00:00:00Z' uid='1' user='osm_generator' visible='true' version='1' changeset='1' lat='27.07432243' lon='-109.71210005' />
  <node id='681' timestamp='2026-06-02T00:00:00Z' uid='1' user='osm_generator' visible='true' version='1' changeset='1' lat='27.07417333' lon='-109.7131101' />
  <node id='682' timestamp='2026-06-02T00:00:00Z' uid='1' user='osm_generator' visible='true' version='1' changeset='1' lat='27.07404634' lon='-109.71412015' />
  <node id='683' timestamp='2026-06-02T00:00:00Z' uid='1' user='osm_generator' visible='true' version='1' changeset='1' lat='27.07394031' lon='-109.7151302' />
  <node id='684' timestamp='2026-06-02T00:00:00Z' uid='1' user='osm_generator' visible='true' version='1' changeset='1' lat='27.07385362' lon='-109.71614025' />
  <node id='685' timestamp='2026-06-02T00:00:00Z' uid='1' user='osm_generator' visible='true' version='1' changeset='1' lat='27.07378446' lon='-109.71715029' />
  <node id='686' timestamp='2026-06-02T00:00:00Z' uid='1' user='osm_generator' visible='true' version='1' changeset='1' lat='27.07373077' lon='-109.71816034' />
  <node id='687' timestamp='2026-06-02T00:00:00Z' uid='1' user='osm_generator' visible='true' version='1' changeset='1' lat='27.07369039' lon='-109.71917039' />
  <node id='688' timestamp='2026-06-02T00:00:00Z' uid='1' user='osm_generator' visible='true' version='1' changeset='1' lat='27.07366134' lon='-109.72018044' />
  <node id='689' timestamp='2026-06-02T00:00:00Z' uid='1' user='osm_generator' visible='true' version='1' changeset='1' lat='27.07364138' lon='-109.72119049' />
  <node id='690' timestamp='2026-06-02T00:00:00Z' uid='1' user='osm_generator' visible='true' version='1' changeset='1' lat='27.07362861' lon='-109.72220054' />
  <node id='691' timestamp='2026-06-02T00:00:00Z' uid='1' user='osm_generator' visible='true' version='1' changeset='1' lat='27.07362105' lon='-109.72321059' />
  <node id='692' timestamp='2026-06-02T00:00:00Z' uid='1' user='osm_generator' visible='true' version='1' changeset='1' lat='27.0736171' lon='-109.72422064' />
  <node id='693' timestamp='2026-06-02T00:00:00Z' uid='1' user='osm_generator' visible='true' version='1' changeset='1' lat='27.07361539' lon='-109.72523069' />
  <node id='694' timestamp='2026-06-02T00:00:00Z' uid='1' user='osm_generator' visible='true' version='1' changeset='1' lat='27.07361485' lon='-109.72624074' />
  <node id='695' timestamp='2026-06-02T00:00:00Z' uid='1' user='osm_generator' visible='true' version='1' changeset='1' lat='27.07361476' lon='-109.72725079' />
  <node id='696' timestamp='2026-06-02T00:00:00Z' uid='1' user='osm_generator' visible='true' version='1' changeset='1' lat='27.09372356' lon='-109.72775582' />
  <node id='697' timestamp='2026-06-02T00:00:00Z' uid='1' user='osm_generator' visible='true' version='1' changeset='1' lat='27.09372356' lon='-109.71640286' />
  <node id='698' timestamp='2026-06-02T00:00:00Z' uid='1' user='osm_generator' visible='true' version='1' changeset='1' lat='27.09372356' lon='-109.71539281' />
  <node id='699' timestamp='2026-06-02T00:00:00Z' uid='1' user='osm_generator' visible='true' version='1' changeset='1' lat='27.09372356' lon='-109.71438276' />
  <node id='700' timestamp='2026-06-02T00:00:00Z' uid='1' user='osm_generator' visible='true' version='1' changeset='1' lat='27.09372356' lon='-109.68985876' />
  <node id='701' timestamp='2026-06-02T00:00:00Z' uid='1' user='osm_generator' visible='true' version='1' changeset='1' lat='27.09372356' lon='-109.68638418' />
  <node id='702' timestamp='2026-06-02T00:00:00Z' uid='1' user='osm_generator' visible='true' version='1' changeset='1' lat='27.06609644' lon='-109.72775582' />
  <node id='703' timestamp='2026-06-02T00:00:00Z' uid='1' user='osm_generator' visible='true' version='1' changeset='1' lat='27.06609644' lon='-109.72420044' />
  <node id='704' timestamp='2026-06-02T00:00:00Z' uid='1' user='osm_generator' visible='true' version='1' changeset='1' lat='27.06609644' lon='-109.71640286' />
  <node id='705' timestamp='2026-06-02T00:00:00Z' uid='1' user='osm_generator' visible='true' version='1' changeset='1' lat='27.06609644' lon='-109.71539281' />
  <node id='706' timestamp='2026-06-02T00:00:00Z' uid='1' user='osm_generator' visible='true' version='1' changeset='1' lat='27.06609644' lon='-109.71438276' />
  <node id='707' timestamp='2026-06-02T00:00:00Z' uid='1' user='osm_generator' visible='true' version='1' changeset='1' lat='27.06609644' lon='-109.68638418' />
  <node id='708' timestamp='2026-06-02T00:00:00Z' uid='1' user='osm_generator' visible='true' version='1' changeset='1' lat='27.09356939' lon='-109.68985876' />
  <node id='709' timestamp='2026-06-02T00:00:00Z' uid='1' user='osm_generator' visible='true' version='1' changeset='1' lat='27.09341522' lon='-109.68985876' />
  <node id='710' timestamp='2026-06-02T00:00:00Z' uid='1' user='osm_generator' visible='true' version='1' changeset='1' lat='27.09326105' lon='-109.68985876' />
  <node id='711' timestamp='2026-06-02T00:00:00Z' uid='1' user='osm_generator' visible='true' version='1' changeset='1' lat='27.09310688' lon='-109.68985876' />
  <node id='712' timestamp='2026-06-02T00:00:00Z' uid='1' user='osm_generator' visible='true' version='1' changeset='1' lat='27.09295271' lon='-109.68985876' />
  <node id='713' timestamp='2026-06-02T00:00:00Z' uid='1' user='osm_generator' visible='true' version='1' changeset='1' lat='27.09279855' lon='-109.68985876' />
  <node id='714' timestamp='2026-06-02T00:00:00Z' uid='1' user='osm_generator' visible='true' version='1' changeset='1' lat='27.09264438' lon='-109.68985876' />
  <node id='715' timestamp='2026-06-02T00:00:00Z' uid='1' user='osm_generator' visible='true' version='1' changeset='1' lat='27.09249021' lon='-109.68985876' />
  <node id='716' timestamp='2026-06-02T00:00:00Z' uid='1' user='osm_generator' visible='true' version='1' changeset='1' lat='27.09233604' lon='-109.68985876' />
  <node id='717' timestamp='2026-06-02T00:00:00Z' uid='1' user='osm_generator' visible='true' version='1' changeset='1' lat='27.09218187' lon='-109.68985876' />
  <node id='718' timestamp='2026-06-02T00:00:00Z' uid='1' user='osm_generator' visible='true' version='1' changeset='1' lat='27.0920277' lon='-109.68985876' />
  <node id='719' timestamp='2026-06-02T00:00:00Z' uid='1' user='osm_generator' visible='true' version='1' changeset='1' lat='27.09187353' lon='-109.68985876' />
  <node id='720' timestamp='2026-06-02T00:00:00Z' uid='1' user='osm_generator' visible='true' version='1' changeset='1' lat='27.09171936' lon='-109.68985876' />
  <node id='721' timestamp='2026-06-02T00:00:00Z' uid='1' user='osm_generator' visible='true' version='1' changeset='1' lat='27.09156519' lon='-109.68985876' />
  <node id='722' timestamp='2026-06-02T00:00:00Z' uid='1' user='osm_generator' visible='true' version='1' changeset='1' lat='27.09140223' lon='-109.68980074' />
  <node id='723' timestamp='2026-06-02T00:00:00Z' uid='1' user='osm_generator' visible='true' version='1' changeset='1' lat='27.09123926' lon='-109.6897456' />
  <node id='724' timestamp='2026-06-02T00:00:00Z' uid='1' user='osm_generator' visible='true' version='1' changeset='1' lat='27.0910763' lon='-109.68969623' />
  <node id='725' timestamp='2026-06-02T00:00:00Z' uid='1' user='osm_generator' visible='true' version='1' changeset='1' lat='27.09091334' lon='-109.6896555' />
  <node id='726' timestamp='2026-06-02T00:00:00Z' uid='1' user='osm_generator' visible='true' version='1' changeset='1' lat='27.09075037' lon='-109.68962629' />
  <node id='727' timestamp='2026-06-02T00:00:00Z' uid='1' user='osm_generator' visible='true' version='1' changeset='1' lat='27.09058741' lon='-109.68961149' />
  <node id='728' timestamp='2026-06-02T00:00:00Z' uid='1' user='osm_generator' visible='true' version='1' changeset='1' lat='27.09042444' lon='-109.68961398' />
  <node id='729' timestamp='2026-06-02T00:00:00Z' uid='1' user='osm_generator' visible='true' version='1' changeset='1' lat='27.09026148' lon='-109.68963664' />
  <node id='730' timestamp='2026-06-02T00:00:00Z' uid='1' user='osm_generator' visible='true' version='1' changeset='1' lat='27.09009851' lon='-109.68968235' />
  <node id='731' timestamp='2026-06-02T00:00:00Z' uid='1' user='osm_generator' visible='true' version='1' changeset='1' lat='27.08993555' lon='-109.68975399' />
  <node id='732' timestamp='2026-06-02T00:00:00Z' uid='1' user='osm_generator' visible='true' version='1' changeset='1' lat='27.08977259' lon='-109.68985444' />
  <node id='733' timestamp='2026-06-02T00:00:00Z' uid='1' user='osm_generator' visible='true' version='1' changeset='1' lat='27.08960962' lon='-109.68998601' />
  <node id='734' timestamp='2026-06-02T00:00:00Z' uid='1' user='osm_generator' visible='true' version='1' changeset='1' lat='27.08944666' lon='-109.6901484' />
  <node id='735' timestamp='2026-06-02T00:00:00Z' uid='1' user='osm_generator' visible='true' version='1' changeset='1' lat='27.08928369' lon='-109.69034059' />
  <node id='736' timestamp='2026-06-02T00:00:00Z' uid='1' user='osm_generator' visible='true' version='1' changeset='1' lat='27.08912073' lon='-109.69056157' />
  <node id='737' timestamp='2026-06-02T00:00:00Z' uid='1' user='osm_generator' visible='true' version='1' changeset='1' lat='27.08895777' lon='-109.69081032' />
  <node id='738' timestamp='2026-06-02T00:00:00Z' uid='1' user='osm_generator' visible='true' version='1' changeset='1' lat='27.0887948' lon='-109.69108581' />
  <node id='739' timestamp='2026-06-02T00:00:00Z' uid='1' user='osm_generator' visible='true' version='1' changeset='1' lat='27.08863184' lon='-109.69138705' />
  <node id='740' timestamp='2026-06-02T00:00:00Z' uid='1' user='osm_generator' visible='true' version='1' changeset='1' lat='27.08846887' lon='-109.691713' />
  <node id='741' timestamp='2026-06-02T00:00:00Z' uid='1' user='osm_generator' visible='true' version='1' changeset='1' lat='27.08830591' lon='-109.69206264' />
  <node id='742' timestamp='2026-06-02T00:00:00Z' uid='1' user='osm_generator' visible='true' version='1' changeset='1' lat='27.08814295' lon='-109.69243497' />
  <node id='743' timestamp='2026-06-02T00:00:00Z' uid='1' user='osm_generator' visible='true' version='1' changeset='1' lat='27.08797998' lon='-109.69282897' />
  <node id='744' timestamp='2026-06-02T00:00:00Z' uid='1' user='osm_generator' visible='true' version='1' changeset='1' lat='27.08781702' lon='-109.69324361' />
  <node id='745' timestamp='2026-06-02T00:00:00Z' uid='1' user='osm_generator' visible='true' version='1' changeset='1' lat='27.08765405' lon='-109.69367788' />
  <node id='746' timestamp='2026-06-02T00:00:00Z' uid='1' user='osm_generator' visible='true' version='1' changeset='1' lat='27.08749109' lon='-109.69413077' />
  <node id='747' timestamp='2026-06-02T00:00:00Z' uid='1' user='osm_generator' visible='true' version='1' changeset='1' lat='27.08732813' lon='-109.69460125' />
  <node id='748' timestamp='2026-06-02T00:00:00Z' uid='1' user='osm_generator' visible='true' version='1' changeset='1' lat='27.08716516' lon='-109.6950883' />
  <node id='749' timestamp='2026-06-02T00:00:00Z' uid='1' user='osm_generator' visible='true' version='1' changeset='1' lat='27.0870022' lon='-109.69559092' />
  <node id='750' timestamp='2026-06-02T00:00:00Z' uid='1' user='osm_generator' visible='true' version='1' changeset='1' lat='27.08683923' lon='-109.69610808' />
  <node id='751' timestamp='2026-06-02T00:00:00Z' uid='1' user='osm_generator' visible='true' version='1' changeset='1' lat='27.08667627' lon='-109.69663877' />
  <node id='752' timestamp='2026-06-02T00:00:00Z' uid='1' user='osm_generator' visible='true' version='1' changeset='1' lat='27.0865133' lon='-109.69718196' />
  <node id='753' timestamp='2026-06-02T00:00:00Z' uid='1' user='osm_generator' visible='true' version='1' changeset='1' lat='27.08635034' lon='-109.69773664' />
  <node id='754' timestamp='2026-06-02T00:00:00Z' uid='1' user='osm_generator' visible='true' version='1' changeset='1' lat='27.08618738' lon='-109.6983018' />
  <node id='755' timestamp='2026-06-02T00:00:00Z' uid='1' user='osm_generator' visible='true' version='1' changeset='1' lat='27.08602441' lon='-109.69887641' />
  <node id='756' timestamp='2026-06-02T00:00:00Z' uid='1' user='osm_generator' visible='true' version='1' changeset='1' lat='27.08586145' lon='-109.69945946' />
  <node id='757' timestamp='2026-06-02T00:00:00Z' uid='1' user='osm_generator' visible='true' version='1' changeset='1' lat='27.08569848' lon='-109.70004993' />
  <node id='758' timestamp='2026-06-02T00:00:00Z' uid='1' user='osm_generator' visible='true' version='1' changeset='1' lat='27.08553552' lon='-109.70064681' />
  <node id='759' timestamp='2026-06-02T00:00:00Z' uid='1' user='osm_generator' visible='true' version='1' changeset='1' lat='27.08537256' lon='-109.70124907' />
  <node id='760' timestamp='2026-06-02T00:00:00Z' uid='1' user='osm_generator' visible='true' version='1' changeset='1' lat='27.08520959' lon='-109.7018557' />
  <node id='761' timestamp='2026-06-02T00:00:00Z' uid='1' user='osm_generator' visible='true' version='1' changeset='1' lat='27.08504663' lon='-109.70246568' />
  <node id='762' timestamp='2026-06-02T00:00:00Z' uid='1' user='osm_generator' visible='true' version='1' changeset='1' lat='27.08488366' lon='-109.703078' />
  <node id='763' timestamp='2026-06-02T00:00:00Z' uid='1' user='osm_generator' visible='true' version='1' changeset='1' lat='27.0847207' lon='-109.70369163' />
  <node id='764' timestamp='2026-06-02T00:00:00Z' uid='1' user='osm_generator' visible='true' version='1' changeset='1' lat='27.08455774' lon='-109.70430556' />
  <node id='765' timestamp='2026-06-02T00:00:00Z' uid='1' user='osm_generator' visible='true' version='1' changeset='1' lat='27.08439477' lon='-109.70491878' />
  <node id='766' timestamp='2026-06-02T00:00:00Z' uid='1' user='osm_generator' visible='true' version='1' changeset='1' lat='27.08423181' lon='-109.70553028' />
  <node id='767' timestamp='2026-06-02T00:00:00Z' uid='1' user='osm_generator' visible='true' version='1' changeset='1' lat='27.08406884' lon='-109.70613923' />
  <node id='768' timestamp='2026-06-02T00:00:00Z' uid='1' user='osm_generator' visible='true' version='1' changeset='1' lat='27.08390588' lon='-109.70674485' />
  <node id='769' timestamp='2026-06-02T00:00:00Z' uid='1' user='osm_generator' visible='true' version='1' changeset='1' lat='27.08374292' lon='-109.70734635' />
  <node id='770' timestamp='2026-06-02T00:00:00Z' uid='1' user='osm_generator' visible='true' version='1' changeset='1' lat='27.08357995' lon='-109.70794297' />
  <node id='771' timestamp='2026-06-02T00:00:00Z' uid='1' user='osm_generator' visible='true' version='1' changeset='1' lat='27.08341699' lon='-109.7085339' />
  <node id='772' timestamp='2026-06-02T00:00:00Z' uid='1' user='osm_generator' visible='true' version='1' changeset='1' lat='27.08325402' lon='-109.70911839' />
  <node id='773' timestamp='2026-06-02T00:00:00Z' uid='1' user='osm_generator' visible='true' version='1' changeset='1' lat='27.08309106' lon='-109.70969564' />
  <node id='774' timestamp='2026-06-02T00:00:00Z' uid='1' user='osm_generator' visible='true' version='1' changeset='1' lat='27.08292809' lon='-109.71026487' />
  <node id='775' timestamp='2026-06-02T00:00:00Z' uid='1' user='osm_generator' visible='true' version='1' changeset='1' lat='27.08276513' lon='-109.7108253' />
  <node id='776' timestamp='2026-06-02T00:00:00Z' uid='1' user='osm_generator' visible='true' version='1' changeset='1' lat='27.08260217' lon='-109.71137616' />
  <node id='777' timestamp='2026-06-02T00:00:00Z' uid='1' user='osm_generator' visible='true' version='1' changeset='1' lat='27.0824392' lon='-109.71191666' />
  <node id='778' timestamp='2026-06-02T00:00:00Z' uid='1' user='osm_generator' visible='true' version='1' changeset='1' lat='27.08227624' lon='-109.71244602' />
  <node id='779' timestamp='2026-06-02T00:00:00Z' uid='1' user='osm_generator' visible='true' version='1' changeset='1' lat='27.08211327' lon='-109.71296346' />
  <node id='780' timestamp='2026-06-02T00:00:00Z' uid='1' user='osm_generator' visible='true' version='1' changeset='1' lat='27.08195031' lon='-109.7134682' />
  <node id='781' timestamp='2026-06-02T00:00:00Z' uid='1' user='osm_generator' visible='true' version='1' changeset='1' lat='27.08178735' lon='-109.71395945' />
  <node id='782' timestamp='2026-06-02T00:00:00Z' uid='1' user='osm_generator' visible='true' version='1' changeset='1' lat='27.08162438' lon='-109.71443645' />
  <node id='783' timestamp='2026-06-02T00:00:00Z' uid='1' user='osm_generator' visible='true' version='1' changeset='1' lat='27.08146142' lon='-109.71489841' />
  <node id='784' timestamp='2026-06-02T00:00:00Z' uid='1' user='osm_generator' visible='true' version='1' changeset='1' lat='27.08129845' lon='-109.71534454' />
  <node id='785' timestamp='2026-06-02T00:00:00Z' uid='1' user='osm_generator' visible='true' version='1' changeset='1' lat='27.08113549' lon='-109.71577406' />
  <node id='786' timestamp='2026-06-02T00:00:00Z' uid='1' user='osm_generator' visible='true' version='1' changeset='1' lat='27.08097253' lon='-109.7161862' />
  <node id='787' timestamp='2026-06-02T00:00:00Z' uid='1' user='osm_generator' visible='true' version='1' changeset='1' lat='27.08080956' lon='-109.71658018' />
  <node id='788' timestamp='2026-06-02T00:00:00Z' uid='1' user='osm_generator' visible='true' version='1' changeset='1' lat='27.0806466' lon='-109.71695521' />
  <node id='789' timestamp='2026-06-02T00:00:00Z' uid='1' user='osm_generator' visible='true' version='1' changeset='1' lat='27.08048363' lon='-109.71731052' />
  <node id='790' timestamp='2026-06-02T00:00:00Z' uid='1' user='osm_generator' visible='true' version='1' changeset='1' lat='27.08032067' lon='-109.71764531' />
  <node id='791' timestamp='2026-06-02T00:00:00Z' uid='1' user='osm_generator' visible='true' version='1' changeset='1' lat='27.08015771' lon='-109.71795882' />
  <node id='792' timestamp='2026-06-02T00:00:00Z' uid='1' user='osm_generator' visible='true' version='1' changeset='1' lat='27.07999474' lon='-109.71825026' />
  <node id='793' timestamp='2026-06-02T00:00:00Z' uid='1' user='osm_generator' visible='true' version='1' changeset='1' lat='27.07983178' lon='-109.71851885' />
  <node id='794' timestamp='2026-06-02T00:00:00Z' uid='1' user='osm_generator' visible='true' version='1' changeset='1' lat='27.07966881' lon='-109.71876381' />
  <node id='795' timestamp='2026-06-02T00:00:00Z' uid='1' user='osm_generator' visible='true' version='1' changeset='1' lat='27.07950585' lon='-109.71898436' />
  <node id='796' timestamp='2026-06-02T00:00:00Z' uid='1' user='osm_generator' visible='true' version='1' changeset='1' lat='27.07934288' lon='-109.71917971' />
  <node id='797' timestamp='2026-06-02T00:00:00Z' uid='1' user='osm_generator' visible='true' version='1' changeset='1' lat='27.07917992' lon='-109.7193491' />
  <node id='798' timestamp='2026-06-02T00:00:00Z' uid='1' user='osm_generator' visible='true' version='1' changeset='1' lat='27.07901696' lon='-109.71949173' />
  <node id='799' timestamp='2026-06-02T00:00:00Z' uid='1' user='osm_generator' visible='true' version='1' changeset='1' lat='27.07885399' lon='-109.71960683' />
  <node id='800' timestamp='2026-06-02T00:00:00Z' uid='1' user='osm_generator' visible='true' version='1' changeset='1' lat='27.07869103' lon='-109.71969361' />
  <node id='801' timestamp='2026-06-02T00:00:00Z' uid='1' user='osm_generator' visible='true' version='1' changeset='1' lat='27.07852806' lon='-109.7197513' />
  <node id='802' timestamp='2026-06-02T00:00:00Z' uid='1' user='osm_generator' visible='true' version='1' changeset='1' lat='27.0783651' lon='-109.71977911' />
  <node id='803' timestamp='2026-06-02T00:00:00Z' uid='1' user='osm_generator' visible='true' version='1' changeset='1' lat='27.07820214' lon='-109.71977627' />
  <node id='804' timestamp='2026-06-02T00:00:00Z' uid='1' user='osm_generator' visible='true' version='1' changeset='1' lat='27.07803917' lon='-109.71974199' />
  <node id='805' timestamp='2026-06-02T00:00:00Z' uid='1' user='osm_generator' visible='true' version='1' changeset='1' lat='27.07787621' lon='-109.71967549' />
  <node id='806' timestamp='2026-06-02T00:00:00Z' uid='1' user='osm_generator' visible='true' version='1' changeset='1' lat='27.07771324' lon='-109.71957599' />
  <node id='807' timestamp='2026-06-02T00:00:00Z' uid='1' user='osm_generator' visible='true' version='1' changeset='1' lat='27.07755028' lon='-109.71944271' />
  <node id='808' timestamp='2026-06-02T00:00:00Z' uid='1' user='osm_generator' visible='true' version='1' changeset='1' lat='27.07738732' lon='-109.71927487' />
  <node id='809' timestamp='2026-06-02T00:00:00Z' uid='1' user='osm_generator' visible='true' version='1' changeset='1' lat='27.07722435' lon='-109.71907173' />
  <node id='810' timestamp='2026-06-02T00:00:00Z' uid='1' user='osm_generator' visible='true' version='1' changeset='1' lat='27.07706139' lon='-109.7188344' />
  <node id='811' timestamp='2026-06-02T00:00:00Z' uid='1' user='osm_generator' visible='true' version='1' changeset='1' lat='27.07689842' lon='-109.71856662' />
  <node id='812' timestamp='2026-06-02T00:00:00Z' uid='1' user='osm_generator' visible='true' version='1' changeset='1' lat='27.07673546' lon='-109.71827233' />
  <node id='813' timestamp='2026-06-02T00:00:00Z' uid='1' user='osm_generator' visible='true' version='1' changeset='1' lat='27.0765725' lon='-109.71795547' />
  <node id='814' timestamp='2026-06-02T00:00:00Z' uid='1' user='osm_generator' visible='true' version='1' changeset='1' lat='27.07640953' lon='-109.71761998' />
  <node id='815' timestamp='2026-06-02T00:00:00Z' uid='1' user='osm_generator' visible='true' version='1' changeset='1' lat='27.07624657' lon='-109.71726981' />
  <node id='816' timestamp='2026-06-02T00:00:00Z' uid='1' user='osm_generator' visible='true' version='1' changeset='1' lat='27.0760836' lon='-109.7169089' />
  <node id='817' timestamp='2026-06-02T00:00:00Z' uid='1' user='osm_generator' visible='true' version='1' changeset='1' lat='27.07592064' lon='-109.7165412' />
  <node id='818' timestamp='2026-06-02T00:00:00Z' uid='1' user='osm_generator' visible='true' version='1' changeset='1' lat='27.07575768' lon='-109.71617063' />
  <node id='819' timestamp='2026-06-02T00:00:00Z' uid='1' user='osm_generator' visible='true' version='1' changeset='1' lat='27.07559471' lon='-109.71580115' />
  <node id='820' timestamp='2026-06-02T00:00:00Z' uid='1' user='osm_generator' visible='true' version='1' changeset='1' lat='27.07543175' lon='-109.7154367' />
  <node id='821' timestamp='2026-06-02T00:00:00Z' uid='1' user='osm_generator' visible='true' version='1' changeset='1' lat='27.07526878' lon='-109.71508121' />
  <node id='822' timestamp='2026-06-02T00:00:00Z' uid='1' user='osm_generator' visible='true' version='1' changeset='1' lat='27.07510582' lon='-109.71473864' />
  <node id='823' timestamp='2026-06-02T00:00:00Z' uid='1' user='osm_generator' visible='true' version='1' changeset='1' lat='27.07494285' lon='-109.71441292' />
  <node id='824' timestamp='2026-06-02T00:00:00Z' uid='1' user='osm_generator' visible='true' version='1' changeset='1' lat='27.07477989' lon='-109.714108' />
  <node id='825' timestamp='2026-06-02T00:00:00Z' uid='1' user='osm_generator' visible='true' version='1' changeset='1' lat='27.07461693' lon='-109.71382781' />
  <node id='826' timestamp='2026-06-02T00:00:00Z' uid='1' user='osm_generator' visible='true' version='1' changeset='1' lat='27.07445396' lon='-109.7135763' />
  <node id='827' timestamp='2026-06-02T00:00:00Z' uid='1' user='osm_generator' visible='true' version='1' changeset='1' lat='27.074291' lon='-109.71335742' />
  <node id='828' timestamp='2026-06-02T00:00:00Z' uid='1' user='osm_generator' visible='true' version='1' changeset='1' lat='27.07412803' lon='-109.7131751' />
  <node id='829' timestamp='2026-06-02T00:00:00Z' uid='1' user='osm_generator' visible='true' version='1' changeset='1' lat='27.07396507' lon='-109.71303328' />
  <node id='830' timestamp='2026-06-02T00:00:00Z' uid='1' user='osm_generator' visible='true' version='1' changeset='1' lat='27.07380211' lon='-109.71293591' />
  <node id='831' timestamp='2026-06-02T00:00:00Z' uid='1' user='osm_generator' visible='true' version='1' changeset='1' lat='27.07363914' lon='-109.71288693' />
  <node id='832' timestamp='2026-06-02T00:00:00Z' uid='1' user='osm_generator' visible='true' version='1' changeset='1' lat='27.07347618' lon='-109.71289028' />
  <node id='833' timestamp='2026-06-02T00:00:00Z' uid='1' user='osm_generator' visible='true' version='1' changeset='1' lat='27.07331321' lon='-109.71294991' />
  <node id='834' timestamp='2026-06-02T00:00:00Z' uid='1' user='osm_generator' visible='true' version='1' changeset='1' lat='27.07315025' lon='-109.71306975' />
  <node id='835' timestamp='2026-06-02T00:00:00Z' uid='1' user='osm_generator' visible='true' version='1' changeset='1' lat='27.07298729' lon='-109.71325276' />
  <node id='836' timestamp='2026-06-02T00:00:00Z' uid='1' user='osm_generator' visible='true' version='1' changeset='1' lat='27.07282432' lon='-109.71349608' />
  <node id='837' timestamp='2026-06-02T00:00:00Z' uid='1' user='osm_generator' visible='true' version='1' changeset='1' lat='27.07266136' lon='-109.71379469' />
  <node id='838' timestamp='2026-06-02T00:00:00Z' uid='1' user='osm_generator' visible='true' version='1' changeset='1' lat='27.07249839' lon='-109.71414358' />
  <node id='839' timestamp='2026-06-02T00:00:00Z' uid='1' user='osm_generator' visible='true' version='1' changeset='1' lat='27.07233543' lon='-109.71453774' />
  <node id='840' timestamp='2026-06-02T00:00:00Z' uid='1' user='osm_generator' visible='true' version='1' changeset='1' lat='27.07217247' lon='-109.71497216' />
  <node id='841' timestamp='2026-06-02T00:00:00Z' uid='1' user='osm_generator' visible='true' version='1' changeset='1' lat='27.0720095' lon='-109.71544183' />
  <node id='842' timestamp='2026-06-02T00:00:00Z' uid='1' user='osm_generator' visible='true' version='1' changeset='1' lat='27.07184654' lon='-109.71594172' />
  <node id='843' timestamp='2026-06-02T00:00:00Z' uid='1' user='osm_generator' visible='true' version='1' changeset='1' lat='27.07168357' lon='-109.71646684' />
  <node id='844' timestamp='2026-06-02T00:00:00Z' uid='1' user='osm_generator' visible='true' version='1' changeset='1' lat='27.07152061' lon='-109.71701216' />
  <node id='845' timestamp='2026-06-02T00:00:00Z' uid='1' user='osm_generator' visible='true' version='1' changeset='1' lat='27.07135764' lon='-109.71757268' />
  <node id='846' timestamp='2026-06-02T00:00:00Z' uid='1' user='osm_generator' visible='true' version='1' changeset='1' lat='27.07119468' lon='-109.71814338' />
  <node id='847' timestamp='2026-06-02T00:00:00Z' uid='1' user='osm_generator' visible='true' version='1' changeset='1' lat='27.07103172' lon='-109.71871925' />
  <node id='848' timestamp='2026-06-02T00:00:00Z' uid='1' user='osm_generator' visible='true' version='1' changeset='1' lat='27.07086875' lon='-109.71929528' />
  <node id='849' timestamp='2026-06-02T00:00:00Z' uid='1' user='osm_generator' visible='true' version='1' changeset='1' lat='27.07070579' lon='-109.71986646' />
  <node id='850' timestamp='2026-06-02T00:00:00Z' uid='1' user='osm_generator' visible='true' version='1' changeset='1' lat='27.07054282' lon='-109.72042777' />
  <node id='851' timestamp='2026-06-02T00:00:00Z' uid='1' user='osm_generator' visible='true' version='1' changeset='1' lat='27.07037986' lon='-109.7209742' />
  <node id='852' timestamp='2026-06-02T00:00:00Z' uid='1' user='osm_generator' visible='true' version='1' changeset='1' lat='27.0702169' lon='-109.72150074' />
  <node id='853' timestamp='2026-06-02T00:00:00Z' uid='1' user='osm_generator' visible='true' version='1' changeset='1' lat='27.07005393' lon='-109.72200238' />
  <node id='854' timestamp='2026-06-02T00:00:00Z' uid='1' user='osm_generator' visible='true' version='1' changeset='1' lat='27.06989097' lon='-109.7224741' />
  <node id='855' timestamp='2026-06-02T00:00:00Z' uid='1' user='osm_generator' visible='true' version='1' changeset='1' lat='27.069728' lon='-109.7229109' />
  <node id='856' timestamp='2026-06-02T00:00:00Z' uid='1' user='osm_generator' visible='true' version='1' changeset='1' lat='27.06956504' lon='-109.72330775' />
  <node id='857' timestamp='2026-06-02T00:00:00Z' uid='1' user='osm_generator' visible='true' version='1' changeset='1' lat='27.06940208' lon='-109.72365965' />
  <node id='858' timestamp='2026-06-02T00:00:00Z' uid='1' user='osm_generator' visible='true' version='1' changeset='1' lat='27.06923911' lon='-109.72396159' />
  <node id='859' timestamp='2026-06-02T00:00:00Z' uid='1' user='osm_generator' visible='true' version='1' changeset='1' lat='27.06907615' lon='-109.72420855' />
  <node id='860' timestamp='2026-06-02T00:00:00Z' uid='1' user='osm_generator' visible='true' version='1' changeset='1' lat='27.06891318' lon='-109.72439746' />
  <node id='861' timestamp='2026-06-02T00:00:00Z' uid='1' user='osm_generator' visible='true' version='1' changeset='1' lat='27.06875022' lon='-109.72453218' />
  <node id='862' timestamp='2026-06-02T00:00:00Z' uid='1' user='osm_generator' visible='true' version='1' changeset='1' lat='27.06858726' lon='-109.72461814' />
  <node id='863' timestamp='2026-06-02T00:00:00Z' uid='1' user='osm_generator' visible='true' version='1' changeset='1' lat='27.06842429' lon='-109.72466075' />
  <node id='864' timestamp='2026-06-02T00:00:00Z' uid='1' user='osm_generator' visible='true' version='1' changeset='1' lat='27.06826133' lon='-109.72466543' />
  <node id='865' timestamp='2026-06-02T00:00:00Z' uid='1' user='osm_generator' visible='true' version='1' changeset='1' lat='27.06809836' lon='-109.7246376' />
  <node id='866' timestamp='2026-06-02T00:00:00Z' uid='1' user='osm_generator' visible='true' version='1' changeset='1' lat='27.0679354' lon='-109.72458268' />
  <node id='867' timestamp='2026-06-02T00:00:00Z' uid='1' user='osm_generator' visible='true' version='1' changeset='1' lat='27.06777243' lon='-109.72450609' />
  <node id='868' timestamp='2026-06-02T00:00:00Z' uid='1' user='osm_generator' visible='true' version='1' changeset='1' lat='27.06760947' lon='-109.72441323' />
  <node id='869' timestamp='2026-06-02T00:00:00Z' uid='1' user='osm_generator' visible='true' version='1' changeset='1' lat='27.06744651' lon='-109.72430955' />
  <node id='870' timestamp='2026-06-02T00:00:00Z' uid='1' user='osm_generator' visible='true' version='1' changeset='1' lat='27.06728354' lon='-109.72420044' />
  <node id='871' timestamp='2026-06-02T00:00:00Z' uid='1' user='osm_generator' visible='true' version='1' changeset='1' lat='27.06719875' lon='-109.72420044' />
  <node id='872' timestamp='2026-06-02T00:00:00Z' uid='1' user='osm_generator' visible='true' version='1' changeset='1' lat='27.06711396' lon='-109.72420044' />
  <node id='873' timestamp='2026-06-02T00:00:00Z' uid='1' user='osm_generator' visible='true' version='1' changeset='1' lat='27.06702916' lon='-109.72420044' />
  <node id='874' timestamp='2026-06-02T00:00:00Z' uid='1' user='osm_generator' visible='true' version='1' changeset='1' lat='27.06694437' lon='-109.72420044' />
  <node id='875' timestamp='2026-06-02T00:00:00Z' uid='1' user='osm_generator' visible='true' version='1' changeset='1' lat='27.06685958' lon='-109.72420044' />
  <node id='876' timestamp='2026-06-02T00:00:00Z' uid='1' user='osm_generator' visible='true' version='1' changeset='1' lat='27.06677478' lon='-109.72420044' />
  <node id='877' timestamp='2026-06-02T00:00:00Z' uid='1' user='osm_generator' visible='true' version='1' changeset='1' lat='27.06668999' lon='-109.72420044' />
  <node id='878' timestamp='2026-06-02T00:00:00Z' uid='1' user='osm_generator' visible='true' version='1' changeset='1' lat='27.0666052' lon='-109.72420044' />
  <node id='879' timestamp='2026-06-02T00:00:00Z' uid='1' user='osm_generator' visible='true' version='1' changeset='1' lat='27.0665204' lon='-109.72420044' />
  <node id='880' timestamp='2026-06-02T00:00:00Z' uid='1' user='osm_generator' visible='true' version='1' changeset='1' lat='27.06643561' lon='-109.72420044' />
  <node id='881' timestamp='2026-06-02T00:00:00Z' uid='1' user='osm_generator' visible='true' version='1' changeset='1' lat='27.06635082' lon='-109.72420044' />
  <node id='882' timestamp='2026-06-02T00:00:00Z' uid='1' user='osm_generator' visible='true' version='1' changeset='1' lat='27.06626603' lon='-109.72420044' />
  <node id='883' timestamp='2026-06-02T00:00:00Z' uid='1' user='osm_generator' visible='true' version='1' changeset='1' lat='27.06618123' lon='-109.72420044' />
  <node id='884' timestamp='2026-06-02T00:00:00Z' uid='1' user='osm_generator' visible='true' version='1' changeset='1' lat='27.09372356' lon='-109.72169552' />
  <node id='885' timestamp='2026-06-02T00:00:00Z' uid='1' user='osm_generator' visible='true' version='1' changeset='1' lat='27.09049987' lon='-109.72169552' />
  <node id='886' timestamp='2026-06-02T00:00:00Z' uid='1' user='osm_generator' visible='true' version='1' changeset='1' lat='27.08727617' lon='-109.72169552' />
  <node id='887' timestamp='2026-06-02T00:00:00Z' uid='1' user='osm_generator' visible='true' version='1' changeset='1' lat='27.08405248' lon='-109.72169552' />
  <node id='888' timestamp='2026-06-02T00:00:00Z' uid='1' user='osm_generator' visible='true' version='1' changeset='1' lat='27.08082879' lon='-109.72169552' />
  <node id='889' timestamp='2026-06-02T00:00:00Z' uid='1' user='osm_generator' visible='true' version='1' changeset='1' lat='27.09372356' lon='-109.70048448' />
  <node id='890' timestamp='2026-06-02T00:00:00Z' uid='1' user='osm_generator' visible='true' version='1' changeset='1' lat='27.09147926' lon='-109.70048448' />
  <node id='891' timestamp='2026-06-02T00:00:00Z' uid='1' user='osm_generator' visible='true' version='1' changeset='1' lat='27.08923496' lon='-109.70048448' />
  <node id='892' timestamp='2026-06-02T00:00:00Z' uid='1' user='osm_generator' visible='true' version='1' changeset='1' lat='27.08699067' lon='-109.70048448' />
  <node id='893' timestamp='2026-06-02T00:00:00Z' uid='1' user='osm_generator' visible='true' version='1' changeset='1' lat='27.08474637' lon='-109.70048448' />
  <node id='894' timestamp='2026-06-02T00:00:00Z' uid='1' user='osm_generator' visible='true' version='1' changeset='1' lat='27.09372356' lon='-109.69240408' />
  <node id='895' timestamp='2026-06-02T00:00:00Z' uid='1' user='osm_generator' visible='true' version='1' changeset='1' lat='27.09211371' lon='-109.69240408' />
  <node id='896' timestamp='2026-06-02T00:00:00Z' uid='1' user='osm_generator' visible='true' version='1' changeset='1' lat='27.09050385' lon='-109.69240408' />
  <node id='897' timestamp='2026-06-02T00:00:00Z' uid='1' user='osm_generator' visible='true' version='1' changeset='1' lat='27.088894' lon='-109.69240408' />
  <node id='898' timestamp='2026-06-02T00:00:00Z' uid='1' user='osm_generator' visible='true' version='1' changeset='1' lat='27.08728414' lon='-109.69240408' />
  <node id='899' timestamp='2026-06-02T00:00:00Z' uid='1' user='osm_generator' visible='true' version='1' changeset='1' lat='27.06609644' lon='-109.71967542' />
  <node id='900' timestamp='2026-06-02T00:00:00Z' uid='1' user='osm_generator' visible='true' version='1' changeset='1' lat='27.06799098' lon='-109.71967542' />
  <node id='901' timestamp='2026-06-02T00:00:00Z' uid='1' user='osm_generator' visible='true' version='1' changeset='1' lat='27.06988552' lon='-109.71967542' />
  <node id='902' timestamp='2026-06-02T00:00:00Z' uid='1' user='osm_generator' visible='true' version='1' changeset='1' lat='27.07178007' lon='-109.71967542' />
  <node id='903' timestamp='2026-06-02T00:00:00Z' uid='1' user='osm_generator' visible='true' version='1' changeset='1' lat='27.07367461' lon='-109.71967542' />
  <node id='904' timestamp='2026-06-02T00:00:00Z' uid='1' user='osm_generator' visible='true' version='1' changeset='1' lat='27.06609644' lon='-109.70957492' />
  <node id='905' timestamp='2026-06-02T00:00:00Z' uid='1' user='osm_generator' visible='true' version='1' changeset='1' lat='27.06827172' lon='-109.70957492' />
  <node id='906' timestamp='2026-06-02T00:00:00Z' uid='1' user='osm_generator' visible='true' version='1' changeset='1' lat='27.070447' lon='-109.70957492' />
  <node id='907' timestamp='2026-06-02T00:00:00Z' uid='1' user='osm_generator' visible='true' version='1' changeset='1' lat='27.07262228' lon='-109.70957492' />
  <node id='908' timestamp='2026-06-02T00:00:00Z' uid='1' user='osm_generator' visible='true' version='1' changeset='1' lat='27.07479756' lon='-109.70957492' />
  <node id='909' timestamp='2026-06-02T00:00:00Z' uid='1' user='osm_generator' visible='true' version='1' changeset='1' lat='27.06609644' lon='-109.70149453' />
  <node id='910' timestamp='2026-06-02T00:00:00Z' uid='1' user='osm_generator' visible='true' version='1' changeset='1' lat='27.06887106' lon='-109.70149453' />
  <node id='911' timestamp='2026-06-02T00:00:00Z' uid='1' user='osm_generator' visible='true' version='1' changeset='1' lat='27.07164568' lon='-109.70149453' />
  <node id='912' timestamp='2026-06-02T00:00:00Z' uid='1' user='osm_generator' visible='true' version='1' changeset='1' lat='27.07442029' lon='-109.70149453' />
  <node id='913' timestamp='2026-06-02T00:00:00Z' uid='1' user='osm_generator' visible='true' version='1' changeset='1' lat='27.07719491' lon='-109.70149453' />
  <node id='914' timestamp='2026-06-02T00:00:00Z' uid='1' user='osm_generator' visible='true' version='1' changeset='1' lat='27.08888522' lon='-109.7275033' />
  <node id='915' timestamp='2026-06-02T00:00:00Z' uid='1' user='osm_generator' visible='true' version='1' changeset='1' lat='27.08888522' lon='-109.72169552' />
  <node id='916' timestamp='2026-06-02T00:00:00Z' uid='1' user='osm_generator' visible='true' version='1' changeset='1' lat='27.08888522' lon='-109.70048448' />
  <node id='917' timestamp='2026-06-02T00:00:00Z' uid='1' user='osm_generator' visible='true' version='1' changeset='1' lat='27.08888522' lon='-109.69240408' />
  <node id='918' timestamp='2026-06-02T00:00:00Z' uid='1' user='osm_generator' visible='true' version='1' changeset='1' lat='27.08888522' lon='-109.69092941' />
  <node id='919' timestamp='2026-06-02T00:00:00Z' uid='1' user='osm_generator' visible='true' version='1' changeset='1' lat='27.08888522' lon='-109.6866367' />
  <node id='920' timestamp='2026-06-02T00:00:00Z' uid='1' user='osm_generator' visible='true' version='1' changeset='1' lat='27.06954983' lon='-109.7275033' />
  <node id='921' timestamp='2026-06-02T00:00:00Z' uid='1' user='osm_generator' visible='true' version='1' changeset='1' lat='27.06954983' lon='-109.7233419' />
  <node id='922' timestamp='2026-06-02T00:00:00Z' uid='1' user='osm_generator' visible='true' version='1' changeset='1' lat='27.06954983' lon='-109.71967542' />
  <node id='923' timestamp='2026-06-02T00:00:00Z' uid='1' user='osm_generator' visible='true' version='1' changeset='1' lat='27.06954983' lon='-109.70957492' />
  <node id='924' timestamp='2026-06-02T00:00:00Z' uid='1' user='osm_generator' visible='true' version='1' changeset='1' lat='27.06954983' lon='-109.70149453' />
  <node id='925' timestamp='2026-06-02T00:00:00Z' uid='1' user='osm_generator' visible='true' version='1' changeset='1' lat='27.06954983' lon='-109.6866367' />
  <way id='1' timestamp='2026-06-02T00:00:00Z' uid='1' user='osm_generator' visible='true' version='1' changeset='1'>
    <nd ref='1' />
    <nd ref='2' />
    <nd ref='3' />
    <nd ref='4' />
    <nd ref='1' />
    <tag k='landuse' v='farmland' />
  </way>
  <way id='2' timestamp='2026-06-02T00:00:00Z' uid='1' user='osm_generator' visible='true' version='1' changeset='1'>
    <nd ref='5' />
    <nd ref='6' />
    <nd ref='7' />
    <nd ref='8' />
    <nd ref='5' />
    <tag k='landuse' v='farmland' />
  </way>
  <way id='3' timestamp='2026-06-02T00:00:00Z' uid='1' user='osm_generator' visible='true' version='1' changeset='1'>
    <nd ref='9' />
    <nd ref='10' />
    <nd ref='11' />
    <nd ref='12' />
    <nd ref='9' />
    <tag k='landuse' v='farmland' />
  </way>
  <way id='4' timestamp='2026-06-02T00:00:00Z' uid='1' user='osm_generator' visible='true' version='1' changeset='1'>
    <nd ref='13' />
    <nd ref='14' />
    <nd ref='15' />
    <nd ref='16' />
    <nd ref='13' />
    <tag k='landuse' v='farmland' />
  </way>
  <way id='5' timestamp='2026-06-02T00:00:00Z' uid='1' user='osm_generator' visible='true' version='1' changeset='1'>
    <nd ref='17' />
    <nd ref='18' />
    <nd ref='19' />
    <nd ref='20' />
    <nd ref='17' />
    <tag k='landuse' v='farmland' />
  </way>
  <way id='6' timestamp='2026-06-02T00:00:00Z' uid='1' user='osm_generator' visible='true' version='1' changeset='1'>
    <nd ref='21' />
    <nd ref='22' />
    <nd ref='23' />
    <nd ref='24' />
    <nd ref='21' />
    <tag k='landuse' v='farmland' />
  </way>
  <way id='7' timestamp='2026-06-02T00:00:00Z' uid='1' user='osm_generator' visible='true' version='1' changeset='1'>
    <nd ref='25' />
    <nd ref='26' />
    <nd ref='27' />
    <nd ref='28' />
    <nd ref='25' />
    <tag k='landuse' v='farmland' />
  </way>
  <way id='8' timestamp='2026-06-02T00:00:00Z' uid='1' user='osm_generator' visible='true' version='1' changeset='1'>
    <nd ref='29' />
    <nd ref='30' />
    <nd ref='31' />
    <nd ref='32' />
    <nd ref='29' />
    <tag k='landuse' v='farmland' />
  </way>
  <way id='9' timestamp='2026-06-02T00:00:00Z' uid='1' user='osm_generator' visible='true' version='1' changeset='1'>
    <nd ref='33' />
    <nd ref='34' />
    <nd ref='35' />
    <nd ref='36' />
    <nd ref='33' />
    <tag k='landuse' v='farmland' />
  </way>
  <way id='10' timestamp='2026-06-02T00:00:00Z' uid='1' user='osm_generator' visible='true' version='1' changeset='1'>
    <nd ref='37' />
    <nd ref='38' />
    <nd ref='39' />
    <nd ref='40' />
    <nd ref='37' />
    <tag k='landuse' v='farmland' />
  </way>
  <way id='11' timestamp='2026-06-02T00:00:00Z' uid='1' user='osm_generator' visible='true' version='1' changeset='1'>
    <nd ref='41' />
    <nd ref='42' />
    <nd ref='43' />
    <nd ref='44' />
    <nd ref='41' />
    <tag k='landuse' v='farmland' />
  </way>
  <way id='12' timestamp='2026-06-02T00:00:00Z' uid='1' user='osm_generator' visible='true' version='1' changeset='1'>
    <nd ref='45' />
    <nd ref='46' />
    <nd ref='47' />
    <nd ref='48' />
    <nd ref='45' />
    <tag k='landuse' v='farmland' />
  </way>
  <way id='13' timestamp='2026-06-02T00:00:00Z' uid='1' user='osm_generator' visible='true' version='1' changeset='1'>
    <nd ref='49' />
    <nd ref='50' />
    <nd ref='51' />
    <nd ref='52' />
    <nd ref='49' />
    <tag k='landuse' v='farmland' />
  </way>
  <way id='14' timestamp='2026-06-02T00:00:00Z' uid='1' user='osm_generator' visible='true' version='1' changeset='1'>
    <nd ref='53' />
    <nd ref='54' />
    <nd ref='55' />
    <nd ref='56' />
    <nd ref='53' />
    <tag k='landuse' v='farmland' />
  </way>
  <way id='15' timestamp='2026-06-02T00:00:00Z' uid='1' user='osm_generator' visible='true' version='1' changeset='1'>
    <nd ref='57' />
    <nd ref='58' />
    <nd ref='59' />
    <nd ref='60' />
    <nd ref='57' />
    <tag k='landuse' v='farmland' />
  </way>
  <way id='16' timestamp='2026-06-02T00:00:00Z' uid='1' user='osm_generator' visible='true' version='1' changeset='1'>
    <nd ref='61' />
    <nd ref='62' />
    <nd ref='63' />
    <nd ref='64' />
    <nd ref='61' />
    <tag k='landuse' v='farmland' />
  </way>
  <way id='17' timestamp='2026-06-02T00:00:00Z' uid='1' user='osm_generator' visible='true' version='1' changeset='1'>
    <nd ref='65' />
    <nd ref='66' />
    <nd ref='67' />
    <nd ref='68' />
    <nd ref='65' />
    <tag k='landuse' v='farmland' />
  </way>
  <way id='18' timestamp='2026-06-02T00:00:00Z' uid='1' user='osm_generator' visible='true' version='1' changeset='1'>
    <nd ref='69' />
    <nd ref='70' />
    <nd ref='71' />
    <nd ref='72' />
    <nd ref='69' />
    <tag k='landuse' v='farmland' />
  </way>
  <way id='19' timestamp='2026-06-02T00:00:00Z' uid='1' user='osm_generator' visible='true' version='1' changeset='1'>
    <nd ref='73' />
    <nd ref='74' />
    <nd ref='75' />
    <nd ref='76' />
    <nd ref='73' />
    <tag k='landuse' v='farmland' />
  </way>
  <way id='20' timestamp='2026-06-02T00:00:00Z' uid='1' user='osm_generator' visible='true' version='1' changeset='1'>
    <nd ref='77' />
    <nd ref='78' />
    <nd ref='79' />
    <nd ref='80' />
    <nd ref='77' />
    <tag k='landuse' v='farmland' />
  </way>
  <way id='21' timestamp='2026-06-02T00:00:00Z' uid='1' user='osm_generator' visible='true' version='1' changeset='1'>
    <nd ref='81' />
    <nd ref='82' />
    <nd ref='83' />
    <nd ref='84' />
    <nd ref='81' />
    <tag k='landuse' v='farmland' />
  </way>
  <way id='22' timestamp='2026-06-02T00:00:00Z' uid='1' user='osm_generator' visible='true' version='1' changeset='1'>
    <nd ref='85' />
    <nd ref='86' />
    <nd ref='87' />
    <nd ref='88' />
    <nd ref='85' />
    <tag k='landuse' v='farmland' />
  </way>
  <way id='23' timestamp='2026-06-02T00:00:00Z' uid='1' user='osm_generator' visible='true' version='1' changeset='1'>
    <nd ref='89' />
    <nd ref='90' />
    <nd ref='91' />
    <nd ref='92' />
    <nd ref='89' />
    <tag k='landuse' v='farmland' />
  </way>
  <way id='24' timestamp='2026-06-02T00:00:00Z' uid='1' user='osm_generator' visible='true' version='1' changeset='1'>
    <nd ref='93' />
    <nd ref='94' />
    <nd ref='95' />
    <nd ref='96' />
    <nd ref='93' />
    <tag k='landuse' v='farmland' />
  </way>
  <way id='25' timestamp='2026-06-02T00:00:00Z' uid='1' user='osm_generator' visible='true' version='1' changeset='1'>
    <nd ref='97' />
    <nd ref='98' />
    <nd ref='99' />
    <nd ref='100' />
    <nd ref='97' />
    <tag k='landuse' v='farmland' />
  </way>
  <way id='26' timestamp='2026-06-02T00:00:00Z' uid='1' user='osm_generator' visible='true' version='1' changeset='1'>
    <nd ref='101' />
    <nd ref='102' />
    <nd ref='103' />
    <nd ref='104' />
    <nd ref='101' />
    <tag k='landuse' v='farmland' />
  </way>
  <way id='27' timestamp='2026-06-02T00:00:00Z' uid='1' user='osm_generator' visible='true' version='1' changeset='1'>
    <nd ref='105' />
    <nd ref='106' />
    <nd ref='107' />
    <nd ref='108' />
    <nd ref='109' />
    <nd ref='110' />
    <nd ref='111' />
    <nd ref='112' />
    <nd ref='113' />
    <nd ref='114' />
    <nd ref='115' />
    <nd ref='116' />
    <nd ref='117' />
    <nd ref='118' />
    <nd ref='119' />
    <nd ref='120' />
    <nd ref='121' />
    <nd ref='122' />
    <nd ref='123' />
    <nd ref='124' />
    <nd ref='125' />
    <nd ref='126' />
    <nd ref='127' />
    <nd ref='128' />
    <nd ref='129' />
    <nd ref='130' />
    <nd ref='131' />
    <nd ref='132' />
    <nd ref='133' />
    <nd ref='134' />
    <nd ref='105' />
    <tag k='landuse' v='farmland' />
  </way>
  <way id='28' timestamp='2026-06-02T00:00:00Z' uid='1' user='osm_generator' visible='true' version='1' changeset='1'>
    <nd ref='135' />
    <nd ref='136' />
    <nd ref='137' />
    <nd ref='138' />
    <nd ref='139' />
    <nd ref='140' />
    <nd ref='141' />
    <nd ref='142' />
    <nd ref='143' />
    <nd ref='144' />
    <nd ref='145' />
    <nd ref='146' />
    <nd ref='147' />
    <nd ref='148' />
    <nd ref='149' />
    <nd ref='150' />
    <nd ref='151' />
    <nd ref='152' />
    <nd ref='153' />
    <nd ref='154' />
    <nd ref='155' />
    <nd ref='156' />
    <nd ref='157' />
    <nd ref='158' />
    <nd ref='159' />
    <nd ref='160' />
    <nd ref='161' />
    <nd ref='162' />
    <nd ref='163' />
    <nd ref='164' />
    <nd ref='135' />
    <tag k='landuse' v='farmland' />
  </way>
  <way id='29' timestamp='2026-06-02T00:00:00Z' uid='1' user='osm_generator' visible='true' version='1' changeset='1'>
    <nd ref='165' />
    <nd ref='166' />
    <nd ref='167' />
    <nd ref='168' />
    <nd ref='169' />
    <nd ref='170' />
    <nd ref='171' />
    <nd ref='165' />
    <tag k='landuse' v='farmland' />
  </way>
  <way id='30' action='modify' timestamp='2026-06-02T00:00:00Z' uid='1' user='osm_generator' visible='true' version='1' changeset='1'>
    <nd ref='172' />
    <nd ref='173' />
    <nd ref='174' />
    <nd ref='175' />
    <nd ref='176' />
    <nd ref='177' />
    <nd ref='178' />
    <nd ref='179' />
    <nd ref='180' />
    <nd ref='181' />
    <nd ref='182' />
    <nd ref='183' />
    <nd ref='184' />
    <nd ref='185' />
    <nd ref='186' />
    <nd ref='187' />
    <nd ref='188' />
    <nd ref='189' />
    <nd ref='190' />
    <nd ref='191' />
    <nd ref='192' />
    <nd ref='193' />
    <nd ref='194' />
    <nd ref='195' />
    <nd ref='196' />
    <nd ref='197' />
    <nd ref='198' />
    <nd ref='199' />
    <nd ref='200' />
    <nd ref='201' />
    <nd ref='202' />
    <nd ref='206' />
    <nd ref='207' />
    <nd ref='208' />
    <nd ref='209' />
    <nd ref='210' />
    <nd ref='172' />
    <tag k='landuse' v='farmland' />
  </way>
  <way id='31' action='delete' timestamp='2026-06-02T00:00:00Z' uid='1' user='osm_generator' visible='true' version='1' changeset='1'>
    <tag k='landuse' v='farmland' />
  </way>
  <way id='32' action='modify' timestamp='2026-06-02T00:00:00Z' uid='1' user='osm_generator' visible='true' version='1' changeset='1'>
    <nd ref='248' />
    <nd ref='249' />
    <nd ref='251' />
    <nd ref='252' />
    <nd ref='253' />
    <nd ref='254' />
    <nd ref='255' />
    <nd ref='256' />
    <nd ref='257' />
    <nd ref='258' />
    <nd ref='259' />
    <nd ref='260' />
    <nd ref='261' />
    <nd ref='262' />
    <nd ref='263' />
    <nd ref='264' />
    <nd ref='265' />
    <nd ref='266' />
    <nd ref='248' />
    <tag k='landuse' v='farmland' />
  </way>
  <way id='33' action='modify' timestamp='2026-06-02T00:00:00Z' uid='1' user='osm_generator' visible='true' version='1' changeset='1'>
    <nd ref='211' />
    <nd ref='267' />
    <nd ref='268' />
    <nd ref='269' />
    <nd ref='270' />
    <nd ref='271' />
    <nd ref='272' />
    <nd ref='273' />
    <nd ref='274' />
    <nd ref='275' />
    <nd ref='276' />
    <nd ref='277' />
    <nd ref='278' />
    <nd ref='279' />
    <nd ref='280' />
    <nd ref='281' />
    <nd ref='283' />
    <nd ref='284' />
    <nd ref='285' />
    <nd ref='286' />
    <nd ref='212' />
    <nd ref='211' />
    <tag k='landuse' v='farmland' />
  </way>
  <way id='34' action='delete' timestamp='2026-06-02T00:00:00Z' uid='1' user='osm_generator' visible='true' version='1' changeset='1'>
    <tag k='landuse' v='farmland' />
  </way>
  <way id='35' timestamp='2026-06-02T00:00:00Z' uid='1' user='osm_generator' visible='true' version='1' changeset='1'>
    <nd ref='292' />
    <nd ref='293' />
    <nd ref='294' />
    <nd ref='295' />
    <nd ref='296' />
    <nd ref='297' />
    <nd ref='298' />
    <nd ref='299' />
    <nd ref='300' />
    <nd ref='301' />
    <nd ref='302' />
    <nd ref='292' />
    <tag k='landuse' v='farmland' />
  </way>
  <way id='36' timestamp='2026-06-02T00:00:00Z' uid='1' user='osm_generator' visible='true' version='1' changeset='1'>
    <nd ref='303' />
    <nd ref='304' />
    <nd ref='305' />
    <nd ref='306' />
    <nd ref='307' />
    <nd ref='308' />
    <nd ref='309' />
    <nd ref='310' />
    <nd ref='311' />
    <nd ref='312' />
    <nd ref='313' />
    <nd ref='314' />
    <nd ref='315' />
    <nd ref='316' />
    <nd ref='303' />
    <tag k='landuse' v='farmland' />
  </way>
  <way id='37' timestamp='2026-06-02T00:00:00Z' uid='1' user='osm_generator' visible='true' version='1' changeset='1'>
    <nd ref='308' />
    <nd ref='317' />
    <nd ref='318' />
    <nd ref='319' />
    <nd ref='320' />
    <nd ref='321' />
    <nd ref='322' />
    <nd ref='323' />
    <nd ref='324' />
    <nd ref='308' />
    <tag k='landuse' v='farmland' />
  </way>
  <way id='38' action='modify' timestamp='2026-06-02T00:00:00Z' uid='1' user='osm_generator' visible='true' version='1' changeset='1'>
    <nd ref='326' />
    <nd ref='327' />
    <nd ref='328' />
    <nd ref='329' />
    <nd ref='330' />
    <nd ref='331' />
    <nd ref='332' />
    <nd ref='333' />
    <nd ref='334' />
    <nd ref='335' />
    <nd ref='336' />
    <nd ref='337' />
    <nd ref='338' />
    <nd ref='339' />
    <nd ref='340' />
    <nd ref='341' />
    <nd ref='342' />
    <nd ref='343' />
    <nd ref='344' />
    <nd ref='345' />
    <nd ref='346' />
    <nd ref='347' />
    <nd ref='348' />
    <nd ref='349' />
    <nd ref='350' />
    <nd ref='351' />
    <nd ref='352' />
    <nd ref='326' />
    <tag k='landuse' v='farmland' />
  </way>
  <way id='39' action='modify' timestamp='2026-06-02T00:00:00Z' uid='1' user='osm_generator' visible='true' version='1' changeset='1'>
    <nd ref='356' />
    <nd ref='357' />
    <nd ref='358' />
    <nd ref='359' />
    <nd ref='360' />
    <nd ref='364' />
    <nd ref='365' />
    <nd ref='366' />
    <nd ref='367' />
    <nd ref='368' />
    <nd ref='369' />
    <nd ref='370' />
    <nd ref='371' />
    <nd ref='372' />
    <nd ref='373' />
    <nd ref='374' />
    <nd ref='375' />
    <nd ref='376' />
    <nd ref='377' />
    <nd ref='378' />
    <nd ref='379' />
    <nd ref='380' />
    <nd ref='381' />
    <nd ref='382' />
    <nd ref='383' />
    <nd ref='332' />
    <nd ref='356' />
    <tag k='landuse' v='farmland' />
  </way>
  <way id='40' timestamp='2026-06-02T00:00:00Z' uid='1' user='osm_generator' visible='true' version='1' changeset='1'>
    <nd ref='384' />
    <nd ref='385' />
    <nd ref='386' />
    <nd ref='387' />
    <nd ref='388' />
    <nd ref='389' />
    <nd ref='390' />
    <nd ref='384' />
    <tag k='landuse' v='farmland' />
  </way>
  <way id='41' timestamp='2026-06-02T00:00:00Z' uid='1' user='osm_generator' visible='true' version='1' changeset='1'>
    <nd ref='391' />
    <nd ref='392' />
    <nd ref='393' />
    <nd ref='394' />
    <nd ref='395' />
    <nd ref='396' />
    <nd ref='397' />
    <nd ref='391' />
    <tag k='landuse' v='farmland' />
  </way>
  <way id='42' timestamp='2026-06-02T00:00:00Z' uid='1' user='osm_generator' visible='true' version='1' changeset='1'>
    <nd ref='398' />
    <nd ref='399' />
    <nd ref='400' />
    <nd ref='401' />
    <nd ref='402' />
    <nd ref='403' />
    <nd ref='404' />
    <nd ref='405' />
    <nd ref='406' />
    <nd ref='407' />
    <nd ref='408' />
    <nd ref='409' />
    <nd ref='410' />
    <nd ref='411' />
    <nd ref='412' />
    <nd ref='413' />
    <nd ref='414' />
    <nd ref='415' />
    <nd ref='416' />
    <nd ref='417' />
    <nd ref='418' />
    <nd ref='419' />
    <nd ref='420' />
    <nd ref='421' />
    <nd ref='422' />
    <nd ref='423' />
    <nd ref='424' />
    <nd ref='398' />
    <tag k='landuse' v='farmland' />
  </way>
  <way id='43' timestamp='2026-06-02T00:00:00Z' uid='1' user='osm_generator' visible='true' version='1' changeset='1'>
    <nd ref='425' />
    <nd ref='426' />
    <nd ref='427' />
    <nd ref='428' />
    <nd ref='429' />
    <nd ref='430' />
    <nd ref='431' />
    <nd ref='432' />
    <nd ref='433' />
    <nd ref='434' />
    <nd ref='435' />
    <nd ref='436' />
    <nd ref='437' />
    <nd ref='438' />
    <nd ref='439' />
    <nd ref='440' />
    <nd ref='441' />
    <nd ref='442' />
    <nd ref='443' />
    <nd ref='444' />
    <nd ref='445' />
    <nd ref='446' />
    <nd ref='447' />
    <nd ref='448' />
    <nd ref='449' />
    <nd ref='450' />
    <nd ref='451' />
    <nd ref='425' />
    <tag k='landuse' v='farmland' />
  </way>
  <way id='44' timestamp='2026-06-02T00:00:00Z' uid='1' user='osm_generator' visible='true' version='1' changeset='1'>
    <nd ref='452' />
    <nd ref='453' />
    <nd ref='454' />
    <nd ref='455' />
    <nd ref='452' />
    <tag k='landuse' v='farmland' />
  </way>
  <way id='45' timestamp='2026-06-02T00:00:00Z' uid='1' user='osm_generator' visible='true' version='1' changeset='1'>
    <nd ref='456' />
    <nd ref='457' />
    <nd ref='458' />
    <nd ref='459' />
    <nd ref='456' />
    <tag k='landuse' v='farmland' />
  </way>
  <way id='46' timestamp='2026-06-02T00:00:00Z' uid='1' user='osm_generator' visible='true' version='1' changeset='1'>
    <nd ref='460' />
    <nd ref='461' />
    <nd ref='462' />
    <nd ref='463' />
    <nd ref='460' />
    <tag k='landuse' v='farmland' />
  </way>
  <way id='47' timestamp='2026-06-02T00:00:00Z' uid='1' user='osm_generator' visible='true' version='1' changeset='1'>
    <nd ref='464' />
    <nd ref='465' />
    <nd ref='466' />
    <nd ref='467' />
    <nd ref='464' />
    <tag k='landuse' v='farmland' />
  </way>
  <way id='48' timestamp='2026-06-02T00:00:00Z' uid='1' user='osm_generator' visible='true' version='1' changeset='1'>
    <nd ref='468' />
    <nd ref='469' />
    <nd ref='470' />
    <nd ref='471' />
    <nd ref='468' />
    <tag k='landuse' v='farmland' />
  </way>
  <way id='49' timestamp='2026-06-02T00:00:00Z' uid='1' user='osm_generator' visible='true' version='1' changeset='1'>
    <nd ref='472' />
    <nd ref='473' />
    <nd ref='474' />
    <nd ref='475' />
    <nd ref='472' />
    <tag k='landuse' v='farmland' />
  </way>
  <way id='50' timestamp='2026-06-02T00:00:00Z' uid='1' user='osm_generator' visible='true' version='1' changeset='1'>
    <nd ref='476' />
    <nd ref='477' />
    <nd ref='478' />
    <nd ref='479' />
    <nd ref='476' />
    <tag k='landuse' v='farmland' />
  </way>
  <way id='51' timestamp='2026-06-02T00:00:00Z' uid='1' user='osm_generator' visible='true' version='1' changeset='1'>
    <nd ref='480' />
    <nd ref='481' />
    <nd ref='482' />
    <nd ref='483' />
    <nd ref='480' />
    <tag k='landuse' v='farmland' />
  </way>
  <way id='52' timestamp='2026-06-02T00:00:00Z' uid='1' user='osm_generator' visible='true' version='1' changeset='1'>
    <nd ref='484' />
    <nd ref='485' />
    <nd ref='486' />
    <nd ref='487' />
    <nd ref='484' />
    <tag k='landuse' v='farmland' />
  </way>
  <way id='53' timestamp='2026-06-02T00:00:00Z' uid='1' user='osm_generator' visible='true' version='1' changeset='1'>
    <nd ref='488' />
    <nd ref='489' />
    <nd ref='490' />
    <nd ref='491' />
    <nd ref='488' />
    <tag k='landuse' v='farmland' />
  </way>
  <way id='54' timestamp='2026-06-02T00:00:00Z' uid='1' user='osm_generator' visible='true' version='1' changeset='1'>
    <nd ref='492' />
    <nd ref='493' />
    <nd ref='494' />
    <nd ref='495' />
    <nd ref='492' />
    <tag k='landuse' v='farmland' />
  </way>
  <way id='55' timestamp='2026-06-02T00:00:00Z' uid='1' user='osm_generator' visible='true' version='1' changeset='1'>
    <nd ref='496' />
    <nd ref='497' />
    <nd ref='498' />
    <nd ref='499' />
    <nd ref='496' />
    <tag k='landuse' v='farmland' />
  </way>
  <way id='56' timestamp='2026-06-02T00:00:00Z' uid='1' user='osm_generator' visible='true' version='1' changeset='1'>
    <nd ref='500' />
    <nd ref='501' />
    <nd ref='502' />
    <nd ref='503' />
    <nd ref='500' />
    <tag k='landuse' v='farmland' />
  </way>
  <way id='57' timestamp='2026-06-02T00:00:00Z' uid='1' user='osm_generator' visible='true' version='1' changeset='1'>
    <nd ref='504' />
    <nd ref='505' />
    <nd ref='506' />
    <nd ref='507' />
    <nd ref='504' />
    <tag k='landuse' v='farmland' />
  </way>
  <way id='58' timestamp='2026-06-02T00:00:00Z' uid='1' user='osm_generator' visible='true' version='1' changeset='1'>
    <nd ref='508' />
    <nd ref='509' />
    <nd ref='510' />
    <nd ref='511' />
    <nd ref='508' />
    <tag k='landuse' v='farmland' />
  </way>
  <way id='59' timestamp='2026-06-02T00:00:00Z' uid='1' user='osm_generator' visible='true' version='1' changeset='1'>
    <nd ref='512' />
    <nd ref='513' />
    <nd ref='514' />
    <nd ref='515' />
    <nd ref='512' />
    <tag k='landuse' v='farmland' />
  </way>
  <way id='60' timestamp='2026-06-02T00:00:00Z' uid='1' user='osm_generator' visible='true' version='1' changeset='1'>
    <nd ref='516' />
    <nd ref='517' />
    <nd ref='518' />
    <nd ref='519' />
    <nd ref='516' />
    <tag k='landuse' v='farmland' />
  </way>
  <way id='61' timestamp='2026-06-02T00:00:00Z' uid='1' user='osm_generator' visible='true' version='1' changeset='1'>
    <nd ref='520' />
    <nd ref='521' />
    <nd ref='522' />
    <nd ref='523' />
    <nd ref='520' />
    <tag k='landuse' v='farmland' />
  </way>
  <way id='62' timestamp='2026-06-02T00:00:00Z' uid='1' user='osm_generator' visible='true' version='1' changeset='1'>
    <nd ref='524' />
    <nd ref='525' />
    <nd ref='526' />
    <nd ref='527' />
    <nd ref='524' />
    <tag k='landuse' v='farmland' />
  </way>
  <way id='63' timestamp='2026-06-02T00:00:00Z' uid='1' user='osm_generator' visible='true' version='1' changeset='1'>
    <nd ref='528' />
    <nd ref='529' />
    <nd ref='530' />
    <nd ref='531' />
    <nd ref='528' />
    <tag k='landuse' v='farmland' />
  </way>
  <way id='64' timestamp='2026-06-02T00:00:00Z' uid='1' user='osm_generator' visible='true' version='1' changeset='1'>
    <nd ref='532' />
    <nd ref='533' />
    <nd ref='534' />
    <nd ref='535' />
    <nd ref='532' />
    <tag k='landuse' v='farmland' />
  </way>
  <way id='65' timestamp='2026-06-02T00:00:00Z' uid='1' user='osm_generator' visible='true' version='1' changeset='1'>
    <nd ref='536' />
    <nd ref='537' />
    <nd ref='538' />
    <nd ref='539' />
    <nd ref='536' />
    <tag k='landuse' v='farmland' />
  </way>
  <way id='66' timestamp='2026-06-02T00:00:00Z' uid='1' user='osm_generator' visible='true' version='1' changeset='1'>
    <nd ref='540' />
    <nd ref='541' />
    <nd ref='542' />
    <nd ref='543' />
    <nd ref='540' />
    <tag k='landuse' v='farmland' />
  </way>
  <way id='67' timestamp='2026-06-02T00:00:00Z' uid='1' user='osm_generator' visible='true' version='1' changeset='1'>
    <nd ref='544' />
    <nd ref='545' />
    <nd ref='546' />
    <nd ref='547' />
    <nd ref='544' />
    <tag k='landuse' v='farmland' />
  </way>
  <way id='68' timestamp='2026-06-02T00:00:00Z' uid='1' user='osm_generator' visible='true' version='1' changeset='1'>
    <nd ref='548' />
    <nd ref='549' />
    <nd ref='550' />
    <nd ref='551' />
    <nd ref='548' />
    <tag k='landuse' v='farmland' />
  </way>
  <way id='69' timestamp='2026-06-02T00:00:00Z' uid='1' user='osm_generator' visible='true' version='1' changeset='1'>
    <nd ref='552' />
    <nd ref='553' />
    <nd ref='554' />
    <nd ref='555' />
    <nd ref='552' />
    <tag k='landuse' v='residential' />
  </way>
  <way id='70' timestamp='2026-06-02T00:00:00Z' uid='1' user='osm_generator' visible='true' version='1' changeset='1'>
    <nd ref='556' />
    <nd ref='557' />
    <nd ref='558' />
    <nd ref='559' />
    <nd ref='560' />
    <nd ref='561' />
    <tag k='highway' v='secondary' />
  </way>
  <way id='71' timestamp='2026-06-02T00:00:00Z' uid='1' user='osm_generator' visible='true' version='1' changeset='1'>
    <nd ref='562' />
    <nd ref='563' />
    <nd ref='564' />
    <nd ref='565' />
    <nd ref='566' />
    <nd ref='567' />
    <tag k='highway' v='secondary' />
  </way>
  <way id='72' timestamp='2026-06-02T00:00:00Z' uid='1' user='osm_generator' visible='true' version='1' changeset='1'>
    <nd ref='568' />
    <nd ref='569' />
    <nd ref='570' />
    <nd ref='571' />
    <nd ref='572' />
    <nd ref='573' />
    <tag k='highway' v='secondary' />
  </way>
  <way id='73' timestamp='2026-06-02T00:00:00Z' uid='1' user='osm_generator' visible='true' version='1' changeset='1'>
    <nd ref='574' />
    <nd ref='557' />
    <nd ref='563' />
    <nd ref='569' />
    <nd ref='575' />
    <tag k='highway' v='secondary' />
  </way>
  <way id='74' timestamp='2026-06-02T00:00:00Z' uid='1' user='osm_generator' visible='true' version='1' changeset='1'>
    <nd ref='576' />
    <nd ref='558' />
    <nd ref='564' />
    <nd ref='570' />
    <nd ref='577' />
    <tag k='highway' v='secondary' />
  </way>
  <way id='75' timestamp='2026-06-02T00:00:00Z' uid='1' user='osm_generator' visible='true' version='1' changeset='1'>
    <nd ref='578' />
    <nd ref='559' />
    <nd ref='565' />
    <nd ref='571' />
    <nd ref='579' />
    <tag k='highway' v='secondary' />
  </way>
  <way id='76' timestamp='2026-06-02T00:00:00Z' uid='1' user='osm_generator' visible='true' version='1' changeset='1'>
    <nd ref='580' />
    <nd ref='560' />
    <nd ref='566' />
    <nd ref='572' />
    <nd ref='581' />
    <tag k='highway' v='secondary' />
  </way>
  <way id='77' timestamp='2026-06-02T00:00:00Z' uid='1' user='osm_generator' visible='true' version='1' changeset='1'>
    <nd ref='582' />
    <nd ref='583' />
    <nd ref='584' />
    <nd ref='585' />
    <nd ref='582' />
    <tag k='building' v='industrial' />
    <tag k='landuse' v='farmyard' />
  </way>
  <way id='78' timestamp='2026-06-02T00:00:00Z' uid='1' user='osm_generator' visible='true' version='1' changeset='1'>
    <nd ref='586' />
    <nd ref='587' />
    <nd ref='588' />
    <nd ref='589' />
    <nd ref='586' />
    <tag k='building' v='industrial' />
    <tag k='landuse' v='farmyard' />
  </way>
  <way id='79' timestamp='2026-06-02T00:00:00Z' uid='1' user='osm_generator' visible='true' version='1' changeset='1'>
    <nd ref='590' />
    <nd ref='591' />
    <nd ref='592' />
    <nd ref='593' />
    <nd ref='590' />
    <tag k='building' v='industrial' />
    <tag k='landuse' v='farmyard' />
  </way>
  <way id='80' timestamp='2026-06-02T00:00:00Z' uid='1' user='osm_generator' visible='true' version='1' changeset='1'>
    <nd ref='594' />
    <nd ref='595' />
    <nd ref='596' />
    <nd ref='597' />
    <nd ref='594' />
    <tag k='building' v='industrial' />
    <tag k='landuse' v='farmyard' />
  </way>
  <way id='81' timestamp='2026-06-02T00:00:00Z' uid='1' user='osm_generator' visible='true' version='1' changeset='1'>
    <nd ref='598' />
    <nd ref='599' />
    <nd ref='600' />
    <nd ref='601' />
    <nd ref='598' />
    <tag k='building' v='industrial' />
    <tag k='landuse' v='farmyard' />
  </way>
  <way id='82' timestamp='2026-06-02T00:00:00Z' uid='1' user='osm_generator' visible='true' version='1' changeset='1'>
    <nd ref='602' />
    <nd ref='603' />
    <nd ref='604' />
    <nd ref='605' />
    <nd ref='602' />
    <tag k='building' v='industrial' />
    <tag k='landuse' v='farmyard' />
  </way>
  <way id='83' timestamp='2026-06-02T00:00:00Z' uid='1' user='osm_generator' visible='true' version='1' changeset='1'>
    <nd ref='606' />
    <nd ref='607' />
    <nd ref='608' />
    <nd ref='609' />
    <nd ref='606' />
    <tag k='building' v='industrial' />
    <tag k='landuse' v='farmyard' />
  </way>
  <way id='84' timestamp='2026-06-02T00:00:00Z' uid='1' user='osm_generator' visible='true' version='1' changeset='1'>
    <nd ref='610' />
    <nd ref='611' />
    <nd ref='612' />
    <nd ref='613' />
    <nd ref='610' />
    <tag k='building' v='industrial' />
    <tag k='landuse' v='farmyard' />
  </way>
  <way id='85' timestamp='2026-06-02T00:00:00Z' uid='1' user='osm_generator' visible='true' version='1' changeset='1'>
    <nd ref='614' />
    <nd ref='615' />
    <nd ref='616' />
    <nd ref='617' />
    <nd ref='618' />
    <nd ref='619' />
    <nd ref='620' />
    <nd ref='621' />
    <nd ref='622' />
    <nd ref='623' />
    <nd ref='624' />
    <nd ref='625' />
    <nd ref='626' />
    <nd ref='627' />
    <nd ref='628' />
    <nd ref='629' />
    <nd ref='630' />
    <nd ref='631' />
    <nd ref='632' />
    <nd ref='633' />
    <nd ref='634' />
    <nd ref='635' />
    <nd ref='636' />
    <nd ref='637' />
    <nd ref='638' />
    <nd ref='639' />
    <nd ref='640' />
    <nd ref='641' />
    <nd ref='642' />
    <nd ref='643' />
    <nd ref='644' />
    <nd ref='645' />
    <nd ref='646' />
    <nd ref='647' />
    <nd ref='648' />
    <nd ref='649' />
    <nd ref='650' />
    <nd ref='651' />
    <nd ref='652' />
    <nd ref='653' />
    <nd ref='654' />
    <nd ref='655' />
    <nd ref='656' />
    <nd ref='657' />
    <nd ref='658' />
    <nd ref='659' />
    <nd ref='660' />
    <nd ref='661' />
    <nd ref='662' />
    <nd ref='663' />
    <nd ref='664' />
    <nd ref='665' />
    <nd ref='666' />
    <nd ref='667' />
    <nd ref='668' />
    <nd ref='669' />
    <nd ref='670' />
    <nd ref='671' />
    <nd ref='672' />
    <nd ref='673' />
    <nd ref='674' />
    <nd ref='675' />
    <nd ref='676' />
    <nd ref='677' />
    <nd ref='678' />
    <nd ref='679' />
    <nd ref='680' />
    <nd ref='681' />
    <nd ref='682' />
    <nd ref='683' />
    <nd ref='684' />
    <nd ref='685' />
    <nd ref='686' />
    <nd ref='687' />
    <nd ref='688' />
    <nd ref='689' />
    <nd ref='690' />
    <nd ref='691' />
    <nd ref='692' />
    <nd ref='693' />
    <nd ref='694' />
    <nd ref='695' />
    <nd ref='614' />
    <tag k='landuse' v='farmyard' />
    <tag k='name' v='Bosque de la Meseta' />
    <tag k='natural' v='wood' />
  </way>
  <way id='86' timestamp='2026-06-02T00:00:00Z' uid='1' user='osm_generator' visible='true' version='1' changeset='1'>
    <nd ref='696' />
    <nd ref='697' />
    <nd ref='698' />
    <nd ref='699' />
    <nd ref='700' />
    <nd ref='701' />
    <tag k='highway' v='primary' />
  </way>
  <way id='87' timestamp='2026-06-02T00:00:00Z' uid='1' user='osm_generator' visible='true' version='1' changeset='1'>
    <nd ref='702' />
    <nd ref='703' />
    <nd ref='704' />
    <nd ref='705' />
    <nd ref='706' />
    <nd ref='707' />
    <tag k='highway' v='primary' />
  </way>
  <way id='88' timestamp='2026-06-02T00:00:00Z' uid='1' user='osm_generator' visible='true' version='1' changeset='1'>
    <nd ref='700' />
    <nd ref='708' />
    <nd ref='709' />
    <nd ref='710' />
    <nd ref='711' />
    <nd ref='712' />
    <nd ref='713' />
    <nd ref='714' />
    <nd ref='715' />
    <nd ref='716' />
    <nd ref='717' />
    <nd ref='718' />
    <nd ref='719' />
    <nd ref='720' />
    <nd ref='721' />
    <nd ref='722' />
    <nd ref='723' />
    <nd ref='724' />
    <nd ref='725' />
    <nd ref='726' />
    <nd ref='727' />
    <nd ref='728' />
    <nd ref='729' />
    <nd ref='730' />
    <nd ref='731' />
    <nd ref='732' />
    <nd ref='733' />
    <nd ref='734' />
    <nd ref='735' />
    <nd ref='736' />
    <nd ref='737' />
    <nd ref='738' />
    <nd ref='739' />
    <nd ref='740' />
    <nd ref='741' />
    <nd ref='742' />
    <nd ref='743' />
    <nd ref='744' />
    <nd ref='745' />
    <nd ref='746' />
    <nd ref='747' />
    <nd ref='748' />
    <nd ref='749' />
    <nd ref='750' />
    <nd ref='751' />
    <nd ref='752' />
    <nd ref='753' />
    <nd ref='754' />
    <nd ref='755' />
    <nd ref='756' />
    <nd ref='757' />
    <nd ref='758' />
    <nd ref='759' />
    <nd ref='760' />
    <nd ref='761' />
    <nd ref='762' />
    <nd ref='763' />
    <nd ref='764' />
    <nd ref='765' />
    <nd ref='766' />
    <nd ref='767' />
    <nd ref='768' />
    <nd ref='769' />
    <nd ref='770' />
    <nd ref='771' />
    <nd ref='772' />
    <nd ref='773' />
    <nd ref='774' />
    <nd ref='775' />
    <nd ref='776' />
    <nd ref='777' />
    <nd ref='778' />
    <nd ref='779' />
    <nd ref='780' />
    <nd ref='781' />
    <nd ref='782' />
    <nd ref='783' />
    <nd ref='784' />
    <nd ref='785' />
    <nd ref='786' />
    <nd ref='787' />
    <nd ref='788' />
    <nd ref='789' />
    <nd ref='790' />
    <nd ref='791' />
    <nd ref='792' />
    <nd ref='793' />
    <nd ref='794' />
    <nd ref='795' />
    <nd ref='796' />
    <nd ref='797' />
    <nd ref='798' />
    <nd ref='799' />
    <nd ref='800' />
    <nd ref='801' />
    <nd ref='802' />
    <nd ref='803' />
    <nd ref='804' />
    <nd ref='805' />
    <nd ref='806' />
    <nd ref='807' />
    <nd ref='808' />
    <nd ref='809' />
    <nd ref='810' />
    <nd ref='811' />
    <nd ref='812' />
    <nd ref='813' />
    <nd ref='814' />
    <nd ref='815' />
    <nd ref='816' />
    <nd ref='817' />
    <nd ref='818' />
    <nd ref='819' />
    <nd ref='820' />
    <nd ref='821' />
    <nd ref='822' />
    <nd ref='823' />
    <nd ref='824' />
    <nd ref='825' />
    <nd ref='826' />
    <nd ref='827' />
    <nd ref='828' />
    <nd ref='829' />
    <nd ref='830' />
    <nd ref='831' />
    <nd ref='832' />
    <nd ref='833' />
    <nd ref='834' />
    <nd ref='835' />
    <nd ref='836' />
    <nd ref='837' />
    <nd ref='838' />
    <nd ref='839' />
    <nd ref='840' />
    <nd ref='841' />
    <nd ref='842' />
    <nd ref='843' />
    <nd ref='844' />
    <nd ref='845' />
    <nd ref='846' />
    <nd ref='847' />
    <nd ref='848' />
    <nd ref='849' />
    <nd ref='850' />
    <nd ref='851' />
    <nd ref='852' />
    <nd ref='853' />
    <nd ref='854' />
    <nd ref='855' />
    <nd ref='856' />
    <nd ref='857' />
    <nd ref='858' />
    <nd ref='859' />
    <nd ref='860' />
    <nd ref='861' />
    <nd ref='862' />
    <nd ref='863' />
    <nd ref='864' />
    <nd ref='865' />
    <nd ref='866' />
    <nd ref='867' />
    <nd ref='868' />
    <nd ref='869' />
    <nd ref='870' />
    <nd ref='871' />
    <nd ref='872' />
    <nd ref='873' />
    <nd ref='874' />
    <nd ref='875' />
    <nd ref='876' />
    <nd ref='877' />
    <nd ref='878' />
    <nd ref='879' />
    <nd ref='880' />
    <nd ref='881' />
    <nd ref='882' />
    <nd ref='883' />
    <nd ref='703' />
    <tag k='highway' v='primary' />
    <tag k='name' v='Camino de la Meseta' />
  </way>
  <way id='89' timestamp='2026-06-02T00:00:00Z' uid='1' user='osm_generator' visible='true' version='1' changeset='1'>
    <nd ref='884' />
    <nd ref='885' />
    <nd ref='886' />
    <nd ref='887' />
    <nd ref='888' />
    <tag k='highway' v='track' />
    <tag k='name' v='Sendero Norte 1' />
    <tag k='surface' v='dirt' />
  </way>
  <way id='90' timestamp='2026-06-02T00:00:00Z' uid='1' user='osm_generator' visible='true' version='1' changeset='1'>
    <nd ref='889' />
    <nd ref='890' />
    <nd ref='891' />
    <nd ref='892' />
    <nd ref='893' />
    <tag k='highway' v='track' />
    <tag k='name' v='Sendero Norte 2' />
    <tag k='surface' v='dirt' />
  </way>
  <way id='91' timestamp='2026-06-02T00:00:00Z' uid='1' user='osm_generator' visible='true' version='1' changeset='1'>
    <nd ref='894' />
    <nd ref='895' />
    <nd ref='896' />
    <nd ref='897' />
    <nd ref='898' />
    <tag k='highway' v='track' />
    <tag k='name' v='Sendero Norte 3' />
    <tag k='surface' v='dirt' />
  </way>
  <way id='92' timestamp='2026-06-02T00:00:00Z' uid='1' user='osm_generator' visible='true' version='1' changeset='1'>
    <nd ref='899' />
    <nd ref='900' />
    <nd ref='901' />
    <nd ref='902' />
    <nd ref='903' />
    <tag k='highway' v='track' />
    <tag k='name' v='Sendero Sur 1' />
    <tag k='surface' v='dirt' />
  </way>
  <way id='93' timestamp='2026-06-02T00:00:00Z' uid='1' user='osm_generator' visible='true' version='1' changeset='1'>
    <nd ref='904' />
    <nd ref='905' />
    <nd ref='906' />
    <nd ref='907' />
    <nd ref='908' />
    <tag k='highway' v='track' />
    <tag k='name' v='Sendero Sur 2' />
    <tag k='surface' v='dirt' />
  </way>
  <way id='94' timestamp='2026-06-02T00:00:00Z' uid='1' user='osm_generator' visible='true' version='1' changeset='1'>
    <nd ref='909' />
    <nd ref='910' />
    <nd ref='911' />
    <nd ref='912' />
    <nd ref='913' />
    <tag k='highway' v='track' />
    <tag k='name' v='Sendero Sur 3' />
    <tag k='surface' v='dirt' />
  </way>
  <way id='95' timestamp='2026-06-02T00:00:00Z' uid='1' user='osm_generator' visible='true' version='1' changeset='1'>
    <nd ref='914' />
    <nd ref='915' />
    <nd ref='916' />
    <nd ref='917' />
    <nd ref='918' />
    <nd ref='919' />
    <tag k='highway' v='track' />
    <tag k='name' v='Sendero Horizontal Norte' />
    <tag k='surface' v='dirt' />
  </way>
  <way id='96' timestamp='2026-06-02T00:00:00Z' uid='1' user='osm_generator' visible='true' version='1' changeset='1'>
    <nd ref='920' />
    <nd ref='921' />
    <nd ref='922' />
    <nd ref='923' />
    <nd ref='924' />
    <nd ref='925' />
    <tag k='highway' v='track' />
    <tag k='name' v='Sendero Horizontal Sur' />
    <tag k='surface' v='dirt' />
  </way>
</osm>
