<?xml version="1.0" ?>
<osm version="0.6" generator="osm_generator_py">
  <bounds minlat="27.061491919529107" minlon="-109.7277558150625" maxlat="27.098328080470893" maxlon="-109.6863841849375"/>
  <node id="1" lat="27.09819318" lon="-109.72760431" version="1" changeset="1" user="osm_generator" uid="1" timestamp="2026-06-02T00:00:00Z"/>
  <node id="2" lat="27.09819318" lon="-109.72328618" version="1" changeset="1" user="osm_generator" uid="1" timestamp="2026-06-02T00:00:00Z"/>
  <node id="3" lat="27.09398482" lon="-109.72199941" version="1" changeset="1" user="osm_generator" uid="1" timestamp="2026-06-02T00:00:00Z"/>
  <node id="4" lat="27.09368772" lon="-109.72760431" version="1" changeset="1" user="osm_generator" uid="1" timestamp="2026-06-02T00:00:00Z"/>
  <node id="5" lat="27.09341745" lon="-109.72760431" version="1" changeset="1" user="osm_generator" uid="1" timestamp="2026-06-02T00:00:00Z"/>
  <node id="6" lat="27.09371506" lon="-109.72198968" version="1" changeset="1" user="osm_generator" uid="1" timestamp="2026-06-02T00:00:00Z"/>
  <node id="7" lat="27.08860614" lon="-109.72308864" version="1" changeset="1" user="osm_generator" uid="1" timestamp="2026-06-02T00:00:00Z"/>
  <node id="8" lat="27.08933859" lon="-109.72760431" version="1" changeset="1" user="osm_generator" uid="1" timestamp="2026-06-02T00:00:00Z"/>
  <node id="9" lat="27.08906435" lon="-109.72760431" version="1" changeset="1" user="osm_generator" uid="1" timestamp="2026-06-02T00:00:00Z"/>
  <node id="10" lat="27.08833416" lon="-109.72310252" version="1" changeset="1" user="osm_generator" uid="1" timestamp="2026-06-02T00:00:00Z"/>
  <node id="11" lat="27.08513453" lon="-109.72258561" version="1" changeset="1" user="osm_generator" uid="1" timestamp="2026-06-02T00:00:00Z"/>
  <node id="12" lat="27.08371579" lon="-109.72760431" version="1" changeset="1" user="osm_generator" uid="1" timestamp="2026-06-02T00:00:00Z"/>
  <node id="13" lat="27.08016677" lon="-109.72760431" version="1" changeset="1" user="osm_generator" uid="1" timestamp="2026-06-02T00:00:00Z"/>
  <node id="14" lat="27.08038691" lon="-109.72381389" version="1" changeset="1" user="osm_generator" uid="1" timestamp="2026-06-02T00:00:00Z"/>
  <node id="15" lat="27.07583513" lon="-109.72371980" version="1" changeset="1" user="osm_generator" uid="1" timestamp="2026-06-02T00:00:00Z"/>
  <node id="16" lat="27.07490625" lon="-109.72760431" version="1" changeset="1" user="osm_generator" uid="1" timestamp="2026-06-02T00:00:00Z"/>
  <node id="17" lat="27.07462689" lon="-109.72760431" version="1" changeset="1" user="osm_generator" uid="1" timestamp="2026-06-02T00:00:00Z"/>
  <node id="18" lat="27.07556371" lon="-109.72368662" version="1" changeset="1" user="osm_generator" uid="1" timestamp="2026-06-02T00:00:00Z"/>
  <node id="19" lat="27.07058194" lon="-109.72270042" version="1" changeset="1" user="osm_generator" uid="1" timestamp="2026-06-02T00:00:00Z"/>
  <node id="20" lat="27.07129920" lon="-109.72760431" version="1" changeset="1" user="osm_generator" uid="1" timestamp="2026-06-02T00:00:00Z"/>
  <node id="21" lat="27.07102579" lon="-109.72760431" version="1" changeset="1" user="osm_generator" uid="1" timestamp="2026-06-02T00:00:00Z"/>
  <node id="22" lat="27.07030393" lon="-109.72266895" version="1" changeset="1" user="osm_generator" uid="1" timestamp="2026-06-02T00:00:00Z"/>
  <node id="23" lat="27.06638295" lon="-109.72278170" version="1" changeset="1" user="osm_generator" uid="1" timestamp="2026-06-02T00:00:00Z"/>
  <node id="24" lat="27.06595355" lon="-109.72760431" version="1" changeset="1" user="osm_generator" uid="1" timestamp="2026-06-02T00:00:00Z"/>
  <node id="25" lat="27.06568240" lon="-109.72760431" version="1" changeset="1" user="osm_generator" uid="1" timestamp="2026-06-02T00:00:00Z"/>
  <node id="26" lat="27.06611387" lon="-109.72275847" version="1" changeset="1" user="osm_generator" uid="1" timestamp="2026-06-02T00:00:00Z"/>
  <node id="27" lat="27.06162682" lon="-109.72187024" version="1" changeset="1" user="osm_generator" uid="1" timestamp="2026-06-02T00:00:00Z"/>
  <node id="28" lat="27.06162682" lon="-109.72760431" version="1" changeset="1" user="osm_generator" uid="1" timestamp="2026-06-02T00:00:00Z"/>
  <node id="29" lat="27.09819318" lon="-109.72297213" version="1" changeset="1" user="osm_generator" uid="1" timestamp="2026-06-02T00:00:00Z"/>
  <node id="30" lat="27.09819318" lon="-109.72021614" version="1" changeset="1" user="osm_generator" uid="1" timestamp="2026-06-02T00:00:00Z"/>
  <node id="31" lat="27.09607063" lon="-109.72008808" version="1" changeset="1" user="osm_generator" uid="1" timestamp="2026-06-02T00:00:00Z"/>
  <node id="32" lat="27.09622152" lon="-109.72236927" version="1" changeset="1" user="osm_generator" uid="1" timestamp="2026-06-02T00:00:00Z"/>
  <node id="33" lat="27.09594539" lon="-109.72228484" version="1" changeset="1" user="osm_generator" uid="1" timestamp="2026-06-02T00:00:00Z"/>
  <node id="34" lat="27.09579901" lon="-109.72007169" version="1" changeset="1" user="osm_generator" uid="1" timestamp="2026-06-02T00:00:00Z"/>
  <node id="35" lat="27.09368574" lon="-109.71994420" version="1" changeset="1" user="osm_generator" uid="1" timestamp="2026-06-02T00:00:00Z"/>
  <node id="36" lat="27.09397698" lon="-109.72168297" version="1" changeset="1" user="osm_generator" uid="1" timestamp="2026-06-02T00:00:00Z"/>
  <node id="37" lat="27.09819318" lon="-109.71991268" version="1" changeset="1" user="osm_generator" uid="1" timestamp="2026-06-02T00:00:00Z"/>
  <node id="38" lat="27.09819318" lon="-109.71714821" version="1" changeset="1" user="osm_generator" uid="1" timestamp="2026-06-02T00:00:00Z"/>
  <node id="39" lat="27.09589936" lon="-109.71749870" version="1" changeset="1" user="osm_generator" uid="1" timestamp="2026-06-02T00:00:00Z"/>
  <node id="40" lat="27.09605048" lon="-109.71978341" version="1" changeset="1" user="osm_generator" uid="1" timestamp="2026-06-02T00:00:00Z"/>
  <node id="41" lat="27.09370260" lon="-109.72168384" version="1" changeset="1" user="osm_generator" uid="1" timestamp="2026-06-02T00:00:00Z"/>
  <node id="42" lat="27.09307381" lon="-109.71792983" version="1" changeset="1" user="osm_generator" uid="1" timestamp="2026-06-02T00:00:00Z"/>
  <node id="43" lat="27.09203560" lon="-109.71808357" version="1" changeset="1" user="osm_generator" uid="1" timestamp="2026-06-02T00:00:00Z"/>
  <node id="44" lat="27.09189914" lon="-109.72207177" version="1" changeset="1" user="osm_generator" uid="1" timestamp="2026-06-02T00:00:00Z"/>
  <node id="45" lat="27.09162714" lon="-109.72213028" version="1" changeset="1" user="osm_generator" uid="1" timestamp="2026-06-02T00:00:00Z"/>
  <node id="46" lat="27.09176423" lon="-109.71812375" version="1" changeset="1" user="osm_generator" uid="1" timestamp="2026-06-02T00:00:00Z"/>
  <node id="47" lat="27.08965887" lon="-109.71843552" version="1" changeset="1" user="osm_generator" uid="1" timestamp="2026-06-02T00:00:00Z"/>
  <node id="48" lat="27.08863485" lon="-109.72277394" version="1" changeset="1" user="osm_generator" uid="1" timestamp="2026-06-02T00:00:00Z"/>
  <node id="49" lat="27.08834984" lon="-109.72279892" version="1" changeset="1" user="osm_generator" uid="1" timestamp="2026-06-02T00:00:00Z"/>
  <node id="50" lat="27.08937473" lon="-109.71845679" version="1" changeset="1" user="osm_generator" uid="1" timestamp="2026-06-02T00:00:00Z"/>
  <node id="51" lat="27.08413137" lon="-109.71865289" version="1" changeset="1" user="osm_generator" uid="1" timestamp="2026-06-02T00:00:00Z"/>
  <node id="52" lat="27.08514387" lon="-109.72228098" version="1" changeset="1" user="osm_generator" uid="1" timestamp="2026-06-02T00:00:00Z"/>
  <node id="53" lat="27.08486890" lon="-109.72230882" version="1" changeset="1" user="osm_generator" uid="1" timestamp="2026-06-02T00:00:00Z"/>
  <node id="54" lat="27.08384207" lon="-109.71862935" version="1" changeset="1" user="osm_generator" uid="1" timestamp="2026-06-02T00:00:00Z"/>
  <node id="55" lat="27.07925348" lon="-109.71703641" version="1" changeset="1" user="osm_generator" uid="1" timestamp="2026-06-02T00:00:00Z"/>
  <node id="56" lat="27.08063024" lon="-109.72348175" version="1" changeset="1" user="osm_generator" uid="1" timestamp="2026-06-02T00:00:00Z"/>
  <node id="57" lat="27.08035887" lon="-109.72351024" version="1" changeset="1" user="osm_generator" uid="1" timestamp="2026-06-02T00:00:00Z"/>
  <node id="58" lat="27.07896498" lon="-109.71698468" version="1" changeset="1" user="osm_generator" uid="1" timestamp="2026-06-02T00:00:00Z"/>
  <node id="59" lat="27.07585490" lon="-109.71753837" version="1" changeset="1" user="osm_generator" uid="1" timestamp="2026-06-02T00:00:00Z"/>
  <node id="60" lat="27.07586679" lon="-109.72341738" version="1" changeset="1" user="osm_generator" uid="1" timestamp="2026-06-02T00:00:00Z"/>
  <node id="61" lat="27.06610299" lon="-109.72244863" version="1" changeset="1" user="osm_generator" uid="1" timestamp="2026-06-02T00:00:00Z"/>
  <node id="62" lat="27.06589336" lon="-109.72064663" version="1" changeset="1" user="osm_generator" uid="1" timestamp="2026-06-02T00:00:00Z"/>
  <node id="63" lat="27.06389955" lon="-109.71998878" version="1" changeset="1" user="osm_generator" uid="1" timestamp="2026-06-02T00:00:00Z"/>
  <node id="64" lat="27.06400475" lon="-109.72203327" version="1" changeset="1" user="osm_generator" uid="1" timestamp="2026-06-02T00:00:00Z"/>
  <node id="65" lat="27.06373173" lon="-109.72197923" version="1" changeset="1" user="osm_generator" uid="1" timestamp="2026-06-02T00:00:00Z"/>
  <node id="66" lat="27.06362464" lon="-109.71989807" version="1" changeset="1" user="osm_generator" uid="1" timestamp="2026-06-02T00:00:00Z"/>
  <node id="67" lat="27.06162682" lon="-109.71923889" version="1" changeset="1" user="osm_generator" uid="1" timestamp="2026-06-02T00:00:00Z"/>
  <node id="68" lat="27.06162682" lon="-109.72156255" version="1" changeset="1" user="osm_generator" uid="1" timestamp="2026-06-02T00:00:00Z"/>
  <node id="69" lat="27.06360811" lon="-109.71957679" version="1" changeset="1" user="osm_generator" uid="1" timestamp="2026-06-02T00:00:00Z"/>
  <node id="70" lat="27.06351605" lon="-109.71778781" version="1" changeset="1" user="osm_generator" uid="1" timestamp="2026-06-02T00:00:00Z"/>
  <node id="71" lat="27.06162682" lon="-109.71688655" version="1" changeset="1" user="osm_generator" uid="1" timestamp="2026-06-02T00:00:00Z"/>
  <node id="72" lat="27.06162682" lon="-109.71892307" version="1" changeset="1" user="osm_generator" uid="1" timestamp="2026-06-02T00:00:00Z"/>
  <node id="73" lat="27.09819318" lon="-109.71684240" version="1" changeset="1" user="osm_generator" uid="1" timestamp="2026-06-02T00:00:00Z"/>
  <node id="74" lat="27.09819318" lon="-109.71252539" version="1" changeset="1" user="osm_generator" uid="1" timestamp="2026-06-02T00:00:00Z"/>
  <node id="75" lat="27.09709732" lon="-109.71224205" version="1" changeset="1" user="osm_generator" uid="1" timestamp="2026-06-02T00:00:00Z"/>
  <node id="76" lat="27.09599970" lon="-109.71717756" version="1" changeset="1" user="osm_generator" uid="1" timestamp="2026-06-02T00:00:00Z"/>
  <node id="77" lat="27.09571183" lon="-109.71722154" version="1" changeset="1" user="osm_generator" uid="1" timestamp="2026-06-02T00:00:00Z"/>
  <node id="78" lat="27.09683436" lon="-109.71217405" version="1" changeset="1" user="osm_generator" uid="1" timestamp="2026-06-02T00:00:00Z"/>
  <node id="79" lat="27.09474128" lon="-109.71163286" version="1" changeset="1" user="osm_generator" uid="1" timestamp="2026-06-02T00:00:00Z"/>
  <node id="80" lat="27.09336398" lon="-109.71758029" version="1" changeset="1" user="osm_generator" uid="1" timestamp="2026-06-02T00:00:00Z"/>
  <node id="81" lat="27.09307509" lon="-109.71762400" version="1" changeset="1" user="osm_generator" uid="1" timestamp="2026-06-02T00:00:00Z"/>
  <node id="82" lat="27.09392032" lon="-109.71397414" version="1" changeset="1" user="osm_generator" uid="1" timestamp="2026-06-02T00:00:00Z"/>
  <node id="83" lat="27.08906645" lon="-109.71443853" version="1" changeset="1" user="osm_generator" uid="1" timestamp="2026-06-02T00:00:00Z"/>
  <node id="84" lat="27.08966147" lon="-109.71812950" version="1" changeset="1" user="osm_generator" uid="1" timestamp="2026-06-02T00:00:00Z"/>
  <node id="85" lat="27.09399234" lon="-109.71366313" version="1" changeset="1" user="osm_generator" uid="1" timestamp="2026-06-02T00:00:00Z"/>
  <node id="86" lat="27.09447097" lon="-109.71159630" version="1" changeset="1" user="osm_generator" uid="1" timestamp="2026-06-02T00:00:00Z"/>
  <node id="87" lat="27.08856698" lon="-109.71134022" version="1" changeset="1" user="osm_generator" uid="1" timestamp="2026-06-02T00:00:00Z"/>
  <node id="88" lat="27.08901817" lon="-109.71413904" version="1" changeset="1" user="osm_generator" uid="1" timestamp="2026-06-02T00:00:00Z"/>
  <node id="89" lat="27.08939107" lon="-109.71815299" version="1" changeset="1" user="osm_generator" uid="1" timestamp="2026-06-02T00:00:00Z"/>
  <node id="90" lat="27.08898085" lon="-109.71560830" version="1" changeset="1" user="osm_generator" uid="1" timestamp="2026-06-02T00:00:00Z"/>
  <node id="91" lat="27.08467108" lon="-109.71563611" version="1" changeset="1" user="osm_generator" uid="1" timestamp="2026-06-02T00:00:00Z"/>
  <node id="92" lat="27.08412003" lon="-109.71835014" version="1" changeset="1" user="osm_generator" uid="1" timestamp="2026-06-02T00:00:00Z"/>
  <node id="93" lat="27.08893205" lon="-109.71530560" version="1" changeset="1" user="osm_generator" uid="1" timestamp="2026-06-02T00:00:00Z"/>
  <node id="94" lat="27.08829195" lon="-109.71133495" version="1" changeset="1" user="osm_generator" uid="1" timestamp="2026-06-02T00:00:00Z"/>
  <node id="95" lat="27.08553500" lon="-109.71138108" version="1" changeset="1" user="osm_generator" uid="1" timestamp="2026-06-02T00:00:00Z"/>
  <node id="96" lat="27.08473268" lon="-109.71533269" version="1" changeset="1" user="osm_generator" uid="1" timestamp="2026-06-02T00:00:00Z"/>
  <node id="97" lat="27.08385042" lon="-109.71831509" version="1" changeset="1" user="osm_generator" uid="1" timestamp="2026-06-02T00:00:00Z"/>
  <node id="98" lat="27.08524853" lon="-109.71142910" version="1" changeset="1" user="osm_generator" uid="1" timestamp="2026-06-02T00:00:00Z"/>
  <node id="99" lat="27.08034382" lon="-109.71260552" version="1" changeset="1" user="osm_generator" uid="1" timestamp="2026-06-02T00:00:00Z"/>
  <node id="100" lat="27.07923508" lon="-109.71671286" version="1" changeset="1" user="osm_generator" uid="1" timestamp="2026-06-02T00:00:00Z"/>
  <node id="101" lat="27.07548473" lon="-109.71705152" version="1" changeset="1" user="osm_generator" uid="1" timestamp="2026-06-02T00:00:00Z"/>
  <node id="102" lat="27.07450330" lon="-109.71333137" version="1" changeset="1" user="osm_generator" uid="1" timestamp="2026-06-02T00:00:00Z"/>
  <node id="103" lat="27.07078358" lon="-109.71267222" version="1" changeset="1" user="osm_generator" uid="1" timestamp="2026-06-02T00:00:00Z"/>
  <node id="104" lat="27.07130992" lon="-109.71803345" version="1" changeset="1" user="osm_generator" uid="1" timestamp="2026-06-02T00:00:00Z"/>
  <node id="105" lat="27.07104136" lon="-109.71806268" version="1" changeset="1" user="osm_generator" uid="1" timestamp="2026-06-02T00:00:00Z"/>
  <node id="106" lat="27.07050916" lon="-109.71264183" version="1" changeset="1" user="osm_generator" uid="1" timestamp="2026-06-02T00:00:00Z"/>
  <node id="107" lat="27.06691447" lon="-109.71260240" version="1" changeset="1" user="osm_generator" uid="1" timestamp="2026-06-02T00:00:00Z"/>
  <node id="108" lat="27.06597787" lon="-109.71802217" version="1" changeset="1" user="osm_generator" uid="1" timestamp="2026-06-02T00:00:00Z"/>
  <node id="109" lat="27.06571405" lon="-109.71795846" version="1" changeset="1" user="osm_generator" uid="1" timestamp="2026-06-02T00:00:00Z"/>
  <node id="110" lat="27.06663745" lon="-109.71261503" version="1" changeset="1" user="osm_generator" uid="1" timestamp="2026-06-02T00:00:00Z"/>
  <node id="111" lat="27.06162682" lon="-109.71302121" version="1" changeset="1" user="osm_generator" uid="1" timestamp="2026-06-02T00:00:00Z"/>
  <node id="112" lat="27.06162682" lon="-109.71600864" version="1" changeset="1" user="osm_generator" uid="1" timestamp="2026-06-02T00:00:00Z"/>
  <node id="113" lat="27.09819318" lon="-109.71221445" version="1" changeset="1" user="osm_generator" uid="1" timestamp="2026-06-02T00:00:00Z"/>
  <node id="114" lat="27.09819318" lon="-109.70995897" version="1" changeset="1" user="osm_generator" uid="1" timestamp="2026-06-02T00:00:00Z"/>
  <node id="115" lat="27.09646079" lon="-109.70966421" version="1" changeset="1" user="osm_generator" uid="1" timestamp="2026-06-02T00:00:00Z"/>
  <node id="116" lat="27.09661254" lon="-109.71180576" version="1" changeset="1" user="osm_generator" uid="1" timestamp="2026-06-02T00:00:00Z"/>
  <node id="117" lat="27.09633684" lon="-109.71173447" version="1" changeset="1" user="osm_generator" uid="1" timestamp="2026-06-02T00:00:00Z"/>
  <node id="118" lat="27.09618684" lon="-109.70961760" version="1" changeset="1" user="osm_generator" uid="1" timestamp="2026-06-02T00:00:00Z"/>
  <node id="119" lat="27.09446152" lon="-109.70932404" version="1" changeset="1" user="osm_generator" uid="1" timestamp="2026-06-02T00:00:00Z"/>
  <node id="120" lat="27.09476180" lon="-109.71132723" version="1" changeset="1" user="osm_generator" uid="1" timestamp="2026-06-02T00:00:00Z"/>
  <node id="121" lat="27.09819318" lon="-109.70965250" version="1" changeset="1" user="osm_generator" uid="1" timestamp="2026-06-02T00:00:00Z"/>
  <node id="122" lat="27.09819318" lon="-109.70739171" version="1" changeset="1" user="osm_generator" uid="1" timestamp="2026-06-02T00:00:00Z"/>
  <node id="123" lat="27.09628684" lon="-109.70720924" version="1" changeset="1" user="osm_generator" uid="1" timestamp="2026-06-02T00:00:00Z"/>
  <node id="124" lat="27.09643881" lon="-109.70935400" version="1" changeset="1" user="osm_generator" uid="1" timestamp="2026-06-02T00:00:00Z"/>
  <node id="125" lat="27.09448317" lon="-109.71129358" version="1" changeset="1" user="osm_generator" uid="1" timestamp="2026-06-02T00:00:00Z"/>
  <node id="126" lat="27.09383459" lon="-109.70696694" version="1" changeset="1" user="osm_generator" uid="1" timestamp="2026-06-02T00:00:00Z"/>
  <node id="127" lat="27.09172531" lon="-109.70660664" version="1" changeset="1" user="osm_generator" uid="1" timestamp="2026-06-02T00:00:00Z"/>
  <node id="128" lat="27.09204902" lon="-109.71118801" version="1" changeset="1" user="osm_generator" uid="1" timestamp="2026-06-02T00:00:00Z"/>
  <node id="129" lat="27.09177755" lon="-109.71117623" version="1" changeset="1" user="osm_generator" uid="1" timestamp="2026-06-02T00:00:00Z"/>
  <node id="130" lat="27.09145136" lon="-109.70655984" version="1" changeset="1" user="osm_generator" uid="1" timestamp="2026-06-02T00:00:00Z"/>
  <node id="131" lat="27.08933875" lon="-109.70619897" version="1" changeset="1" user="osm_generator" uid="1" timestamp="2026-06-02T00:00:00Z"/>
  <node id="132" lat="27.08856452" lon="-109.71103687" version="1" changeset="1" user="osm_generator" uid="1" timestamp="2026-06-02T00:00:00Z"/>
  <node id="133" lat="27.08829120" lon="-109.71103191" version="1" changeset="1" user="osm_generator" uid="1" timestamp="2026-06-02T00:00:00Z"/>
  <node id="134" lat="27.08862273" lon="-109.70896024" version="1" changeset="1" user="osm_generator" uid="1" timestamp="2026-06-02T00:00:00Z"/>
  <node id="135" lat="27.08475875" lon="-109.70931942" version="1" changeset="1" user="osm_generator" uid="1" timestamp="2026-06-02T00:00:00Z"/>
  <node id="136" lat="27.08551127" lon="-109.71107843" version="1" changeset="1" user="osm_generator" uid="1" timestamp="2026-06-02T00:00:00Z"/>
  <node id="137" lat="27.08867212" lon="-109.70865160" version="1" changeset="1" user="osm_generator" uid="1" timestamp="2026-06-02T00:00:00Z"/>
  <node id="138" lat="27.08905611" lon="-109.70625219" version="1" changeset="1" user="osm_generator" uid="1" timestamp="2026-06-02T00:00:00Z"/>
  <node id="139" lat="27.08422652" lon="-109.70807533" version="1" changeset="1" user="osm_generator" uid="1" timestamp="2026-06-02T00:00:00Z"/>
  <node id="140" lat="27.08463365" lon="-109.70902700" version="1" changeset="1" user="osm_generator" uid="1" timestamp="2026-06-02T00:00:00Z"/>
  <node id="141" lat="27.08010413" lon="-109.71234065" version="1" changeset="1" user="osm_generator" uid="1" timestamp="2026-06-02T00:00:00Z"/>
  <node id="142" lat="27.08015019" lon="-109.70725443" version="1" changeset="1" user="osm_generator" uid="1" timestamp="2026-06-02T00:00:00Z"/>
  <node id="143" lat="27.07571271" lon="-109.70804317" version="1" changeset="1" user="osm_generator" uid="1" timestamp="2026-06-02T00:00:00Z"/>
  <node id="144" lat="27.07477900" lon="-109.71302231" version="1" changeset="1" user="osm_generator" uid="1" timestamp="2026-06-02T00:00:00Z"/>
  <node id="145" lat="27.07450287" lon="-109.71302453" version="1" changeset="1" user="osm_generator" uid="1" timestamp="2026-06-02T00:00:00Z"/>
  <node id="146" lat="27.07543196" lon="-109.70807003" version="1" changeset="1" user="osm_generator" uid="1" timestamp="2026-06-02T00:00:00Z"/>
  <node id="147" lat="27.07106562" lon="-109.70829185" version="1" changeset="1" user="osm_generator" uid="1" timestamp="2026-06-02T00:00:00Z"/>
  <node id="148" lat="27.07077460" lon="-109.71236387" version="1" changeset="1" user="osm_generator" uid="1" timestamp="2026-06-02T00:00:00Z"/>
  <node id="149" lat="27.07050573" lon="-109.71233877" version="1" changeset="1" user="osm_generator" uid="1" timestamp="2026-06-02T00:00:00Z"/>
  <node id="150" lat="27.07079513" lon="-109.70828940" version="1" changeset="1" user="osm_generator" uid="1" timestamp="2026-06-02T00:00:00Z"/>
  <node id="151" lat="27.06647103" lon="-109.70802626" version="1" changeset="1" user="osm_generator" uid="1" timestamp="2026-06-02T00:00:00Z"/>
  <node id="152" lat="27.06692339" lon="-109.71229947" version="1" changeset="1" user="osm_generator" uid="1" timestamp="2026-06-02T00:00:00Z"/>
  <node id="153" lat="27.06400620" lon="-109.71252453" version="1" changeset="1" user="osm_generator" uid="1" timestamp="2026-06-02T00:00:00Z"/>
  <node id="154" lat="27.06389785" lon="-109.71014901" version="1" changeset="1" user="osm_generator" uid="1" timestamp="2026-06-02T00:00:00Z"/>
  <node id="155" lat="27.06162682" lon="-109.71001242" version="1" changeset="1" user="osm_generator" uid="1" timestamp="2026-06-02T00:00:00Z"/>
  <node id="156" lat="27.06162682" lon="-109.71271741" version="1" changeset="1" user="osm_generator" uid="1" timestamp="2026-06-02T00:00:00Z"/>
  <node id="157" lat="27.06640791" lon="-109.70999653" version="1" changeset="1" user="osm_generator" uid="1" timestamp="2026-06-02T00:00:00Z"/>
  <node id="158" lat="27.06619582" lon="-109.70799313" version="1" changeset="1" user="osm_generator" uid="1" timestamp="2026-06-02T00:00:00Z"/>
  <node id="159" lat="27.06404855" lon="-109.70753028" version="1" changeset="1" user="osm_generator" uid="1" timestamp="2026-06-02T00:00:00Z"/>
  <node id="160" lat="27.06415486" lon="-109.70986102" version="1" changeset="1" user="osm_generator" uid="1" timestamp="2026-06-02T00:00:00Z"/>
  <node id="161" lat="27.06388397" lon="-109.70984473" version="1" changeset="1" user="osm_generator" uid="1" timestamp="2026-06-02T00:00:00Z"/>
  <node id="162" lat="27.06377572" lon="-109.70747147" version="1" changeset="1" user="osm_generator" uid="1" timestamp="2026-06-02T00:00:00Z"/>
  <node id="163" lat="27.06162682" lon="-109.70700827" version="1" changeset="1" user="osm_generator" uid="1" timestamp="2026-06-02T00:00:00Z"/>
  <node id="164" lat="27.06162682" lon="-109.70970897" version="1" changeset="1" user="osm_generator" uid="1" timestamp="2026-06-02T00:00:00Z"/>
  <node id="165" lat="27.09819318" lon="-109.70708760" version="1" changeset="1" user="osm_generator" uid="1" timestamp="2026-06-02T00:00:00Z"/>
  <node id="166" lat="27.09819318" lon="-109.70116493" version="1" changeset="1" user="osm_generator" uid="1" timestamp="2026-06-02T00:00:00Z"/>
  <node id="167" lat="27.09471265" lon="-109.70105572" version="1" changeset="1" user="osm_generator" uid="1" timestamp="2026-06-02T00:00:00Z"/>
  <node id="168" lat="27.09410219" lon="-109.70669602" version="1" changeset="1" user="osm_generator" uid="1" timestamp="2026-06-02T00:00:00Z"/>
  <node id="169" lat="27.09383427" lon="-109.70666039" version="1" changeset="1" user="osm_generator" uid="1" timestamp="2026-06-02T00:00:00Z"/>
  <node id="170" lat="27.09413378" lon="-109.70389308" version="1" changeset="1" user="osm_generator" uid="1" timestamp="2026-06-02T00:00:00Z"/>
  <node id="171" lat="27.08886046" lon="-109.70361787" version="1" changeset="1" user="osm_generator" uid="1" timestamp="2026-06-02T00:00:00Z"/>
  <node id="172" lat="27.08933952" lon="-109.70589260" version="1" changeset="1" user="osm_generator" uid="1" timestamp="2026-06-02T00:00:00Z"/>
  <node id="173" lat="27.09416642" lon="-109.70359144" version="1" changeset="1" user="osm_generator" uid="1" timestamp="2026-06-02T00:00:00Z"/>
  <node id="174" lat="27.09443787" lon="-109.70108340" version="1" changeset="1" user="osm_generator" uid="1" timestamp="2026-06-02T00:00:00Z"/>
  <node id="175" lat="27.08896002" lon="-109.70211601" version="1" changeset="1" user="osm_generator" uid="1" timestamp="2026-06-02T00:00:00Z"/>
  <node id="176" lat="27.08921634" lon="-109.70333310" version="1" changeset="1" user="osm_generator" uid="1" timestamp="2026-06-02T00:00:00Z"/>
  <node id="177" lat="27.08393346" lon="-109.70780583" version="1" changeset="1" user="osm_generator" uid="1" timestamp="2026-06-02T00:00:00Z"/>
  <node id="178" lat="27.08497197" lon="-109.70199103" version="1" changeset="1" user="osm_generator" uid="1" timestamp="2026-06-02T00:00:00Z"/>
  <node id="179" lat="27.07984576" lon="-109.70119446" version="1" changeset="1" user="osm_generator" uid="1" timestamp="2026-06-02T00:00:00Z"/>
  <node id="180" lat="27.08041016" lon="-109.70695171" version="1" changeset="1" user="osm_generator" uid="1" timestamp="2026-06-02T00:00:00Z"/>
  <node id="181" lat="27.08013854" lon="-109.70694972" version="1" changeset="1" user="osm_generator" uid="1" timestamp="2026-06-02T00:00:00Z"/>
  <node id="182" lat="27.07957804" lon="-109.70123227" version="1" changeset="1" user="osm_generator" uid="1" timestamp="2026-06-02T00:00:00Z"/>
  <node id="183" lat="27.07585990" lon="-109.70289919" version="1" changeset="1" user="osm_generator" uid="1" timestamp="2026-06-02T00:00:00Z"/>
  <node id="184" lat="27.07573926" lon="-109.70773167" version="1" changeset="1" user="osm_generator" uid="1" timestamp="2026-06-02T00:00:00Z"/>
  <node id="185" lat="27.07546853" lon="-109.70776485" version="1" changeset="1" user="osm_generator" uid="1" timestamp="2026-06-02T00:00:00Z"/>
  <node id="186" lat="27.07558911" lon="-109.70293442" version="1" changeset="1" user="osm_generator" uid="1" timestamp="2026-06-02T00:00:00Z"/>
  <node id="187" lat="27.07155620" lon="-109.70255546" version="1" changeset="1" user="osm_generator" uid="1" timestamp="2026-06-02T00:00:00Z"/>
  <node id="188" lat="27.07108987" lon="-109.70798729" version="1" changeset="1" user="osm_generator" uid="1" timestamp="2026-06-02T00:00:00Z"/>
  <node id="189" lat="27.07081882" lon="-109.70798739" version="1" changeset="1" user="osm_generator" uid="1" timestamp="2026-06-02T00:00:00Z"/>
  <node id="190" lat="27.07128701" lon="-109.70253388" version="1" changeset="1" user="osm_generator" uid="1" timestamp="2026-06-02T00:00:00Z"/>
  <node id="191" lat="27.06548446" lon="-109.70214488" version="1" changeset="1" user="osm_generator" uid="1" timestamp="2026-06-02T00:00:00Z"/>
  <node id="192" lat="27.06643087" lon="-109.70772036" version="1" changeset="1" user="osm_generator" uid="1" timestamp="2026-06-02T00:00:00Z"/>
  <node id="193" lat="27.06614841" lon="-109.70767437" version="1" changeset="1" user="osm_generator" uid="1" timestamp="2026-06-02T00:00:00Z"/>
  <node id="194" lat="27.06520866" lon="-109.70213814" version="1" changeset="1" user="osm_generator" uid="1" timestamp="2026-06-02T00:00:00Z"/>
  <node id="195" lat="27.06162682" lon="-109.70228331" version="1" changeset="1" user="osm_generator" uid="1" timestamp="2026-06-02T00:00:00Z"/>
  <node id="196" lat="27.06162682" lon="-109.70669973" version="1" changeset="1" user="osm_generator" uid="1" timestamp="2026-06-02T00:00:00Z"/>
  <node id="197" lat="27.09819318" lon="-109.70086179" version="1" changeset="1" user="osm_generator" uid="1" timestamp="2026-06-02T00:00:00Z"/>
  <node id="198" lat="27.09819318" lon="-109.69889135" version="1" changeset="1" user="osm_generator" uid="1" timestamp="2026-06-02T00:00:00Z"/>
  <node id="199" lat="27.09634736" lon="-109.69871912" version="1" changeset="1" user="osm_generator" uid="1" timestamp="2026-06-02T00:00:00Z"/>
  <node id="200" lat="27.09658031" lon="-109.70081119" version="1" changeset="1" user="osm_generator" uid="1" timestamp="2026-06-02T00:00:00Z"/>
  <node id="201" lat="27.09819318" lon="-109.69858729" version="1" changeset="1" user="osm_generator" uid="1" timestamp="2026-06-02T00:00:00Z"/>
  <node id="202" lat="27.09819318" lon="-109.69687436" version="1" changeset="1" user="osm_generator" uid="1" timestamp="2026-06-02T00:00:00Z"/>
  <node id="203" lat="27.09610913" lon="-109.69657960" version="1" changeset="1" user="osm_generator" uid="1" timestamp="2026-06-02T00:00:00Z"/>
  <node id="204" lat="27.09631315" lon="-109.69841187" version="1" changeset="1" user="osm_generator" uid="1" timestamp="2026-06-02T00:00:00Z"/>
  <node id="205" lat="27.09603840" lon="-109.69838623" version="1" changeset="1" user="osm_generator" uid="1" timestamp="2026-06-02T00:00:00Z"/>
  <node id="206" lat="27.09583288" lon="-109.69654053" version="1" changeset="1" user="osm_generator" uid="1" timestamp="2026-06-02T00:00:00Z"/>
  <node id="207" lat="27.09375296" lon="-109.69624635" version="1" changeset="1" user="osm_generator" uid="1" timestamp="2026-06-02T00:00:00Z"/>
  <node id="208" lat="27.09416644" lon="-109.69821155" version="1" changeset="1" user="osm_generator" uid="1" timestamp="2026-06-02T00:00:00Z"/>
  <node id="209" lat="27.09442915" lon="-109.70077779" version="1" changeset="1" user="osm_generator" uid="1" timestamp="2026-06-02T00:00:00Z"/>
  <node id="210" lat="27.08941102" lon="-109.70172374" version="1" changeset="1" user="osm_generator" uid="1" timestamp="2026-06-02T00:00:00Z"/>
  <node id="211" lat="27.09356139" lon="-109.69665349" version="1" changeset="1" user="osm_generator" uid="1" timestamp="2026-06-02T00:00:00Z"/>
  <node id="212" lat="27.08949846" lon="-109.69588415" version="1" changeset="1" user="osm_generator" uid="1" timestamp="2026-06-02T00:00:00Z"/>
  <node id="213" lat="27.09267745" lon="-109.69594248" version="1" changeset="1" user="osm_generator" uid="1" timestamp="2026-06-02T00:00:00Z"/>
  <node id="214" lat="27.08873766" lon="-109.70075547" version="1" changeset="1" user="osm_generator" uid="1" timestamp="2026-06-02T00:00:00Z"/>
  <node id="215" lat="27.08828344" lon="-109.70190996" version="1" changeset="1" user="osm_generator" uid="1" timestamp="2026-06-02T00:00:00Z"/>
  <node id="216" lat="27.08921506" lon="-109.69594484" version="1" changeset="1" user="osm_generator" uid="1" timestamp="2026-06-02T00:00:00Z"/>
  <node id="217" lat="27.08432956" lon="-109.69756026" version="1" changeset="1" user="osm_generator" uid="1" timestamp="2026-06-02T00:00:00Z"/>
  <node id="218" lat="27.08523959" lon="-109.70171802" version="1" changeset="1" user="osm_generator" uid="1" timestamp="2026-06-02T00:00:00Z"/>
  <node id="219" lat="27.08495395" lon="-109.70168233" version="1" changeset="1" user="osm_generator" uid="1" timestamp="2026-06-02T00:00:00Z"/>
  <node id="220" lat="27.08405414" lon="-109.69757127" version="1" changeset="1" user="osm_generator" uid="1" timestamp="2026-06-02T00:00:00Z"/>
  <node id="221" lat="27.08097770" lon="-109.69634470" version="1" changeset="1" user="osm_generator" uid="1" timestamp="2026-06-02T00:00:00Z"/>
  <node id="222" lat="27.07986361" lon="-109.70089133" version="1" changeset="1" user="osm_generator" uid="1" timestamp="2026-06-02T00:00:00Z"/>
  <node id="223" lat="27.07958045" lon="-109.70090493" version="1" changeset="1" user="osm_generator" uid="1" timestamp="2026-06-02T00:00:00Z"/>
  <node id="224" lat="27.08070901" lon="-109.69629926" version="1" changeset="1" user="osm_generator" uid="1" timestamp="2026-06-02T00:00:00Z"/>
  <node id="225" lat="27.07606619" lon="-109.69630818" version="1" changeset="1" user="osm_generator" uid="1" timestamp="2026-06-02T00:00:00Z"/>
  <node id="226" lat="27.07586964" lon="-109.70256855" version="1" changeset="1" user="osm_generator" uid="1" timestamp="2026-06-02T00:00:00Z"/>
  <node id="227" lat="27.07559771" lon="-109.70263116" version="1" changeset="1" user="osm_generator" uid="1" timestamp="2026-06-02T00:00:00Z"/>
  <node id="228" lat="27.07579613" lon="-109.69631121" version="1" changeset="1" user="osm_generator" uid="1" timestamp="2026-06-02T00:00:00Z"/>
  <node id="229" lat="27.07004595" lon="-109.69642476" version="1" changeset="1" user="osm_generator" uid="1" timestamp="2026-06-02T00:00:00Z"/>
  <node id="230" lat="27.07153863" lon="-109.70224973" version="1" changeset="1" user="osm_generator" uid="1" timestamp="2026-06-02T00:00:00Z"/>
  <node id="231" lat="27.07125231" lon="-109.70222800" version="1" changeset="1" user="osm_generator" uid="1" timestamp="2026-06-02T00:00:00Z"/>
  <node id="232" lat="27.06977492" lon="-109.69646269" version="1" changeset="1" user="osm_generator" uid="1" timestamp="2026-06-02T00:00:00Z"/>
  <node id="233" lat="27.06686137" lon="-109.69736622" version="1" changeset="1" user="osm_generator" uid="1" timestamp="2026-06-02T00:00:00Z"/>
  <node id="234" lat="27.06550425" lon="-109.70184265" version="1" changeset="1" user="osm_generator" uid="1" timestamp="2026-06-02T00:00:00Z"/>
  <node id="235" lat="27.06329007" lon="-109.70191269" version="1" changeset="1" user="osm_generator" uid="1" timestamp="2026-06-02T00:00:00Z"/>
  <node id="236" lat="27.06360739" lon="-109.69969144" version="1" changeset="1" user="osm_generator" uid="1" timestamp="2026-06-02T00:00:00Z"/>
  <node id="237" lat="27.06162682" lon="-109.69963285" version="1" changeset="1" user="osm_generator" uid="1" timestamp="2026-06-02T00:00:00Z"/>
  <node id="238" lat="27.06162682" lon="-109.70198010" version="1" changeset="1" user="osm_generator" uid="1" timestamp="2026-06-02T00:00:00Z"/>
  <node id="239" lat="27.06594238" lon="-109.69945739" version="1" changeset="1" user="osm_generator" uid="1" timestamp="2026-06-02T00:00:00Z"/>
  <node id="240" lat="27.06657262" lon="-109.69737858" version="1" changeset="1" user="osm_generator" uid="1" timestamp="2026-06-02T00:00:00Z"/>
  <node id="241" lat="27.06423791" lon="-109.69719052" version="1" changeset="1" user="osm_generator" uid="1" timestamp="2026-06-02T00:00:00Z"/>
  <node id="242" lat="27.06392261" lon="-109.69939764" version="1" changeset="1" user="osm_generator" uid="1" timestamp="2026-06-02T00:00:00Z"/>
  <node id="243" lat="27.06365051" lon="-109.69938960" version="1" changeset="1" user="osm_generator" uid="1" timestamp="2026-06-02T00:00:00Z"/>
  <node id="244" lat="27.06396778" lon="-109.69716876" version="1" changeset="1" user="osm_generator" uid="1" timestamp="2026-06-02T00:00:00Z"/>
  <node id="245" lat="27.06162682" lon="-109.69698020" version="1" changeset="1" user="osm_generator" uid="1" timestamp="2026-06-02T00:00:00Z"/>
  <node id="246" lat="27.06162682" lon="-109.69932973" version="1" changeset="1" user="osm_generator" uid="1" timestamp="2026-06-02T00:00:00Z"/>
  <node id="247" lat="27.09819318" lon="-109.69605994" version="1" changeset="1" user="osm_generator" uid="1" timestamp="2026-06-02T00:00:00Z"/>
  <node id="248" lat="27.09819318" lon="-109.69264183" version="1" changeset="1" user="osm_generator" uid="1" timestamp="2026-06-02T00:00:00Z"/>
  <node id="249" lat="27.09315370" lon="-109.69093152" version="1" changeset="1" user="osm_generator" uid="1" timestamp="2026-06-02T00:00:00Z"/>
  <node id="250" lat="27.09361689" lon="-109.69541269" version="1" changeset="1" user="osm_generator" uid="1" timestamp="2026-06-02T00:00:00Z"/>
  <node id="251" lat="27.09337003" lon="-109.69565214" version="1" changeset="1" user="osm_generator" uid="1" timestamp="2026-06-02T00:00:00Z"/>
  <node id="252" lat="27.09287538" lon="-109.69086656" version="1" changeset="1" user="osm_generator" uid="1" timestamp="2026-06-02T00:00:00Z"/>
  <node id="253" lat="27.08992846" lon="-109.69075025" version="1" changeset="1" user="osm_generator" uid="1" timestamp="2026-06-02T00:00:00Z"/>
  <node id="254" lat="27.08953313" lon="-109.69558173" version="1" changeset="1" user="osm_generator" uid="1" timestamp="2026-06-02T00:00:00Z"/>
  <node id="255" lat="27.08925954" lon="-109.69561426" version="1" changeset="1" user="osm_generator" uid="1" timestamp="2026-06-02T00:00:00Z"/>
  <node id="256" lat="27.08965470" lon="-109.69078482" version="1" changeset="1" user="osm_generator" uid="1" timestamp="2026-06-02T00:00:00Z"/>
  <node id="257" lat="27.08462685" lon="-109.69198655" version="1" changeset="1" user="osm_generator" uid="1" timestamp="2026-06-02T00:00:00Z"/>
  <node id="258" lat="27.08431522" lon="-109.69724912" version="1" changeset="1" user="osm_generator" uid="1" timestamp="2026-06-02T00:00:00Z"/>
  <node id="259" lat="27.08404501" lon="-109.69724609" version="1" changeset="1" user="osm_generator" uid="1" timestamp="2026-06-02T00:00:00Z"/>
  <node id="260" lat="27.08435355" lon="-109.69203566" version="1" changeset="1" user="osm_generator" uid="1" timestamp="2026-06-02T00:00:00Z"/>
  <node id="261" lat="27.08094390" lon="-109.69252157" version="1" changeset="1" user="osm_generator" uid="1" timestamp="2026-06-02T00:00:00Z"/>
  <node id="262" lat="27.08101877" lon="-109.69603953" version="1" changeset="1" user="osm_generator" uid="1" timestamp="2026-06-02T00:00:00Z"/>
  <node id="263" lat="27.08074798" lon="-109.69599617" version="1" changeset="1" user="osm_generator" uid="1" timestamp="2026-06-02T00:00:00Z"/>
  <node id="264" lat="27.08067429" lon="-109.69253379" version="1" changeset="1" user="osm_generator" uid="1" timestamp="2026-06-02T00:00:00Z"/>
  <node id="265" lat="27.07575909" lon="-109.69229762" version="1" changeset="1" user="osm_generator" uid="1" timestamp="2026-06-02T00:00:00Z"/>
  <node id="266" lat="27.07605913" lon="-109.69600518" version="1" changeset="1" user="osm_generator" uid="1" timestamp="2026-06-02T00:00:00Z"/>
  <node id="267" lat="27.07578848" lon="-109.69600830" version="1" changeset="1" user="osm_generator" uid="1" timestamp="2026-06-02T00:00:00Z"/>
  <node id="268" lat="27.07548722" lon="-109.69228569" version="1" changeset="1" user="osm_generator" uid="1" timestamp="2026-06-02T00:00:00Z"/>
  <node id="269" lat="27.07017304" lon="-109.69208114" version="1" changeset="1" user="osm_generator" uid="1" timestamp="2026-06-02T00:00:00Z"/>
  <node id="270" lat="27.07000895" lon="-109.69612243" version="1" changeset="1" user="osm_generator" uid="1" timestamp="2026-06-02T00:00:00Z"/>
  <node id="271" lat="27.06973735" lon="-109.69615998" version="1" changeset="1" user="osm_generator" uid="1" timestamp="2026-06-02T00:00:00Z"/>
  <node id="272" lat="27.06990290" lon="-109.69208290" version="1" changeset="1" user="osm_generator" uid="1" timestamp="2026-06-02T00:00:00Z"/>
  <node id="273" lat="27.06617706" lon="-109.69225842" version="1" changeset="1" user="osm_generator" uid="1" timestamp="2026-06-02T00:00:00Z"/>
  <node id="274" lat="27.06686586" lon="-109.69705048" version="1" changeset="1" user="osm_generator" uid="1" timestamp="2026-06-02T00:00:00Z"/>
  <node id="275" lat="27.06397703" lon="-109.69686572" version="1" changeset="1" user="osm_generator" uid="1" timestamp="2026-06-02T00:00:00Z"/>
  <node id="276" lat="27.06381509" lon="-109.69464140" version="1" changeset="1" user="osm_generator" uid="1" timestamp="2026-06-02T00:00:00Z"/>
  <node id="277" lat="27.06162682" lon="-109.69448127" version="1" changeset="1" user="osm_generator" uid="1" timestamp="2026-06-02T00:00:00Z"/>
  <node id="278" lat="27.06162682" lon="-109.69667641" version="1" changeset="1" user="osm_generator" uid="1" timestamp="2026-06-02T00:00:00Z"/>
  <node id="279" lat="27.06622803" lon="-109.69451431" version="1" changeset="1" user="osm_generator" uid="1" timestamp="2026-06-02T00:00:00Z"/>
  <node id="280" lat="27.06590378" lon="-109.69225846" version="1" changeset="1" user="osm_generator" uid="1" timestamp="2026-06-02T00:00:00Z"/>
  <node id="281" lat="27.06390289" lon="-109.69212921" version="1" changeset="1" user="osm_generator" uid="1" timestamp="2026-06-02T00:00:00Z"/>
  <node id="282" lat="27.06406501" lon="-109.69435603" version="1" changeset="1" user="osm_generator" uid="1" timestamp="2026-06-02T00:00:00Z"/>
  <node id="283" lat="27.06379286" lon="-109.69433611" version="1" changeset="1" user="osm_generator" uid="1" timestamp="2026-06-02T00:00:00Z"/>
  <node id="284" lat="27.06363092" lon="-109.69211164" version="1" changeset="1" user="osm_generator" uid="1" timestamp="2026-06-02T00:00:00Z"/>
  <node id="285" lat="27.06162682" lon="-109.69198217" version="1" changeset="1" user="osm_generator" uid="1" timestamp="2026-06-02T00:00:00Z"/>
  <node id="286" lat="27.06162682" lon="-109.69417761" version="1" changeset="1" user="osm_generator" uid="1" timestamp="2026-06-02T00:00:00Z"/>
  <node id="287" lat="27.09819318" lon="-109.69232528" version="1" changeset="1" user="osm_generator" uid="1" timestamp="2026-06-02T00:00:00Z"/>
  <node id="288" lat="27.09819318" lon="-109.68653569" version="1" changeset="1" user="osm_generator" uid="1" timestamp="2026-06-02T00:00:00Z"/>
  <node id="289" lat="27.09303124" lon="-109.68653569" version="1" changeset="1" user="osm_generator" uid="1" timestamp="2026-06-02T00:00:00Z"/>
  <node id="290" lat="27.09312825" lon="-109.69060633" version="1" changeset="1" user="osm_generator" uid="1" timestamp="2026-06-02T00:00:00Z"/>
  <node id="291" lat="27.09285731" lon="-109.69056265" version="1" changeset="1" user="osm_generator" uid="1" timestamp="2026-06-02T00:00:00Z"/>
  <node id="292" lat="27.09276135" lon="-109.68653569" version="1" changeset="1" user="osm_generator" uid="1" timestamp="2026-06-02T00:00:00Z"/>
  <node id="293" lat="27.08990914" lon="-109.68653569" version="1" changeset="1" user="osm_generator" uid="1" timestamp="2026-06-02T00:00:00Z"/>
  <node id="294" lat="27.08993956" lon="-109.69044749" version="1" changeset="1" user="osm_generator" uid="1" timestamp="2026-06-02T00:00:00Z"/>
  <node id="295" lat="27.08966994" lon="-109.69047138" version="1" changeset="1" user="osm_generator" uid="1" timestamp="2026-06-02T00:00:00Z"/>
  <node id="296" lat="27.08963933" lon="-109.68653569" version="1" changeset="1" user="osm_generator" uid="1" timestamp="2026-06-02T00:00:00Z"/>
  <node id="297" lat="27.08483928" lon="-109.68653569" version="1" changeset="1" user="osm_generator" uid="1" timestamp="2026-06-02T00:00:00Z"/>
  <node id="298" lat="27.08464132" lon="-109.69167329" version="1" changeset="1" user="osm_generator" uid="1" timestamp="2026-06-02T00:00:00Z"/>
  <node id="299" lat="27.08436916" lon="-109.69172799" version="1" changeset="1" user="osm_generator" uid="1" timestamp="2026-06-02T00:00:00Z"/>
  <node id="300" lat="27.08456923" lon="-109.68653569" version="1" changeset="1" user="osm_generator" uid="1" timestamp="2026-06-02T00:00:00Z"/>
  <node id="301" lat="27.07990637" lon="-109.68653569" version="1" changeset="1" user="osm_generator" uid="1" timestamp="2026-06-02T00:00:00Z"/>
  <node id="302" lat="27.08091389" lon="-109.69222040" version="1" changeset="1" user="osm_generator" uid="1" timestamp="2026-06-02T00:00:00Z"/>
  <node id="303" lat="27.07545228" lon="-109.69198115" version="1" changeset="1" user="osm_generator" uid="1" timestamp="2026-06-02T00:00:00Z"/>
  <node id="304" lat="27.07469348" lon="-109.68653569" version="1" changeset="1" user="osm_generator" uid="1" timestamp="2026-06-02T00:00:00Z"/>
  <node id="305" lat="27.07159890" lon="-109.68653569" version="1" changeset="1" user="osm_generator" uid="1" timestamp="2026-06-02T00:00:00Z"/>
  <node id="306" lat="27.07022297" lon="-109.69177987" version="1" changeset="1" user="osm_generator" uid="1" timestamp="2026-06-02T00:00:00Z"/>
  <node id="307" lat="27.06994225" lon="-109.69177776" version="1" changeset="1" user="osm_generator" uid="1" timestamp="2026-06-02T00:00:00Z"/>
  <node id="308" lat="27.07131763" lon="-109.68653569" version="1" changeset="1" user="osm_generator" uid="1" timestamp="2026-06-02T00:00:00Z"/>
  <node id="309" lat="27.06622156" lon="-109.68653569" version="1" changeset="1" user="osm_generator" uid="1" timestamp="2026-06-02T00:00:00Z"/>
  <node id="310" lat="27.06615649" lon="-109.69195611" version="1" changeset="1" user="osm_generator" uid="1" timestamp="2026-06-02T00:00:00Z"/>
  <node id="311" lat="27.06588670" lon="-109.69195385" version="1" changeset="1" user="osm_generator" uid="1" timestamp="2026-06-02T00:00:00Z"/>
  <node id="312" lat="27.06595174" lon="-109.68653569" version="1" changeset="1" user="osm_generator" uid="1" timestamp="2026-06-02T00:00:00Z"/>
  <node id="313" lat="27.06162682" lon="-109.68653569" version="1" changeset="1" user="osm_generator" uid="1" timestamp="2026-06-02T00:00:00Z"/>
  <node id="314" lat="27.06162682" lon="-109.69167865" version="1" changeset="1" user="osm_generator" uid="1" timestamp="2026-06-02T00:00:00Z"/>
  <node id="315" lat="27.08332086" lon="-109.72743260" version="1" changeset="1" user="osm_generator" uid="1" timestamp="2026-06-02T00:00:00Z"/>
  <node id="316" lat="27.08461091" lon="-109.72286914" version="1" changeset="1" user="osm_generator" uid="1" timestamp="2026-06-02T00:00:00Z"/>
  <node id="317" lat="27.08080418" lon="-109.72392254" version="1" changeset="1" user="osm_generator" uid="1" timestamp="2026-06-02T00:00:00Z"/>
  <node id="318" lat="27.08060032" lon="-109.72743260" version="1" changeset="1" user="osm_generator" uid="1" timestamp="2026-06-02T00:00:00Z"/>
  <node id="319" lat="27.07544363" lon="-109.72318081" version="1" changeset="1" user="osm_generator" uid="1" timestamp="2026-06-02T00:00:00Z"/>
  <node id="320" lat="27.07543360" lon="-109.71821935" version="1" changeset="1" user="osm_generator" uid="1" timestamp="2026-06-02T00:00:00Z"/>
  <node id="321" lat="27.07137216" lon="-109.71917460" version="1" changeset="1" user="osm_generator" uid="1" timestamp="2026-06-02T00:00:00Z"/>
  <node id="322" lat="27.07076404" lon="-109.72225442" version="1" changeset="1" user="osm_generator" uid="1" timestamp="2026-06-02T00:00:00Z"/>
  <node id="323" lat="27.07018573" lon="-109.72219747" version="1" changeset="1" user="osm_generator" uid="1" timestamp="2026-06-02T00:00:00Z"/>
  <node id="324" lat="27.07077920" lon="-109.71919187" version="1" changeset="1" user="osm_generator" uid="1" timestamp="2026-06-02T00:00:00Z"/>
  <node id="325" lat="27.06614609" lon="-109.71915480" version="1" changeset="1" user="osm_generator" uid="1" timestamp="2026-06-02T00:00:00Z"/>
  <node id="326" lat="27.06651233" lon="-109.72230310" version="1" changeset="1" user="osm_generator" uid="1" timestamp="2026-06-02T00:00:00Z"/>
  <node id="327" lat="27.07884395" lon="-109.71652558" version="1" changeset="1" user="osm_generator" uid="1" timestamp="2026-06-02T00:00:00Z"/>
  <node id="328" lat="27.07718777" lon="-109.71682043" version="1" changeset="1" user="osm_generator" uid="1" timestamp="2026-06-02T00:00:00Z"/>
  <node id="329" lat="27.07942322" lon="-109.71437967" version="1" changeset="1" user="osm_generator" uid="1" timestamp="2026-06-02T00:00:00Z"/>
  <node id="330" lat="27.07498181" lon="-109.71347414" version="1" changeset="1" user="osm_generator" uid="1" timestamp="2026-06-02T00:00:00Z"/>
  <node id="331" lat="27.07884799" lon="-109.71297924" version="1" changeset="1" user="osm_generator" uid="1" timestamp="2026-06-02T00:00:00Z"/>
  <node id="332" lat="27.07574504" lon="-109.71636718" version="1" changeset="1" user="osm_generator" uid="1" timestamp="2026-06-02T00:00:00Z"/>
  <node id="333" lat="27.08500924" lon="-109.71100107" version="1" changeset="1" user="osm_generator" uid="1" timestamp="2026-06-02T00:00:00Z"/>
  <node id="334" lat="27.08171008" lon="-109.71179239" version="1" changeset="1" user="osm_generator" uid="1" timestamp="2026-06-02T00:00:00Z"/>
  <node id="335" lat="27.08412664" lon="-109.70893799" version="1" changeset="1" user="osm_generator" uid="1" timestamp="2026-06-02T00:00:00Z"/>
  <node id="336" lat="27.08057089" lon="-109.70747633" version="1" changeset="1" user="osm_generator" uid="1" timestamp="2026-06-02T00:00:00Z"/>
  <node id="337" lat="27.08306518" lon="-109.70808100" version="1" changeset="1" user="osm_generator" uid="1" timestamp="2026-06-02T00:00:00Z"/>
  <node id="338" lat="27.08053838" lon="-109.71106561" version="1" changeset="1" user="osm_generator" uid="1" timestamp="2026-06-02T00:00:00Z"/>
  <node id="339" lat="27.08888874" lon="-109.70581455" version="1" changeset="1" user="osm_generator" uid="1" timestamp="2026-06-02T00:00:00Z"/>
  <node id="340" lat="27.08668137" lon="-109.70664782" version="1" changeset="1" user="osm_generator" uid="1" timestamp="2026-06-02T00:00:00Z"/>
  <node id="341" lat="27.08853422" lon="-109.70413120" version="1" changeset="1" user="osm_generator" uid="1" timestamp="2026-06-02T00:00:00Z"/>
  <node id="342" lat="27.08536549" lon="-109.70220143" version="1" changeset="1" user="osm_generator" uid="1" timestamp="2026-06-02T00:00:00Z"/>
  <node id="343" lat="27.08658427" lon="-109.70227829" version="1" changeset="1" user="osm_generator" uid="1" timestamp="2026-06-02T00:00:00Z"/>
  <node id="344" lat="27.08495703" lon="-109.70448848" version="1" changeset="1" user="osm_generator" uid="1" timestamp="2026-06-02T00:00:00Z"/>
  <node id="345" lat="27.08045235" lon="-109.69204797" version="1" changeset="1" user="osm_generator" uid="1" timestamp="2026-06-02T00:00:00Z"/>
  <node id="346" lat="27.07950583" lon="-109.68670740" version="1" changeset="1" user="osm_generator" uid="1" timestamp="2026-06-02T00:00:00Z"/>
  <node id="347" lat="27.07514523" lon="-109.68670740" version="1" changeset="1" user="osm_generator" uid="1" timestamp="2026-06-02T00:00:00Z"/>
  <node id="348" lat="27.07585865" lon="-109.69182725" version="1" changeset="1" user="osm_generator" uid="1" timestamp="2026-06-02T00:00:00Z"/>
  <node id="349" lat="27.09267639" lon="-109.69719739" version="1" changeset="1" user="osm_generator" uid="1" timestamp="2026-06-02T00:00:00Z"/>
  <node id="350" lat="27.09242075" lon="-109.69750969" version="1" changeset="1" user="osm_generator" uid="1" timestamp="2026-06-02T00:00:00Z"/>
  <node id="351" lat="27.09278487" lon="-109.69788567" version="1" changeset="1" user="osm_generator" uid="1" timestamp="2026-06-02T00:00:00Z"/>
  <node id="352" lat="27.09304051" lon="-109.69757337" version="1" changeset="1" user="osm_generator" uid="1" timestamp="2026-06-02T00:00:00Z"/>
  <node id="353" lat="27.09235860" lon="-109.69686926" version="1" changeset="1" user="osm_generator" uid="1" timestamp="2026-06-02T00:00:00Z"/>
  <node id="354" lat="27.09210296" lon="-109.69718156" version="1" changeset="1" user="osm_generator" uid="1" timestamp="2026-06-02T00:00:00Z"/>
  <node id="355" lat="27.09173884" lon="-109.69680558" version="1" changeset="1" user="osm_generator" uid="1" timestamp="2026-06-02T00:00:00Z"/>
  <node id="356" lat="27.09199448" lon="-109.69649328" version="1" changeset="1" user="osm_generator" uid="1" timestamp="2026-06-02T00:00:00Z"/>
  <node id="357" lat="27.09247456" lon="-109.69775734" version="1" changeset="1" user="osm_generator" uid="1" timestamp="2026-06-02T00:00:00Z"/>
  <node id="358" lat="27.09273938" lon="-109.69803079" version="1" changeset="1" user="osm_generator" uid="1" timestamp="2026-06-02T00:00:00Z"/>
  <node id="359" lat="27.09231706" lon="-109.69777054" version="1" changeset="1" user="osm_generator" uid="1" timestamp="2026-06-02T00:00:00Z"/>
  <node id="360" lat="27.09205224" lon="-109.69749710" version="1" changeset="1" user="osm_generator" uid="1" timestamp="2026-06-02T00:00:00Z"/>
  <node id="361" lat="27.09248257" lon="-109.69798041" version="1" changeset="1" user="osm_generator" uid="1" timestamp="2026-06-02T00:00:00Z"/>
  <node id="362" lat="27.09274739" lon="-109.69825385" version="1" changeset="1" user="osm_generator" uid="1" timestamp="2026-06-02T00:00:00Z"/>
  <node id="363" lat="27.09297911" lon="-109.69851410" version="1" changeset="1" user="osm_generator" uid="1" timestamp="2026-06-02T00:00:00Z"/>
  <node id="364" lat="27.09271429" lon="-109.69824066" version="1" changeset="1" user="osm_generator" uid="1" timestamp="2026-06-02T00:00:00Z"/>
  <node id="365" lat="27.09205427" lon="-109.69724104" version="1" changeset="1" user="osm_generator" uid="1" timestamp="2026-06-02T00:00:00Z"/>
  <node id="366" lat="27.09179863" lon="-109.69755334" version="1" changeset="1" user="osm_generator" uid="1" timestamp="2026-06-02T00:00:00Z"/>
  <node id="367" lat="27.09143451" lon="-109.69717736" version="1" changeset="1" user="osm_generator" uid="1" timestamp="2026-06-02T00:00:00Z"/>
  <node id="368" lat="27.09169014" lon="-109.69686506" version="1" changeset="1" user="osm_generator" uid="1" timestamp="2026-06-02T00:00:00Z"/>
  <node id="369" lat="27.09206772" lon="-109.69794096" version="1" changeset="1" user="osm_generator" uid="1" timestamp="2026-06-02T00:00:00Z"/>
  <node id="370" lat="27.09181209" lon="-109.69825325" version="1" changeset="1" user="osm_generator" uid="1" timestamp="2026-06-02T00:00:00Z"/>
  <node id="371" lat="27.09217621" lon="-109.69862923" version="1" changeset="1" user="osm_generator" uid="1" timestamp="2026-06-02T00:00:00Z"/>
  <node id="372" lat="27.09243185" lon="-109.69831694" version="1" changeset="1" user="osm_generator" uid="1" timestamp="2026-06-02T00:00:00Z"/>
  <node id="373" lat="27.09174994" lon="-109.69761283" version="1" changeset="1" user="osm_generator" uid="1" timestamp="2026-06-02T00:00:00Z"/>
  <node id="374" lat="27.09149430" lon="-109.69792512" version="1" changeset="1" user="osm_generator" uid="1" timestamp="2026-06-02T00:00:00Z"/>
  <node id="375" lat="27.09113018" lon="-109.69754914" version="1" changeset="1" user="osm_generator" uid="1" timestamp="2026-06-02T00:00:00Z"/>
  <node id="376" lat="27.09138581" lon="-109.69723684" version="1" changeset="1" user="osm_generator" uid="1" timestamp="2026-06-02T00:00:00Z"/>
  <node id="377" lat="27.09176339" lon="-109.69831274" version="1" changeset="1" user="osm_generator" uid="1" timestamp="2026-06-02T00:00:00Z"/>
  <node id="378" lat="27.09150775" lon="-109.69862503" version="1" changeset="1" user="osm_generator" uid="1" timestamp="2026-06-02T00:00:00Z"/>
  <node id="379" lat="27.09187188" lon="-109.69900102" version="1" changeset="1" user="osm_generator" uid="1" timestamp="2026-06-02T00:00:00Z"/>
  <node id="380" lat="27.09212752" lon="-109.69868872" version="1" changeset="1" user="osm_generator" uid="1" timestamp="2026-06-02T00:00:00Z"/>
  <node id="381" lat="27.09144561" lon="-109.69798461" version="1" changeset="1" user="osm_generator" uid="1" timestamp="2026-06-02T00:00:00Z"/>
  <node id="382" lat="27.09118997" lon="-109.69829690" version="1" changeset="1" user="osm_generator" uid="1" timestamp="2026-06-02T00:00:00Z"/>
  <node id="383" lat="27.09082584" lon="-109.69792092" version="1" changeset="1" user="osm_generator" uid="1" timestamp="2026-06-02T00:00:00Z"/>
  <node id="384" lat="27.09108148" lon="-109.69760862" version="1" changeset="1" user="osm_generator" uid="1" timestamp="2026-06-02T00:00:00Z"/>
  <node id="385" lat="27.09145906" lon="-109.69868452" version="1" changeset="1" user="osm_generator" uid="1" timestamp="2026-06-02T00:00:00Z"/>
  <node id="386" lat="27.09120342" lon="-109.69899681" version="1" changeset="1" user="osm_generator" uid="1" timestamp="2026-06-02T00:00:00Z"/>
  <node id="387" lat="27.09156755" lon="-109.69937280" version="1" changeset="1" user="osm_generator" uid="1" timestamp="2026-06-02T00:00:00Z"/>
  <node id="388" lat="27.09182319" lon="-109.69906050" version="1" changeset="1" user="osm_generator" uid="1" timestamp="2026-06-02T00:00:00Z"/>
  <node id="389" lat="27.09114128" lon="-109.69835639" version="1" changeset="1" user="osm_generator" uid="1" timestamp="2026-06-02T00:00:00Z"/>
  <node id="390" lat="27.09088564" lon="-109.69866868" version="1" changeset="1" user="osm_generator" uid="1" timestamp="2026-06-02T00:00:00Z"/>
  <node id="391" lat="27.09052151" lon="-109.69829270" version="1" changeset="1" user="osm_generator" uid="1" timestamp="2026-06-02T00:00:00Z"/>
  <node id="392" lat="27.09077715" lon="-109.69798041" version="1" changeset="1" user="osm_generator" uid="1" timestamp="2026-06-02T00:00:00Z"/>
  <node id="393" lat="27.09125724" lon="-109.69924447" version="1" changeset="1" user="osm_generator" uid="1" timestamp="2026-06-02T00:00:00Z"/>
  <node id="394" lat="27.09152206" lon="-109.69951791" version="1" changeset="1" user="osm_generator" uid="1" timestamp="2026-06-02T00:00:00Z"/>
  <node id="395" lat="27.09109974" lon="-109.69925766" version="1" changeset="1" user="osm_generator" uid="1" timestamp="2026-06-02T00:00:00Z"/>
  <node id="396" lat="27.09083492" lon="-109.69898422" version="1" changeset="1" user="osm_generator" uid="1" timestamp="2026-06-02T00:00:00Z"/>
  <node id="397" lat="27.09126525" lon="-109.69946754" version="1" changeset="1" user="osm_generator" uid="1" timestamp="2026-06-02T00:00:00Z"/>
  <node id="398" lat="27.09153007" lon="-109.69974098" version="1" changeset="1" user="osm_generator" uid="1" timestamp="2026-06-02T00:00:00Z"/>
  <node id="399" lat="27.09176178" lon="-109.70000123" version="1" changeset="1" user="osm_generator" uid="1" timestamp="2026-06-02T00:00:00Z"/>
  <node id="400" lat="27.09149697" lon="-109.69972779" version="1" changeset="1" user="osm_generator" uid="1" timestamp="2026-06-02T00:00:00Z"/>
  <node id="401" lat="27.09083695" lon="-109.69872817" version="1" changeset="1" user="osm_generator" uid="1" timestamp="2026-06-02T00:00:00Z"/>
  <node id="402" lat="27.09058131" lon="-109.69904047" version="1" changeset="1" user="osm_generator" uid="1" timestamp="2026-06-02T00:00:00Z"/>
  <node id="403" lat="27.09021718" lon="-109.69866448" version="1" changeset="1" user="osm_generator" uid="1" timestamp="2026-06-02T00:00:00Z"/>
  <node id="404" lat="27.09047282" lon="-109.69835219" version="1" changeset="1" user="osm_generator" uid="1" timestamp="2026-06-02T00:00:00Z"/>
  <node id="405" lat="27.09085040" lon="-109.69942808" version="1" changeset="1" user="osm_generator" uid="1" timestamp="2026-06-02T00:00:00Z"/>
  <node id="406" lat="27.09059476" lon="-109.69974038" version="1" changeset="1" user="osm_generator" uid="1" timestamp="2026-06-02T00:00:00Z"/>
  <node id="407" lat="27.09095889" lon="-109.70011636" version="1" changeset="1" user="osm_generator" uid="1" timestamp="2026-06-02T00:00:00Z"/>
  <node id="408" lat="27.09121453" lon="-109.69980406" version="1" changeset="1" user="osm_generator" uid="1" timestamp="2026-06-02T00:00:00Z"/>
  <node id="409" lat="27.09053262" lon="-109.69909995" version="1" changeset="1" user="osm_generator" uid="1" timestamp="2026-06-02T00:00:00Z"/>
  <node id="410" lat="27.09027698" lon="-109.69941225" version="1" changeset="1" user="osm_generator" uid="1" timestamp="2026-06-02T00:00:00Z"/>
  <node id="411" lat="27.08991285" lon="-109.69903627" version="1" changeset="1" user="osm_generator" uid="1" timestamp="2026-06-02T00:00:00Z"/>
  <node id="412" lat="27.09016849" lon="-109.69872397" version="1" changeset="1" user="osm_generator" uid="1" timestamp="2026-06-02T00:00:00Z"/>
  <node id="413" lat="27.09054607" lon="-109.69979986" version="1" changeset="1" user="osm_generator" uid="1" timestamp="2026-06-02T00:00:00Z"/>
  <node id="414" lat="27.09029043" lon="-109.70011216" version="1" changeset="1" user="osm_generator" uid="1" timestamp="2026-06-02T00:00:00Z"/>
  <node id="415" lat="27.09065456" lon="-109.70048814" version="1" changeset="1" user="osm_generator" uid="1" timestamp="2026-06-02T00:00:00Z"/>
  <node id="416" lat="27.09091019" lon="-109.70017584" version="1" changeset="1" user="osm_generator" uid="1" timestamp="2026-06-02T00:00:00Z"/>
  <node id="417" lat="27.09022828" lon="-109.69947173" version="1" changeset="1" user="osm_generator" uid="1" timestamp="2026-06-02T00:00:00Z"/>
  <node id="418" lat="27.08997265" lon="-109.69978403" version="1" changeset="1" user="osm_generator" uid="1" timestamp="2026-06-02T00:00:00Z"/>
  <node id="419" lat="27.08960852" lon="-109.69940805" version="1" changeset="1" user="osm_generator" uid="1" timestamp="2026-06-02T00:00:00Z"/>
  <node id="420" lat="27.08986416" lon="-109.69909575" version="1" changeset="1" user="osm_generator" uid="1" timestamp="2026-06-02T00:00:00Z"/>
  <node id="421" lat="27.09024174" lon="-109.70017164" version="1" changeset="1" user="osm_generator" uid="1" timestamp="2026-06-02T00:00:00Z"/>
  <node id="422" lat="27.08998610" lon="-109.70048394" version="1" changeset="1" user="osm_generator" uid="1" timestamp="2026-06-02T00:00:00Z"/>
  <node id="423" lat="27.09035023" lon="-109.70085992" version="1" changeset="1" user="osm_generator" uid="1" timestamp="2026-06-02T00:00:00Z"/>
  <node id="424" lat="27.09060586" lon="-109.70054763" version="1" changeset="1" user="osm_generator" uid="1" timestamp="2026-06-02T00:00:00Z"/>
  <node id="425" lat="27.08992395" lon="-109.69984351" version="1" changeset="1" user="osm_generator" uid="1" timestamp="2026-06-02T00:00:00Z"/>
  <node id="426" lat="27.08966832" lon="-109.70015581" version="1" changeset="1" user="osm_generator" uid="1" timestamp="2026-06-02T00:00:00Z"/>
  <node id="427" lat="27.08930419" lon="-109.69977983" version="1" changeset="1" user="osm_generator" uid="1" timestamp="2026-06-02T00:00:00Z"/>
  <node id="428" lat="27.08955983" lon="-109.69946753" version="1" changeset="1" user="osm_generator" uid="1" timestamp="2026-06-02T00:00:00Z"/>
  <node id="429" lat="27.09003992" lon="-109.70073160" version="1" changeset="1" user="osm_generator" uid="1" timestamp="2026-06-02T00:00:00Z"/>
  <node id="430" lat="27.09030474" lon="-109.70100504" version="1" changeset="1" user="osm_generator" uid="1" timestamp="2026-06-02T00:00:00Z"/>
  <node id="431" lat="27.08988241" lon="-109.70074479" version="1" changeset="1" user="osm_generator" uid="1" timestamp="2026-06-02T00:00:00Z"/>
  <node id="432" lat="27.08961759" lon="-109.70047135" version="1" changeset="1" user="osm_generator" uid="1" timestamp="2026-06-02T00:00:00Z"/>
  <node id="433" lat="27.09004792" lon="-109.70095467" version="1" changeset="1" user="osm_generator" uid="1" timestamp="2026-06-02T00:00:00Z"/>
  <node id="434" lat="27.09031274" lon="-109.70122811" version="1" changeset="1" user="osm_generator" uid="1" timestamp="2026-06-02T00:00:00Z"/>
  <node id="435" lat="27.09054446" lon="-109.70148835" version="1" changeset="1" user="osm_generator" uid="1" timestamp="2026-06-02T00:00:00Z"/>
  <node id="436" lat="27.09027964" lon="-109.70121491" version="1" changeset="1" user="osm_generator" uid="1" timestamp="2026-06-02T00:00:00Z"/>
  <node id="437" lat="27.08961962" lon="-109.70021530" version="1" changeset="1" user="osm_generator" uid="1" timestamp="2026-06-02T00:00:00Z"/>
  <node id="438" lat="27.08936398" lon="-109.70052759" version="1" changeset="1" user="osm_generator" uid="1" timestamp="2026-06-02T00:00:00Z"/>
  <node id="439" lat="27.08899986" lon="-109.70015161" version="1" changeset="1" user="osm_generator" uid="1" timestamp="2026-06-02T00:00:00Z"/>
  <node id="440" lat="27.08925550" lon="-109.69983931" version="1" changeset="1" user="osm_generator" uid="1" timestamp="2026-06-02T00:00:00Z"/>
  <node id="441" lat="27.08963307" lon="-109.70091521" version="1" changeset="1" user="osm_generator" uid="1" timestamp="2026-06-02T00:00:00Z"/>
  <node id="442" lat="27.08937744" lon="-109.70122750" version="1" changeset="1" user="osm_generator" uid="1" timestamp="2026-06-02T00:00:00Z"/>
  <node id="443" lat="27.08974156" lon="-109.70160349" version="1" changeset="1" user="osm_generator" uid="1" timestamp="2026-06-02T00:00:00Z"/>
  <node id="444" lat="27.08999720" lon="-109.70129119" version="1" changeset="1" user="osm_generator" uid="1" timestamp="2026-06-02T00:00:00Z"/>
  <node id="445" lat="27.08931529" lon="-109.70058708" version="1" changeset="1" user="osm_generator" uid="1" timestamp="2026-06-02T00:00:00Z"/>
  <node id="446" lat="27.08905965" lon="-109.70089937" version="1" changeset="1" user="osm_generator" uid="1" timestamp="2026-06-02T00:00:00Z"/>
  <node id="447" lat="27.08869553" lon="-109.70052339" version="1" changeset="1" user="osm_generator" uid="1" timestamp="2026-06-02T00:00:00Z"/>
  <node id="448" lat="27.08895117" lon="-109.70021110" version="1" changeset="1" user="osm_generator" uid="1" timestamp="2026-06-02T00:00:00Z"/>
  <node id="449" lat="27.08932874" lon="-109.70128699" version="1" changeset="1" user="osm_generator" uid="1" timestamp="2026-06-02T00:00:00Z"/>
  <node id="450" lat="27.08907311" lon="-109.70159928" version="1" changeset="1" user="osm_generator" uid="1" timestamp="2026-06-02T00:00:00Z"/>
  <node id="451" lat="27.08943723" lon="-109.70197527" version="1" changeset="1" user="osm_generator" uid="1" timestamp="2026-06-02T00:00:00Z"/>
  <node id="452" lat="27.08969287" lon="-109.70166297" version="1" changeset="1" user="osm_generator" uid="1" timestamp="2026-06-02T00:00:00Z"/>
  <node id="453" lat="27.08901096" lon="-109.70095886" version="1" changeset="1" user="osm_generator" uid="1" timestamp="2026-06-02T00:00:00Z"/>
  <node id="454" lat="27.08875532" lon="-109.70127116" version="1" changeset="1" user="osm_generator" uid="1" timestamp="2026-06-02T00:00:00Z"/>
  <node id="455" lat="27.08839120" lon="-109.70089517" version="1" changeset="1" user="osm_generator" uid="1" timestamp="2026-06-02T00:00:00Z"/>
  <node id="456" lat="27.08864683" lon="-109.70058288" version="1" changeset="1" user="osm_generator" uid="1" timestamp="2026-06-02T00:00:00Z"/>
  <node id="457" lat="27.08902441" lon="-109.70165877" version="1" changeset="1" user="osm_generator" uid="1" timestamp="2026-06-02T00:00:00Z"/>
  <node id="458" lat="27.08876877" lon="-109.70197107" version="1" changeset="1" user="osm_generator" uid="1" timestamp="2026-06-02T00:00:00Z"/>
  <node id="459" lat="27.08913290" lon="-109.70234705" version="1" changeset="1" user="osm_generator" uid="1" timestamp="2026-06-02T00:00:00Z"/>
  <node id="460" lat="27.08938854" lon="-109.70203475" version="1" changeset="1" user="osm_generator" uid="1" timestamp="2026-06-02T00:00:00Z"/>
  <node id="461" lat="27.08870663" lon="-109.70133064" version="1" changeset="1" user="osm_generator" uid="1" timestamp="2026-06-02T00:00:00Z"/>
  <node id="462" lat="27.08845099" lon="-109.70164294" version="1" changeset="1" user="osm_generator" uid="1" timestamp="2026-06-02T00:00:00Z"/>
  <node id="463" lat="27.08808687" lon="-109.70126695" version="1" changeset="1" user="osm_generator" uid="1" timestamp="2026-06-02T00:00:00Z"/>
  <node id="464" lat="27.08834250" lon="-109.70095466" version="1" changeset="1" user="osm_generator" uid="1" timestamp="2026-06-02T00:00:00Z"/>
  <node id="465" lat="27.08858713" lon="-109.70252189" version="1" changeset="1" user="osm_generator" uid="1" timestamp="2026-06-02T00:00:00Z"/>
  <node id="466" lat="27.08886435" lon="-109.70277935" version="1" changeset="1" user="osm_generator" uid="1" timestamp="2026-06-02T00:00:00Z"/>
  <node id="467" lat="27.08843186" lon="-109.70250691" version="1" changeset="1" user="osm_generator" uid="1" timestamp="2026-06-02T00:00:00Z"/>
  <node id="468" lat="27.08815463" lon="-109.70224945" version="1" changeset="1" user="osm_generator" uid="1" timestamp="2026-06-02T00:00:00Z"/>
  <node id="469" lat="27.08860512" lon="-109.70275541" version="1" changeset="1" user="osm_generator" uid="1" timestamp="2026-06-02T00:00:00Z"/>
  <node id="470" lat="27.08888235" lon="-109.70301287" version="1" changeset="1" user="osm_generator" uid="1" timestamp="2026-06-02T00:00:00Z"/>
  <node id="471" lat="27.08912492" lon="-109.70328531" version="1" changeset="1" user="osm_generator" uid="1" timestamp="2026-06-02T00:00:00Z"/>
  <node id="472" lat="27.08884769" lon="-109.70302785" version="1" changeset="1" user="osm_generator" uid="1" timestamp="2026-06-02T00:00:00Z"/>
  <node id="473" lat="27.08814330" lon="-109.70203106" version="1" changeset="1" user="osm_generator" uid="1" timestamp="2026-06-02T00:00:00Z"/>
  <node id="474" lat="27.08790260" lon="-109.70235799" version="1" changeset="1" user="osm_generator" uid="1" timestamp="2026-06-02T00:00:00Z"/>
  <node id="475" lat="27.08752141" lon="-109.70200398" version="1" changeset="1" user="osm_generator" uid="1" timestamp="2026-06-02T00:00:00Z"/>
  <node id="476" lat="27.08776211" lon="-109.70167705" version="1" changeset="1" user="osm_generator" uid="1" timestamp="2026-06-02T00:00:00Z"/>
  <node id="477" lat="27.08818942" lon="-109.70272922" version="1" changeset="1" user="osm_generator" uid="1" timestamp="2026-06-02T00:00:00Z"/>
  <node id="478" lat="27.08794872" lon="-109.70305615" version="1" changeset="1" user="osm_generator" uid="1" timestamp="2026-06-02T00:00:00Z"/>
  <node id="479" lat="27.08832991" lon="-109.70341016" version="1" changeset="1" user="osm_generator" uid="1" timestamp="2026-06-02T00:00:00Z"/>
  <node id="480" lat="27.08857061" lon="-109.70308323" version="1" changeset="1" user="osm_generator" uid="1" timestamp="2026-06-02T00:00:00Z"/>
  <node id="481" lat="27.08785675" lon="-109.70242026" version="1" changeset="1" user="osm_generator" uid="1" timestamp="2026-06-02T00:00:00Z"/>
  <node id="482" lat="27.08761605" lon="-109.70274719" version="1" changeset="1" user="osm_generator" uid="1" timestamp="2026-06-02T00:00:00Z"/>
  <node id="483" lat="27.08723486" lon="-109.70239318" version="1" changeset="1" user="osm_generator" uid="1" timestamp="2026-06-02T00:00:00Z"/>
  <node id="484" lat="27.08747556" lon="-109.70206625" version="1" changeset="1" user="osm_generator" uid="1" timestamp="2026-06-02T00:00:00Z"/>
  <node id="485" lat="27.08790287" lon="-109.70311842" version="1" changeset="1" user="osm_generator" uid="1" timestamp="2026-06-02T00:00:00Z"/>
  <node id="486" lat="27.08766217" lon="-109.70344535" version="1" changeset="1" user="osm_generator" uid="1" timestamp="2026-06-02T00:00:00Z"/>
  <node id="487" lat="27.08804336" lon="-109.70379936" version="1" changeset="1" user="osm_generator" uid="1" timestamp="2026-06-02T00:00:00Z"/>
  <node id="488" lat="27.08828406" lon="-109.70347243" version="1" changeset="1" user="osm_generator" uid="1" timestamp="2026-06-02T00:00:00Z"/>
  <node id="489" lat="27.08757020" lon="-109.70280946" version="1" changeset="1" user="osm_generator" uid="1" timestamp="2026-06-02T00:00:00Z"/>
  <node id="490" lat="27.08732950" lon="-109.70313639" version="1" changeset="1" user="osm_generator" uid="1" timestamp="2026-06-02T00:00:00Z"/>
  <node id="491" lat="27.08694832" lon="-109.70278238" version="1" changeset="1" user="osm_generator" uid="1" timestamp="2026-06-02T00:00:00Z"/>
  <node id="492" lat="27.08718902" lon="-109.70245545" version="1" changeset="1" user="osm_generator" uid="1" timestamp="2026-06-02T00:00:00Z"/>
  <node id="493" lat="27.08761633" lon="-109.70350762" version="1" changeset="1" user="osm_generator" uid="1" timestamp="2026-06-02T00:00:00Z"/>
  <node id="494" lat="27.08737563" lon="-109.70383455" version="1" changeset="1" user="osm_generator" uid="1" timestamp="2026-06-02T00:00:00Z"/>
  <node id="495" lat="27.08775681" lon="-109.70418856" version="1" changeset="1" user="osm_generator" uid="1" timestamp="2026-06-02T00:00:00Z"/>
  <node id="496" lat="27.08799751" lon="-109.70386163" version="1" changeset="1" user="osm_generator" uid="1" timestamp="2026-06-02T00:00:00Z"/>
  <node id="497" lat="27.08728365" lon="-109.70319866" version="1" changeset="1" user="osm_generator" uid="1" timestamp="2026-06-02T00:00:00Z"/>
  <node id="498" lat="27.08704296" lon="-109.70352559" version="1" changeset="1" user="osm_generator" uid="1" timestamp="2026-06-02T00:00:00Z"/>
  <node id="499" lat="27.08666177" lon="-109.70317158" version="1" changeset="1" user="osm_generator" uid="1" timestamp="2026-06-02T00:00:00Z"/>
  <node id="500" lat="27.08690247" lon="-109.70284465" version="1" changeset="1" user="osm_generator" uid="1" timestamp="2026-06-02T00:00:00Z"/>
  <node id="501" lat="27.08744094" lon="-109.70407869" version="1" changeset="1" user="osm_generator" uid="1" timestamp="2026-06-02T00:00:00Z"/>
  <node id="502" lat="27.08771816" lon="-109.70433615" version="1" changeset="1" user="osm_generator" uid="1" timestamp="2026-06-02T00:00:00Z"/>
  <node id="503" lat="27.08728567" lon="-109.70406371" version="1" changeset="1" user="osm_generator" uid="1" timestamp="2026-06-02T00:00:00Z"/>
  <node id="504" lat="27.08700844" lon="-109.70380625" version="1" changeset="1" user="osm_generator" uid="1" timestamp="2026-06-02T00:00:00Z"/>
  <node id="505" lat="27.08745893" lon="-109.70431221" version="1" changeset="1" user="osm_generator" uid="1" timestamp="2026-06-02T00:00:00Z"/>
  <node id="506" lat="27.08773616" lon="-109.70456967" version="1" changeset="1" user="osm_generator" uid="1" timestamp="2026-06-02T00:00:00Z"/>
  <node id="507" lat="27.08797873" lon="-109.70484211" version="1" changeset="1" user="osm_generator" uid="1" timestamp="2026-06-02T00:00:00Z"/>
  <node id="508" lat="27.08770151" lon="-109.70458465" version="1" changeset="1" user="osm_generator" uid="1" timestamp="2026-06-02T00:00:00Z"/>
  <node id="509" lat="27.08699711" lon="-109.70358786" version="1" changeset="1" user="osm_generator" uid="1" timestamp="2026-06-02T00:00:00Z"/>
  <node id="510" lat="27.08675641" lon="-109.70391479" version="1" changeset="1" user="osm_generator" uid="1" timestamp="2026-06-02T00:00:00Z"/>
  <node id="511" lat="27.08637522" lon="-109.70356078" version="1" changeset="1" user="osm_generator" uid="1" timestamp="2026-06-02T00:00:00Z"/>
  <node id="512" lat="27.08661592" lon="-109.70323385" version="1" changeset="1" user="osm_generator" uid="1" timestamp="2026-06-02T00:00:00Z"/>
  <node id="513" lat="27.08704323" lon="-109.70428602" version="1" changeset="1" user="osm_generator" uid="1" timestamp="2026-06-02T00:00:00Z"/>
  <node id="514" lat="27.08680253" lon="-109.70461295" version="1" changeset="1" user="osm_generator" uid="1" timestamp="2026-06-02T00:00:00Z"/>
  <node id="515" lat="27.08718372" lon="-109.70496696" version="1" changeset="1" user="osm_generator" uid="1" timestamp="2026-06-02T00:00:00Z"/>
  <node id="516" lat="27.08742442" lon="-109.70464003" version="1" changeset="1" user="osm_generator" uid="1" timestamp="2026-06-02T00:00:00Z"/>
  <node id="517" lat="27.08671056" lon="-109.70397706" version="1" changeset="1" user="osm_generator" uid="1" timestamp="2026-06-02T00:00:00Z"/>
  <node id="518" lat="27.08646986" lon="-109.70430399" version="1" changeset="1" user="osm_generator" uid="1" timestamp="2026-06-02T00:00:00Z"/>
  <node id="519" lat="27.08608867" lon="-109.70394998" version="1" changeset="1" user="osm_generator" uid="1" timestamp="2026-06-02T00:00:00Z"/>
  <node id="520" lat="27.08632937" lon="-109.70362305" version="1" changeset="1" user="osm_generator" uid="1" timestamp="2026-06-02T00:00:00Z"/>
  <node id="521" lat="27.08675668" lon="-109.70467522" version="1" changeset="1" user="osm_generator" uid="1" timestamp="2026-06-02T00:00:00Z"/>
  <node id="522" lat="27.08651599" lon="-109.70500215" version="1" changeset="1" user="osm_generator" uid="1" timestamp="2026-06-02T00:00:00Z"/>
  <node id="523" lat="27.08689717" lon="-109.70535616" version="1" changeset="1" user="osm_generator" uid="1" timestamp="2026-06-02T00:00:00Z"/>
  <node id="524" lat="27.08713787" lon="-109.70502923" version="1" changeset="1" user="osm_generator" uid="1" timestamp="2026-06-02T00:00:00Z"/>
  <node id="525" lat="27.08642401" lon="-109.70436626" version="1" changeset="1" user="osm_generator" uid="1" timestamp="2026-06-02T00:00:00Z"/>
  <node id="526" lat="27.08618331" lon="-109.70469319" version="1" changeset="1" user="osm_generator" uid="1" timestamp="2026-06-02T00:00:00Z"/>
  <node id="527" lat="27.08580213" lon="-109.70433918" version="1" changeset="1" user="osm_generator" uid="1" timestamp="2026-06-02T00:00:00Z"/>
  <node id="528" lat="27.08604283" lon="-109.70401225" version="1" changeset="1" user="osm_generator" uid="1" timestamp="2026-06-02T00:00:00Z"/>
  <node id="529" lat="27.08647014" lon="-109.70506442" version="1" changeset="1" user="osm_generator" uid="1" timestamp="2026-06-02T00:00:00Z"/>
  <node id="530" lat="27.08622944" lon="-109.70539135" version="1" changeset="1" user="osm_generator" uid="1" timestamp="2026-06-02T00:00:00Z"/>
  <node id="531" lat="27.08661062" lon="-109.70574536" version="1" changeset="1" user="osm_generator" uid="1" timestamp="2026-06-02T00:00:00Z"/>
  <node id="532" lat="27.08685132" lon="-109.70541843" version="1" changeset="1" user="osm_generator" uid="1" timestamp="2026-06-02T00:00:00Z"/>
  <node id="533" lat="27.08613747" lon="-109.70475546" version="1" changeset="1" user="osm_generator" uid="1" timestamp="2026-06-02T00:00:00Z"/>
  <node id="534" lat="27.08589677" lon="-109.70508239" version="1" changeset="1" user="osm_generator" uid="1" timestamp="2026-06-02T00:00:00Z"/>
  <node id="535" lat="27.08551558" lon="-109.70472838" version="1" changeset="1" user="osm_generator" uid="1" timestamp="2026-06-02T00:00:00Z"/>
  <node id="536" lat="27.08575628" lon="-109.70440145" version="1" changeset="1" user="osm_generator" uid="1" timestamp="2026-06-02T00:00:00Z"/>
  <node id="537" lat="27.08629475" lon="-109.70563549" version="1" changeset="1" user="osm_generator" uid="1" timestamp="2026-06-02T00:00:00Z"/>
  <node id="538" lat="27.08657198" lon="-109.70589295" version="1" changeset="1" user="osm_generator" uid="1" timestamp="2026-06-02T00:00:00Z"/>
  <node id="539" lat="27.08613948" lon="-109.70562051" version="1" changeset="1" user="osm_generator" uid="1" timestamp="2026-06-02T00:00:00Z"/>
  <node id="540" lat="27.08586225" lon="-109.70536305" version="1" changeset="1" user="osm_generator" uid="1" timestamp="2026-06-02T00:00:00Z"/>
  <node id="541" lat="27.08585092" lon="-109.70514466" version="1" changeset="1" user="osm_generator" uid="1" timestamp="2026-06-02T00:00:00Z"/>
  <node id="542" lat="27.08561022" lon="-109.70547159" version="1" changeset="1" user="osm_generator" uid="1" timestamp="2026-06-02T00:00:00Z"/>
  <node id="543" lat="27.08522903" lon="-109.70511758" version="1" changeset="1" user="osm_generator" uid="1" timestamp="2026-06-02T00:00:00Z"/>
  <node id="544" lat="27.08546973" lon="-109.70479065" version="1" changeset="1" user="osm_generator" uid="1" timestamp="2026-06-02T00:00:00Z"/>
  <node id="545" lat="27.08589704" lon="-109.70584282" version="1" changeset="1" user="osm_generator" uid="1" timestamp="2026-06-02T00:00:00Z"/>
  <node id="546" lat="27.08565634" lon="-109.70616975" version="1" changeset="1" user="osm_generator" uid="1" timestamp="2026-06-02T00:00:00Z"/>
  <node id="547" lat="27.08603753" lon="-109.70652376" version="1" changeset="1" user="osm_generator" uid="1" timestamp="2026-06-02T00:00:00Z"/>
  <node id="548" lat="27.08627823" lon="-109.70619683" version="1" changeset="1" user="osm_generator" uid="1" timestamp="2026-06-02T00:00:00Z"/>
  <node id="549" lat="27.08556437" lon="-109.70553386" version="1" changeset="1" user="osm_generator" uid="1" timestamp="2026-06-02T00:00:00Z"/>
  <node id="550" lat="27.08532367" lon="-109.70586079" version="1" changeset="1" user="osm_generator" uid="1" timestamp="2026-06-02T00:00:00Z"/>
  <node id="551" lat="27.08494249" lon="-109.70550678" version="1" changeset="1" user="osm_generator" uid="1" timestamp="2026-06-02T00:00:00Z"/>
  <node id="552" lat="27.08518319" lon="-109.70517985" version="1" changeset="1" user="osm_generator" uid="1" timestamp="2026-06-02T00:00:00Z"/>
  <node id="553" lat="27.08527782" lon="-109.70592306" version="1" changeset="1" user="osm_generator" uid="1" timestamp="2026-06-02T00:00:00Z"/>
  <node id="554" lat="27.08503713" lon="-109.70624999" version="1" changeset="1" user="osm_generator" uid="1" timestamp="2026-06-02T00:00:00Z"/>
  <node id="555" lat="27.08465594" lon="-109.70589598" version="1" changeset="1" user="osm_generator" uid="1" timestamp="2026-06-02T00:00:00Z"/>
  <node id="556" lat="27.08489664" lon="-109.70556905" version="1" changeset="1" user="osm_generator" uid="1" timestamp="2026-06-02T00:00:00Z"/>
  <node id="557" lat="27.08499128" lon="-109.70631226" version="1" changeset="1" user="osm_generator" uid="1" timestamp="2026-06-02T00:00:00Z"/>
  <node id="558" lat="27.08475058" lon="-109.70663919" version="1" changeset="1" user="osm_generator" uid="1" timestamp="2026-06-02T00:00:00Z"/>
  <node id="559" lat="27.08436939" lon="-109.70628518" version="1" changeset="1" user="osm_generator" uid="1" timestamp="2026-06-02T00:00:00Z"/>
  <node id="560" lat="27.08461009" lon="-109.70595825" version="1" changeset="1" user="osm_generator" uid="1" timestamp="2026-06-02T00:00:00Z"/>
  <node id="561" lat="27.09208534" lon="-109.69756126" version="1" changeset="1" user="osm_generator" uid="1" timestamp="2026-06-02T00:00:00Z"/>
  <node id="562" lat="27.09287980" lon="-109.69838158" version="1" changeset="1" user="osm_generator" uid="1" timestamp="2026-06-02T00:00:00Z"/>
  <node id="563" lat="27.09086802" lon="-109.69904838" version="1" changeset="1" user="osm_generator" uid="1" timestamp="2026-06-02T00:00:00Z"/>
  <node id="564" lat="27.09166248" lon="-109.69986871" version="1" changeset="1" user="osm_generator" uid="1" timestamp="2026-06-02T00:00:00Z"/>
  <node id="565" lat="27.08965070" lon="-109.70053551" version="1" changeset="1" user="osm_generator" uid="1" timestamp="2026-06-02T00:00:00Z"/>
  <node id="566" lat="27.09044515" lon="-109.70135583" version="1" changeset="1" user="osm_generator" uid="1" timestamp="2026-06-02T00:00:00Z"/>
  <node id="567" lat="27.08818928" lon="-109.70234901" version="1" changeset="1" user="osm_generator" uid="1" timestamp="2026-06-02T00:00:00Z"/>
  <node id="568" lat="27.08902096" lon="-109.70312139" version="1" changeset="1" user="osm_generator" uid="1" timestamp="2026-06-02T00:00:00Z"/>
  <node id="569" lat="27.08704309" lon="-109.70390581" version="1" changeset="1" user="osm_generator" uid="1" timestamp="2026-06-02T00:00:00Z"/>
  <node id="570" lat="27.08787477" lon="-109.70467819" version="1" changeset="1" user="osm_generator" uid="1" timestamp="2026-06-02T00:00:00Z"/>
  <node id="571" lat="27.08589691" lon="-109.70546261" version="1" changeset="1" user="osm_generator" uid="1" timestamp="2026-06-02T00:00:00Z"/>
  <node id="572" lat="27.08672858" lon="-109.70623499" version="1" changeset="1" user="osm_generator" uid="1" timestamp="2026-06-02T00:00:00Z"/>
  <node id="573" lat="27.09582748" lon="-109.71982053" version="1" changeset="1" user="osm_generator" uid="1" timestamp="2026-06-02T00:00:00Z"/>
  <node id="574" lat="27.09567283" lon="-109.71748234" version="1" changeset="1" user="osm_generator" uid="1" timestamp="2026-06-02T00:00:00Z"/>
  <node id="575" lat="27.09328865" lon="-109.71784663" version="1" changeset="1" user="osm_generator" uid="1" timestamp="2026-06-02T00:00:00Z"/>
  <node id="576" lat="27.09359673" lon="-109.71968595" version="1" changeset="1" user="osm_generator" uid="1" timestamp="2026-06-02T00:00:00Z"/>
  <node id="577" lat="27.06590869" lon="-109.72038850" version="1" changeset="1" user="osm_generator" uid="1" timestamp="2026-06-02T00:00:00Z"/>
  <node id="578" lat="27.06572895" lon="-109.71884348" version="1" changeset="1" user="osm_generator" uid="1" timestamp="2026-06-02T00:00:00Z"/>
  <node id="579" lat="27.06374692" lon="-109.71789795" version="1" changeset="1" user="osm_generator" uid="1" timestamp="2026-06-02T00:00:00Z"/>
  <node id="580" lat="27.06383996" lon="-109.71970593" version="1" changeset="1" user="osm_generator" uid="1" timestamp="2026-06-02T00:00:00Z"/>
  <node id="581" lat="27.09621418" lon="-109.70936686" version="1" changeset="1" user="osm_generator" uid="1" timestamp="2026-06-02T00:00:00Z"/>
  <node id="582" lat="27.09605614" lon="-109.70713648" version="1" changeset="1" user="osm_generator" uid="1" timestamp="2026-06-02T00:00:00Z"/>
  <node id="583" lat="27.09405935" lon="-109.70694535" version="1" changeset="1" user="osm_generator" uid="1" timestamp="2026-06-02T00:00:00Z"/>
  <node id="584" lat="27.09437544" lon="-109.70905400" version="1" changeset="1" user="osm_generator" uid="1" timestamp="2026-06-02T00:00:00Z"/>
  <node id="585" lat="27.06670302" lon="-109.71235654" version="1" changeset="1" user="osm_generator" uid="1" timestamp="2026-06-02T00:00:00Z"/>
  <node id="586" lat="27.06648042" lon="-109.71025376" version="1" changeset="1" user="osm_generator" uid="1" timestamp="2026-06-02T00:00:00Z"/>
  <node id="587" lat="27.06412128" lon="-109.71011187" version="1" changeset="1" user="osm_generator" uid="1" timestamp="2026-06-02T00:00:00Z"/>
  <node id="588" lat="27.06423280" lon="-109.71255679" version="1" changeset="1" user="osm_generator" uid="1" timestamp="2026-06-02T00:00:00Z"/>
  <node id="589" lat="27.09635858" lon="-109.70085475" version="1" changeset="1" user="osm_generator" uid="1" timestamp="2026-06-02T00:00:00Z"/>
  <node id="590" lat="27.09611270" lon="-109.69864654" version="1" changeset="1" user="osm_generator" uid="1" timestamp="2026-06-02T00:00:00Z"/>
  <node id="591" lat="27.09417369" lon="-109.69846561" version="1" changeset="1" user="osm_generator" uid="1" timestamp="2026-06-02T00:00:00Z"/>
  <node id="592" lat="27.09466519" lon="-109.70080162" version="1" changeset="1" user="osm_generator" uid="1" timestamp="2026-06-02T00:00:00Z"/>
  <node id="593" lat="27.06525433" lon="-109.70188362" version="1" changeset="1" user="osm_generator" uid="1" timestamp="2026-06-02T00:00:00Z"/>
  <node id="594" lat="27.06591356" lon="-109.69970914" version="1" changeset="1" user="osm_generator" uid="1" timestamp="2026-06-02T00:00:00Z"/>
  <node id="595" lat="27.06384133" lon="-109.69964784" version="1" changeset="1" user="osm_generator" uid="1" timestamp="2026-06-02T00:00:00Z"/>
  <node id="596" lat="27.06351184" lon="-109.70195424" version="1" changeset="1" user="osm_generator" uid="1" timestamp="2026-06-02T00:00:00Z"/>
  <node id="597" lat="27.06664979" lon="-109.69713164" version="1" changeset="1" user="osm_generator" uid="1" timestamp="2026-06-02T00:00:00Z"/>
  <node id="598" lat="27.06631082" lon="-109.69477341" version="1" changeset="1" user="osm_generator" uid="1" timestamp="2026-06-02T00:00:00Z"/>
  <node id="599" lat="27.06403817" lon="-109.69460711" version="1" changeset="1" user="osm_generator" uid="1" timestamp="2026-06-02T00:00:00Z"/>
  <node id="600" lat="27.06420765" lon="-109.69693493" version="1" changeset="1" user="osm_generator" uid="1" timestamp="2026-06-02T00:00:00Z"/>
  <node id="601" lat="27.09832808" lon="-109.69648623" version="1" changeset="1" user="osm_generator" uid="1" timestamp="2026-06-02T00:00:00Z"/>
  <node id="602" lat="27.09352179" lon="-109.69580645" version="1" changeset="1" user="osm_generator" uid="1" timestamp="2026-06-02T00:00:00Z"/>
  <node id="603" lat="27.08839560" lon="-109.70206878" version="1" changeset="1" user="osm_generator" uid="1" timestamp="2026-06-02T00:00:00Z"/>
  <node id="604" lat="27.08403880" lon="-109.70798636" version="1" changeset="1" user="osm_generator" uid="1" timestamp="2026-06-02T00:00:00Z"/>
  <node id="605" lat="27.08023781" lon="-109.71247602" version="1" changeset="1" user="osm_generator" uid="1" timestamp="2026-06-02T00:00:00Z"/>
  <node id="606" lat="27.07571974" lon="-109.71740903" version="1" changeset="1" user="osm_generator" uid="1" timestamp="2026-06-02T00:00:00Z"/>
  <node id="607" lat="27.07121688" lon="-109.71846811" version="1" changeset="1" user="osm_generator" uid="1" timestamp="2026-06-02T00:00:00Z"/>
  <node id="608" lat="27.06577092" lon="-109.71842454" version="1" changeset="1" user="osm_generator" uid="1" timestamp="2026-06-02T00:00:00Z"/>
  <node id="609" lat="27.06149192" lon="-109.71638325" version="1" changeset="1" user="osm_generator" uid="1" timestamp="2026-06-02T00:00:00Z"/>
  <node id="610" lat="27.09354455" lon="-109.72775582" version="1" changeset="1" user="osm_generator" uid="1" timestamp="2026-06-02T00:00:00Z"/>
  <node id="611" lat="27.09386003" lon="-109.72180424" version="1" changeset="1" user="osm_generator" uid="1" timestamp="2026-06-02T00:00:00Z"/>
  <node id="612" lat="27.09318278" lon="-109.71776088" version="1" changeset="1" user="osm_generator" uid="1" timestamp="2026-06-02T00:00:00Z"/>
  <node id="613" lat="27.09464374" lon="-109.71145217" version="1" changeset="1" user="osm_generator" uid="1" timestamp="2026-06-02T00:00:00Z"/>
  <node id="614" lat="27.09395140" lon="-109.70683365" version="1" changeset="1" user="osm_generator" uid="1" timestamp="2026-06-02T00:00:00Z"/>
  <node id="615" lat="27.09459357" lon="-109.70090042" version="1" changeset="1" user="osm_generator" uid="1" timestamp="2026-06-02T00:00:00Z"/>
  <node id="616" lat="27.09299600" lon="-109.69071972" version="1" changeset="1" user="osm_generator" uid="1" timestamp="2026-06-02T00:00:00Z"/>
  <node id="617" lat="27.09289268" lon="-109.68638418" version="1" changeset="1" user="osm_generator" uid="1" timestamp="2026-06-02T00:00:00Z"/>
  <node id="618" lat="27.06580448" lon="-109.72775582" version="1" changeset="1" user="osm_generator" uid="1" timestamp="2026-06-02T00:00:00Z"/>
  <node id="619" lat="27.06626056" lon="-109.72263366" version="1" changeset="1" user="osm_generator" uid="1" timestamp="2026-06-02T00:00:00Z"/>
  <node id="620" lat="27.06680345" lon="-109.71244967" version="1" changeset="1" user="osm_generator" uid="1" timestamp="2026-06-02T00:00:00Z"/>
  <node id="621" lat="27.06631813" lon="-109.70786522" version="1" changeset="1" user="osm_generator" uid="1" timestamp="2026-06-02T00:00:00Z"/>
  <node id="622" lat="27.06531949" lon="-109.70198205" version="1" changeset="1" user="osm_generator" uid="1" timestamp="2026-06-02T00:00:00Z"/>
  <node id="623" lat="27.06675667" lon="-109.69724151" version="1" changeset="1" user="osm_generator" uid="1" timestamp="2026-06-02T00:00:00Z"/>
  <node id="624" lat="27.06601968" lon="-109.69211419" version="1" changeset="1" user="osm_generator" uid="1" timestamp="2026-06-02T00:00:00Z"/>
  <node id="625" lat="27.06608847" lon="-109.68638418" version="1" changeset="1" user="osm_generator" uid="1" timestamp="2026-06-02T00:00:00Z"/>
  <node id="626" lat="27.09832808" lon="-109.71697469" version="1" changeset="1" user="osm_generator" uid="1" timestamp="2026-06-02T00:00:00Z"/>
  <node id="627" lat="27.08955163" lon="-109.71829858" version="1" changeset="1" user="osm_generator" uid="1" timestamp="2026-06-02T00:00:00Z"/>
  <node id="628" lat="27.08394960" lon="-109.71850810" version="1" changeset="1" user="osm_generator" uid="1" timestamp="2026-06-02T00:00:00Z"/>
  <node id="629" lat="27.07906705" lon="-109.71681311" version="1" changeset="1" user="osm_generator" uid="1" timestamp="2026-06-02T00:00:00Z"/>
  <node id="630" lat="27.09832808" lon="-109.70725257" version="1" changeset="1" user="osm_generator" uid="1" timestamp="2026-06-02T00:00:00Z"/>
  <node id="631" lat="27.08922921" lon="-109.70602701" version="1" changeset="1" user="osm_generator" uid="1" timestamp="2026-06-02T00:00:00Z"/>
  <node id="632" lat="27.08028671" lon="-109.70707678" version="1" changeset="1" user="osm_generator" uid="1" timestamp="2026-06-02T00:00:00Z"/>
  <node id="633" lat="27.07559986" lon="-109.70790984" version="1" changeset="1" user="osm_generator" uid="1" timestamp="2026-06-02T00:00:00Z"/>
  <node id="634" lat="27.07094068" lon="-109.70814653" version="1" changeset="1" user="osm_generator" uid="1" timestamp="2026-06-02T00:00:00Z"/>
  <node id="635" lat="27.06149192" lon="-109.70682492" version="1" changeset="1" user="osm_generator" uid="1" timestamp="2026-06-02T00:00:00Z"/>
  <node id="636" lat="27.08938549" lon="-109.69573055" version="1" changeset="1" user="osm_generator" uid="1" timestamp="2026-06-02T00:00:00Z"/>
  <node id="637" lat="27.08416779" lon="-109.69745581" version="1" changeset="1" user="osm_generator" uid="1" timestamp="2026-06-02T00:00:00Z"/>
  <node id="638" lat="27.08088613" lon="-109.69614741" version="1" changeset="1" user="osm_generator" uid="1" timestamp="2026-06-02T00:00:00Z"/>
  <node id="639" lat="27.07593596" lon="-109.69615692" version="1" changeset="1" user="osm_generator" uid="1" timestamp="2026-06-02T00:00:00Z"/>
  <node id="640" lat="27.06986765" lon="-109.69627675" version="1" changeset="1" user="osm_generator" uid="1" timestamp="2026-06-02T00:00:00Z"/>
  <node id="641" lat="27.06149192" lon="-109.69681744" version="1" changeset="1" user="osm_generator" uid="1" timestamp="2026-06-02T00:00:00Z"/>
  <way id="1" version="1" changeset="1" user="osm_generator" uid="1" timestamp="2026-06-02T00:00:00Z">
    <nd ref="1"/>
    <nd ref="2"/>
    <nd ref="3"/>
    <nd ref="4"/>
    <nd ref="1"/>
    <tag k="landuse" v="farmland"/>
  </way>
  <way id="2" version="1" changeset="1" user="osm_generator" uid="1" timestamp="2026-06-02T00:00:00Z">
    <nd ref="5"/>
    <nd ref="6"/>
    <nd ref="7"/>
    <nd ref="8"/>
    <nd ref="5"/>
    <tag k="landuse" v="farmland"/>
  </way>
  <way id="3" version="1" changeset="1" user="osm_generator" uid="1" timestamp="2026-06-02T00:00:00Z">
    <nd ref="9"/>
    <nd ref="10"/>
    <nd ref="11"/>
    <nd ref="12"/>
    <nd ref="9"/>
    <tag k="landuse" v="farmland"/>
  </way>
  <way id="4" version="1" changeset="1" user="osm_generator" uid="1" timestamp="2026-06-02T00:00:00Z">
    <nd ref="13"/>
    <nd ref="14"/>
    <nd ref="15"/>
    <nd ref="16"/>
    <nd ref="13"/>
    <tag k="landuse" v="farmland"/>
  </way>
  <way id="5" version="1" changeset="1" user="osm_generator" uid="1" timestamp="2026-06-02T00:00:00Z">
    <nd ref="17"/>
    <nd ref="18"/>
    <nd ref="19"/>
    <nd ref="20"/>
    <nd ref="17"/>
    <tag k="landuse" v="farmland"/>
  </way>
  <way id="6" version="1" changeset="1" user="osm_generator" uid="1" timestamp="2026-06-02T00:00:00Z">
    <nd ref="21"/>
    <nd ref="22"/>
    <nd ref="23"/>
    <nd ref="24"/>
    <nd ref="21"/>
    <tag k="landuse" v="farmland"/>
  </way>
  <way id="7" version="1" changeset="1" user="osm_generator" uid="1" timestamp="2026-06-02T00:00:00Z">
    <nd ref="25"/>
    <nd ref="26"/>
    <nd ref="27"/>
    <nd ref="28"/>
    <nd ref="25"/>
    <tag k="landuse" v="farmland"/>
  </way>
  <way id="8" version="1" changeset="1" user="osm_generator" uid="1" timestamp="2026-06-02T00:00:00Z">
    <nd ref="29"/>
    <nd ref="30"/>
    <nd ref="31"/>
    <nd ref="32"/>
    <nd ref="29"/>
    <tag k="landuse" v="farmland"/>
  </way>
  <way id="9" version="1" changeset="1" user="osm_generator" uid="1" timestamp="2026-06-02T00:00:00Z">
    <nd ref="33"/>
    <nd ref="34"/>
    <nd ref="35"/>
    <nd ref="36"/>
    <nd ref="33"/>
    <tag k="landuse" v="farmland"/>
  </way>
  <way id="10" version="1" changeset="1" user="osm_generator" uid="1" timestamp="2026-06-02T00:00:00Z">
    <nd ref="37"/>
    <nd ref="38"/>
    <nd ref="39"/>
    <nd ref="40"/>
    <nd ref="37"/>
    <tag k="landuse" v="farmland"/>
  </way>
  <way id="11" version="1" changeset="1" user="osm_generator" uid="1" timestamp="2026-06-02T00:00:00Z">
    <nd ref="41"/>
    <nd ref="42"/>
    <nd ref="43"/>
    <nd ref="44"/>
    <nd ref="41"/>
    <tag k="landuse" v="farmland"/>
  </way>
  <way id="12" version="1" changeset="1" user="osm_generator" uid="1" timestamp="2026-06-02T00:00:00Z">
    <nd ref="45"/>
    <nd ref="46"/>
    <nd ref="47"/>
    <nd ref="48"/>
    <nd ref="45"/>
    <tag k="landuse" v="farmland"/>
  </way>
  <way id="13" version="1" changeset="1" user="osm_generator" uid="1" timestamp="2026-06-02T00:00:00Z">
    <nd ref="49"/>
    <nd ref="50"/>
    <nd ref="51"/>
    <nd ref="52"/>
    <nd ref="49"/>
    <tag k="landuse" v="farmland"/>
  </way>
  <way id="14" version="1" changeset="1" user="osm_generator" uid="1" timestamp="2026-06-02T00:00:00Z">
    <nd ref="53"/>
    <nd ref="54"/>
    <nd ref="55"/>
    <nd ref="56"/>
    <nd ref="53"/>
    <tag k="landuse" v="farmland"/>
  </way>
  <way id="15" version="1" changeset="1" user="osm_generator" uid="1" timestamp="2026-06-02T00:00:00Z">
    <nd ref="57"/>
    <nd ref="58"/>
    <nd ref="59"/>
    <nd ref="60"/>
    <nd ref="57"/>
    <tag k="landuse" v="farmland"/>
  </way>
  <way id="16" version="1" changeset="1" user="osm_generator" uid="1" timestamp="2026-06-02T00:00:00Z">
    <nd ref="61"/>
    <nd ref="62"/>
    <nd ref="63"/>
    <nd ref="64"/>
    <nd ref="61"/>
    <tag k="landuse" v="farmland"/>
  </way>
  <way id="17" version="1" changeset="1" user="osm_generator" uid="1" timestamp="2026-06-02T00:00:00Z">
    <nd ref="65"/>
    <nd ref="66"/>
    <nd ref="67"/>
    <nd ref="68"/>
    <nd ref="65"/>
    <tag k="landuse" v="farmland"/>
  </way>
  <way id="18" version="1" changeset="1" user="osm_generator" uid="1" timestamp="2026-06-02T00:00:00Z">
    <nd ref="69"/>
    <nd ref="70"/>
    <nd ref="71"/>
    <nd ref="72"/>
    <nd ref="69"/>
    <tag k="landuse" v="farmland"/>
  </way>
  <way id="19" version="1" changeset="1" user="osm_generator" uid="1" timestamp="2026-06-02T00:00:00Z">
    <nd ref="73"/>
    <nd ref="74"/>
    <nd ref="75"/>
    <nd ref="76"/>
    <nd ref="73"/>
    <tag k="landuse" v="farmland"/>
  </way>
  <way id="20" version="1" changeset="1" user="osm_generator" uid="1" timestamp="2026-06-02T00:00:00Z">
    <nd ref="77"/>
    <nd ref="78"/>
    <nd ref="79"/>
    <nd ref="80"/>
    <nd ref="77"/>
    <tag k="landuse" v="farmland"/>
  </way>
  <way id="21" version="1" changeset="1" user="osm_generator" uid="1" timestamp="2026-06-02T00:00:00Z">
    <nd ref="81"/>
    <nd ref="82"/>
    <nd ref="83"/>
    <nd ref="84"/>
    <nd ref="81"/>
    <tag k="landuse" v="farmland"/>
  </way>
  <way id="22" version="1" changeset="1" user="osm_generator" uid="1" timestamp="2026-06-02T00:00:00Z">
    <nd ref="85"/>
    <nd ref="86"/>
    <nd ref="87"/>
    <nd ref="88"/>
    <nd ref="85"/>
    <tag k="landuse" v="farmland"/>
  </way>
  <way id="23" version="1" changeset="1" user="osm_generator" uid="1" timestamp="2026-06-02T00:00:00Z">
    <nd ref="89"/>
    <nd ref="90"/>
    <nd ref="91"/>
    <nd ref="92"/>
    <nd ref="89"/>
    <tag k="landuse" v="farmland"/>
  </way>
  <way id="24" version="1" changeset="1" user="osm_generator" uid="1" timestamp="2026-06-02T00:00:00Z">
    <nd ref="93"/>
    <nd ref="94"/>
    <nd ref="95"/>
    <nd ref="96"/>
    <nd ref="93"/>
    <tag k="landuse" v="farmland"/>
  </way>
  <way id="25" version="1" changeset="1" user="osm_generator" uid="1" timestamp="2026-06-02T00:00:00Z">
    <nd ref="97"/>
    <nd ref="98"/>
    <nd ref="99"/>
    <nd ref="100"/>
    <nd ref="97"/>
    <tag k="landuse" v="farmland"/>
  </way>
  <way id="26" version="1" changeset="1" user="osm_generator" uid="1" timestamp="2026-06-02T00:00:00Z">
    <nd ref="101"/>
    <nd ref="102"/>
    <nd ref="103"/>
    <nd ref="104"/>
    <nd ref="101"/>
    <tag k="landuse" v="farmland"/>
  </way>
  <way id="27" version="1" changeset="1" user="osm_generator" uid="1" timestamp="2026-06-02T00:00:00Z">
    <nd ref="105"/>
    <nd ref="106"/>
    <nd ref="107"/>
    <nd ref="108"/>
    <nd ref="105"/>
    <tag k="landuse" v="farmland"/>
  </way>
  <way id="28" version="1" changeset="1" user="osm_generator" uid="1" timestamp="2026-06-02T00:00:00Z">
    <nd ref="109"/>
    <nd ref="110"/>
    <nd ref="111"/>
    <nd ref="112"/>
    <nd ref="109"/>
    <tag k="landuse" v="farmland"/>
  </way>
  <way id="29" version="1" changeset="1" user="osm_generator" uid="1" timestamp="2026-06-02T00:00:00Z">
    <nd ref="113"/>
    <nd ref="114"/>
    <nd ref="115"/>
    <nd ref="116"/>
    <nd ref="113"/>
    <tag k="landuse" v="farmland"/>
  </way>
  <way id="30" version="1" changeset="1" user="osm_generator" uid="1" timestamp="2026-06-02T00:00:00Z">
    <nd ref="117"/>
    <nd ref="118"/>
    <nd ref="119"/>
    <nd ref="120"/>
    <nd ref="117"/>
    <tag k="landuse" v="farmland"/>
  </way>
  <way id="31" version="1" changeset="1" user="osm_generator" uid="1" timestamp="2026-06-02T00:00:00Z">
    <nd ref="121"/>
    <nd ref="122"/>
    <nd ref="123"/>
    <nd ref="124"/>
    <nd ref="121"/>
    <tag k="landuse" v="farmland"/>
  </way>
  <way id="32" version="1" changeset="1" user="osm_generator" uid="1" timestamp="2026-06-02T00:00:00Z">
    <nd ref="125"/>
    <nd ref="126"/>
    <nd ref="127"/>
    <nd ref="128"/>
    <nd ref="125"/>
    <tag k="landuse" v="farmland"/>
  </way>
  <way id="33" version="1" changeset="1" user="osm_generator" uid="1" timestamp="2026-06-02T00:00:00Z">
    <nd ref="129"/>
    <nd ref="130"/>
    <nd ref="131"/>
    <nd ref="132"/>
    <nd ref="129"/>
    <tag k="landuse" v="farmland"/>
  </way>
  <way id="34" version="1" changeset="1" user="osm_generator" uid="1" timestamp="2026-06-02T00:00:00Z">
    <nd ref="133"/>
    <nd ref="134"/>
    <nd ref="135"/>
    <nd ref="136"/>
    <nd ref="133"/>
    <tag k="landuse" v="farmland"/>
  </way>
  <way id="35" version="1" changeset="1" user="osm_generator" uid="1" timestamp="2026-06-02T00:00:00Z">
    <nd ref="137"/>
    <nd ref="138"/>
    <nd ref="139"/>
    <nd ref="140"/>
    <nd ref="137"/>
    <tag k="landuse" v="farmland"/>
  </way>
  <way id="36" version="1" changeset="1" user="osm_generator" uid="1" timestamp="2026-06-02T00:00:00Z">
    <nd ref="141"/>
    <nd ref="142"/>
    <nd ref="143"/>
    <nd ref="144"/>
    <nd ref="141"/>
    <tag k="landuse" v="farmland"/>
  </way>
  <way id="37" version="1" changeset="1" user="osm_generator" uid="1" timestamp="2026-06-02T00:00:00Z">
    <nd ref="145"/>
    <nd ref="146"/>
    <nd ref="147"/>
    <nd ref="148"/>
    <nd ref="145"/>
    <tag k="landuse" v="farmland"/>
  </way>
  <way id="38" version="1" changeset="1" user="osm_generator" uid="1" timestamp="2026-06-02T00:00:00Z">
    <nd ref="149"/>
    <nd ref="150"/>
    <nd ref="151"/>
    <nd ref="152"/>
    <nd ref="149"/>
    <tag k="landuse" v="farmland"/>
  </way>
  <way id="39" version="1" changeset="1" user="osm_generator" uid="1" timestamp="2026-06-02T00:00:00Z">
    <nd ref="153"/>
    <nd ref="154"/>
    <nd ref="155"/>
    <nd ref="156"/>
    <nd ref="153"/>
    <tag k="landuse" v="farmland"/>
  </way>
  <way id="40" version="1" changeset="1" user="osm_generator" uid="1" timestamp="2026-06-02T00:00:00Z">
    <nd ref="157"/>
    <nd ref="158"/>
    <nd ref="159"/>
    <nd ref="160"/>
    <nd ref="157"/>
    <tag k="landuse" v="farmland"/>
  </way>
  <way id="41" version="1" changeset="1" user="osm_generator" uid="1" timestamp="2026-06-02T00:00:00Z">
    <nd ref="161"/>
    <nd ref="162"/>
    <nd ref="163"/>
    <nd ref="164"/>
    <nd ref="161"/>
    <tag k="landuse" v="farmland"/>
  </way>
  <way id="42" version="1" changeset="1" user="osm_generator" uid="1" timestamp="2026-06-02T00:00:00Z">
    <nd ref="165"/>
    <nd ref="166"/>
    <nd ref="167"/>
    <nd ref="168"/>
    <nd ref="165"/>
    <tag k="landuse" v="farmland"/>
  </way>
  <way id="43" version="1" changeset="1" user="osm_generator" uid="1" timestamp="2026-06-02T00:00:00Z">
    <nd ref="169"/>
    <nd ref="170"/>
    <nd ref="171"/>
    <nd ref="172"/>
    <nd ref="169"/>
    <tag k="landuse" v="farmland"/>
  </way>
  <way id="44" version="1" changeset="1" user="osm_generator" uid="1" timestamp="2026-06-02T00:00:00Z">
    <nd ref="173"/>
    <nd ref="174"/>
    <nd ref="175"/>
    <nd ref="176"/>
    <nd ref="173"/>
    <tag k="landuse" v="farmland"/>
  </way>
  <way id="45" version="1" changeset="1" user="osm_generator" uid="1" timestamp="2026-06-02T00:00:00Z">
    <nd ref="177"/>
    <nd ref="178"/>
    <nd ref="179"/>
    <nd ref="180"/>
    <nd ref="177"/>
    <tag k="landuse" v="farmland"/>
  </way>
  <way id="46" version="1" changeset="1" user="osm_generator" uid="1" timestamp="2026-06-02T00:00:00Z">
    <nd ref="181"/>
    <nd ref="182"/>
    <nd ref="183"/>
    <nd ref="184"/>
    <nd ref="181"/>
    <tag k="landuse" v="farmland"/>
  </way>
  <way id="47" version="1" changeset="1" user="osm_generator" uid="1" timestamp="2026-06-02T00:00:00Z">
    <nd ref="185"/>
    <nd ref="186"/>
    <nd ref="187"/>
    <nd ref="188"/>
    <nd ref="185"/>
    <tag k="landuse" v="farmland"/>
  </way>
  <way id="48" version="1" changeset="1" user="osm_generator" uid="1" timestamp="2026-06-02T00:00:00Z">
    <nd ref="189"/>
    <nd ref="190"/>
    <nd ref="191"/>
    <nd ref="192"/>
    <nd ref="189"/>
    <tag k="landuse" v="farmland"/>
  </way>
  <way id="49" version="1" changeset="1" user="osm_generator" uid="1" timestamp="2026-06-02T00:00:00Z">
    <nd ref="193"/>
    <nd ref="194"/>
    <nd ref="195"/>
    <nd ref="196"/>
    <nd ref="193"/>
    <tag k="landuse" v="farmland"/>
  </way>
  <way id="50" version="1" changeset="1" user="osm_generator" uid="1" timestamp="2026-06-02T00:00:00Z">
    <nd ref="197"/>
    <nd ref="198"/>
    <nd ref="199"/>
    <nd ref="200"/>
    <nd ref="197"/>
    <tag k="landuse" v="farmland"/>
  </way>
  <way id="51" version="1" changeset="1" user="osm_generator" uid="1" timestamp="2026-06-02T00:00:00Z">
    <nd ref="201"/>
    <nd ref="202"/>
    <nd ref="203"/>
    <nd ref="204"/>
    <nd ref="201"/>
    <tag k="landuse" v="farmland"/>
  </way>
  <way id="52" version="1" changeset="1" user="osm_generator" uid="1" timestamp="2026-06-02T00:00:00Z">
    <nd ref="205"/>
    <nd ref="206"/>
    <nd ref="207"/>
    <nd ref="208"/>
    <nd ref="205"/>
    <tag k="landuse" v="farmland"/>
  </way>
  <way id="53" version="1" changeset="1" user="osm_generator" uid="1" timestamp="2026-06-02T00:00:00Z">
    <nd ref="209"/>
    <nd ref="210"/>
    <nd ref="211"/>
    <nd ref="209"/>
    <tag k="landuse" v="farmland"/>
  </way>
  <way id="54" version="1" changeset="1" user="osm_generator" uid="1" timestamp="2026-06-02T00:00:00Z">
    <nd ref="212"/>
    <nd ref="213"/>
    <nd ref="214"/>
    <nd ref="212"/>
    <tag k="landuse" v="farmland"/>
  </way>
  <way id="55" version="1" changeset="1" user="osm_generator" uid="1" timestamp="2026-06-02T00:00:00Z">
    <nd ref="215"/>
    <nd ref="216"/>
    <nd ref="217"/>
    <nd ref="218"/>
    <nd ref="215"/>
    <tag k="landuse" v="farmland"/>
  </way>
  <way id="56" version="1" changeset="1" user="osm_generator" uid="1" timestamp="2026-06-02T00:00:00Z">
    <nd ref="219"/>
    <nd ref="220"/>
    <nd ref="221"/>
    <nd ref="222"/>
    <nd ref="219"/>
    <tag k="landuse" v="farmland"/>
  </way>
  <way id="57" version="1" changeset="1" user="osm_generator" uid="1" timestamp="2026-06-02T00:00:00Z">
    <nd ref="223"/>
    <nd ref="224"/>
    <nd ref="225"/>
    <nd ref="226"/>
    <nd ref="223"/>
    <tag k="landuse" v="farmland"/>
  </way>
  <way id="58" version="1" changeset="1" user="osm_generator" uid="1" timestamp="2026-06-02T00:00:00Z">
    <nd ref="227"/>
    <nd ref="228"/>
    <nd ref="229"/>
    <nd ref="230"/>
    <nd ref="227"/>
    <tag k="landuse" v="farmland"/>
  </way>
  <way id="59" version="1" changeset="1" user="osm_generator" uid="1" timestamp="2026-06-02T00:00:00Z">
    <nd ref="231"/>
    <nd ref="232"/>
    <nd ref="233"/>
    <nd ref="234"/>
    <nd ref="231"/>
    <tag k="landuse" v="farmland"/>
  </way>
  <way id="60" version="1" changeset="1" user="osm_generator" uid="1" timestamp="2026-06-02T00:00:00Z">
    <nd ref="235"/>
    <nd ref="236"/>
    <nd ref="237"/>
    <nd ref="238"/>
    <nd ref="235"/>
    <tag k="landuse" v="farmland"/>
  </way>
  <way id="61" version="1" changeset="1" user="osm_generator" uid="1" timestamp="2026-06-02T00:00:00Z">
    <nd ref="239"/>
    <nd ref="240"/>
    <nd ref="241"/>
    <nd ref="242"/>
    <nd ref="239"/>
    <tag k="landuse" v="farmland"/>
  </way>
  <way id="62" version="1" changeset="1" user="osm_generator" uid="1" timestamp="2026-06-02T00:00:00Z">
    <nd ref="243"/>
    <nd ref="244"/>
    <nd ref="245"/>
    <nd ref="246"/>
    <nd ref="243"/>
    <tag k="landuse" v="farmland"/>
  </way>
  <way id="63" version="1" changeset="1" user="osm_generator" uid="1" timestamp="2026-06-02T00:00:00Z">
    <nd ref="247"/>
    <nd ref="248"/>
    <nd ref="249"/>
    <nd ref="250"/>
    <nd ref="247"/>
    <tag k="landuse" v="farmland"/>
  </way>
  <way id="64" version="1" changeset="1" user="osm_generator" uid="1" timestamp="2026-06-02T00:00:00Z">
    <nd ref="251"/>
    <nd ref="252"/>
    <nd ref="253"/>
    <nd ref="254"/>
    <nd ref="251"/>
    <tag k="landuse" v="farmland"/>
  </way>
  <way id="65" version="1" changeset="1" user="osm_generator" uid="1" timestamp="2026-06-02T00:00:00Z">
    <nd ref="255"/>
    <nd ref="256"/>
    <nd ref="257"/>
    <nd ref="258"/>
    <nd ref="255"/>
    <tag k="landuse" v="farmland"/>
  </way>
  <way id="66" version="1" changeset="1" user="osm_generator" uid="1" timestamp="2026-06-02T00:00:00Z">
    <nd ref="259"/>
    <nd ref="260"/>
    <nd ref="261"/>
    <nd ref="262"/>
    <nd ref="259"/>
    <tag k="landuse" v="farmland"/>
  </way>
  <way id="67" version="1" changeset="1" user="osm_generator" uid="1" timestamp="2026-06-02T00:00:00Z">
    <nd ref="263"/>
    <nd ref="264"/>
    <nd ref="265"/>
    <nd ref="266"/>
    <nd ref="263"/>
    <tag k="landuse" v="farmland"/>
  </way>
  <way id="68" version="1" changeset="1" user="osm_generator" uid="1" timestamp="2026-06-02T00:00:00Z">
    <nd ref="267"/>
    <nd ref="268"/>
    <nd ref="269"/>
    <nd ref="270"/>
    <nd ref="267"/>
    <tag k="landuse" v="farmland"/>
  </way>
  <way id="69" version="1" changeset="1" user="osm_generator" uid="1" timestamp="2026-06-02T00:00:00Z">
    <nd ref="271"/>
    <nd ref="272"/>
    <nd ref="273"/>
    <nd ref="274"/>
    <nd ref="271"/>
    <tag k="landuse" v="farmland"/>
  </way>
  <way id="70" version="1" changeset="1" user="osm_generator" uid="1" timestamp="2026-06-02T00:00:00Z">
    <nd ref="275"/>
    <nd ref="276"/>
    <nd ref="277"/>
    <nd ref="278"/>
    <nd ref="275"/>
    <tag k="landuse" v="farmland"/>
  </way>
  <way id="71" version="1" changeset="1" user="osm_generator" uid="1" timestamp="2026-06-02T00:00:00Z">
    <nd ref="279"/>
    <nd ref="280"/>
    <nd ref="281"/>
    <nd ref="282"/>
    <nd ref="279"/>
    <tag k="landuse" v="farmland"/>
  </way>
  <way id="72" version="1" changeset="1" user="osm_generator" uid="1" timestamp="2026-06-02T00:00:00Z">
    <nd ref="283"/>
    <nd ref="284"/>
    <nd ref="285"/>
    <nd ref="286"/>
    <nd ref="283"/>
    <tag k="landuse" v="farmland"/>
  </way>
  <way id="73" version="1" changeset="1" user="osm_generator" uid="1" timestamp="2026-06-02T00:00:00Z">
    <nd ref="287"/>
    <nd ref="288"/>
    <nd ref="289"/>
    <nd ref="290"/>
    <nd ref="287"/>
    <tag k="landuse" v="farmland"/>
  </way>
  <way id="74" version="1" changeset="1" user="osm_generator" uid="1" timestamp="2026-06-02T00:00:00Z">
    <nd ref="291"/>
    <nd ref="292"/>
    <nd ref="293"/>
    <nd ref="294"/>
    <nd ref="291"/>
    <tag k="landuse" v="farmland"/>
  </way>
  <way id="75" version="1" changeset="1" user="osm_generator" uid="1" timestamp="2026-06-02T00:00:00Z">
    <nd ref="295"/>
    <nd ref="296"/>
    <nd ref="297"/>
    <nd ref="298"/>
    <nd ref="295"/>
    <tag k="landuse" v="farmland"/>
  </way>
  <way id="76" version="1" changeset="1" user="osm_generator" uid="1" timestamp="2026-06-02T00:00:00Z">
    <nd ref="299"/>
    <nd ref="300"/>
    <nd ref="301"/>
    <nd ref="302"/>
    <nd ref="299"/>
    <tag k="landuse" v="farmland"/>
  </way>
  <way id="77" version="1" changeset="1" user="osm_generator" uid="1" timestamp="2026-06-02T00:00:00Z">
    <nd ref="303"/>
    <nd ref="304"/>
    <nd ref="305"/>
    <nd ref="306"/>
    <nd ref="303"/>
    <tag k="landuse" v="farmland"/>
  </way>
  <way id="78" version="1" changeset="1" user="osm_generator" uid="1" timestamp="2026-06-02T00:00:00Z">
    <nd ref="307"/>
    <nd ref="308"/>
    <nd ref="309"/>
    <nd ref="310"/>
    <nd ref="307"/>
    <tag k="landuse" v="farmland"/>
  </way>
  <way id="79" version="1" changeset="1" user="osm_generator" uid="1" timestamp="2026-06-02T00:00:00Z">
    <nd ref="311"/>
    <nd ref="312"/>
    <nd ref="313"/>
    <nd ref="314"/>
    <nd ref="311"/>
    <tag k="landuse" v="farmland"/>
  </way>
  <way id="80" version="1" changeset="1" user="osm_generator" uid="1" timestamp="2026-06-02T00:00:00Z">
    <nd ref="315"/>
    <nd ref="316"/>
    <nd ref="317"/>
    <nd ref="318"/>
    <nd ref="315"/>
    <tag k="natural" v="wood"/>
    <tag k="name" v="Diagonal Forest"/>
  </way>
  <way id="81" version="1" changeset="1" user="osm_generator" uid="1" timestamp="2026-06-02T00:00:00Z">
    <nd ref="319"/>
    <nd ref="320"/>
    <nd ref="321"/>
    <nd ref="322"/>
    <nd ref="319"/>
    <tag k="natural" v="wood"/>
    <tag k="name" v="Diagonal Forest"/>
  </way>
  <way id="82" version="1" changeset="1" user="osm_generator" uid="1" timestamp="2026-06-02T00:00:00Z">
    <nd ref="323"/>
    <nd ref="324"/>
    <nd ref="325"/>
    <nd ref="326"/>
    <nd ref="323"/>
    <tag k="natural" v="wood"/>
    <tag k="name" v="Diagonal Forest"/>
  </way>
  <way id="83" version="1" changeset="1" user="osm_generator" uid="1" timestamp="2026-06-02T00:00:00Z">
    <nd ref="327"/>
    <nd ref="328"/>
    <nd ref="329"/>
    <nd ref="327"/>
    <tag k="natural" v="wood"/>
    <tag k="name" v="Diagonal Forest"/>
  </way>
  <way id="84" version="1" changeset="1" user="osm_generator" uid="1" timestamp="2026-06-02T00:00:00Z">
    <nd ref="330"/>
    <nd ref="331"/>
    <nd ref="332"/>
    <nd ref="330"/>
    <tag k="natural" v="wood"/>
    <tag k="name" v="Diagonal Forest"/>
  </way>
  <way id="85" version="1" changeset="1" user="osm_generator" uid="1" timestamp="2026-06-02T00:00:00Z">
    <nd ref="333"/>
    <nd ref="334"/>
    <nd ref="335"/>
    <nd ref="333"/>
    <tag k="natural" v="wood"/>
    <tag k="name" v="Diagonal Forest"/>
  </way>
  <way id="86" version="1" changeset="1" user="osm_generator" uid="1" timestamp="2026-06-02T00:00:00Z">
    <nd ref="336"/>
    <nd ref="337"/>
    <nd ref="338"/>
    <nd ref="336"/>
    <tag k="natural" v="wood"/>
    <tag k="name" v="Diagonal Forest"/>
  </way>
  <way id="87" version="1" changeset="1" user="osm_generator" uid="1" timestamp="2026-06-02T00:00:00Z">
    <nd ref="339"/>
    <nd ref="340"/>
    <nd ref="341"/>
    <nd ref="339"/>
    <tag k="natural" v="wood"/>
    <tag k="name" v="Diagonal Forest"/>
  </way>
  <way id="88" version="1" changeset="1" user="osm_generator" uid="1" timestamp="2026-06-02T00:00:00Z">
    <nd ref="342"/>
    <nd ref="343"/>
    <nd ref="344"/>
    <nd ref="342"/>
    <tag k="natural" v="wood"/>
    <tag k="name" v="Diagonal Forest"/>
  </way>
  <way id="89" version="1" changeset="1" user="osm_generator" uid="1" timestamp="2026-06-02T00:00:00Z">
    <nd ref="345"/>
    <nd ref="346"/>
    <nd ref="347"/>
    <nd ref="348"/>
    <nd ref="345"/>
    <tag k="natural" v="wood"/>
    <tag k="name" v="Diagonal Forest"/>
  </way>
  <way id="90" version="1" changeset="1" user="osm_generator" uid="1" timestamp="2026-06-02T00:00:00Z">
    <nd ref="349"/>
    <nd ref="350"/>
    <nd ref="351"/>
    <nd ref="352"/>
    <nd ref="349"/>
    <tag k="landuse" v="residential"/>
  </way>
  <way id="91" version="1" changeset="1" user="osm_generator" uid="1" timestamp="2026-06-02T00:00:00Z">
    <nd ref="353"/>
    <nd ref="354"/>
    <nd ref="355"/>
    <nd ref="356"/>
    <nd ref="353"/>
    <tag k="landuse" v="residential"/>
  </way>
  <way id="92" version="1" changeset="1" user="osm_generator" uid="1" timestamp="2026-06-02T00:00:00Z">
    <nd ref="357"/>
    <nd ref="358"/>
    <nd ref="359"/>
    <nd ref="360"/>
    <nd ref="357"/>
    <tag k="landuse" v="residential"/>
  </way>
  <way id="93" version="1" changeset="1" user="osm_generator" uid="1" timestamp="2026-06-02T00:00:00Z">
    <nd ref="361"/>
    <nd ref="362"/>
    <nd ref="363"/>
    <nd ref="364"/>
    <nd ref="361"/>
    <tag k="landuse" v="residential"/>
  </way>
  <way id="94" version="1" changeset="1" user="osm_generator" uid="1" timestamp="2026-06-02T00:00:00Z">
    <nd ref="365"/>
    <nd ref="366"/>
    <nd ref="367"/>
    <nd ref="368"/>
    <nd ref="365"/>
    <tag k="landuse" v="residential"/>
  </way>
  <way id="95" version="1" changeset="1" user="osm_generator" uid="1" timestamp="2026-06-02T00:00:00Z">
    <nd ref="369"/>
    <nd ref="370"/>
    <nd ref="371"/>
    <nd ref="372"/>
    <nd ref="369"/>
    <tag k="landuse" v="residential"/>
  </way>
  <way id="96" version="1" changeset="1" user="osm_generator" uid="1" timestamp="2026-06-02T00:00:00Z">
    <nd ref="373"/>
    <nd ref="374"/>
    <nd ref="375"/>
    <nd ref="376"/>
    <nd ref="373"/>
    <tag k="landuse" v="residential"/>
  </way>
  <way id="97" version="1" changeset="1" user="osm_generator" uid="1" timestamp="2026-06-02T00:00:00Z">
    <nd ref="377"/>
    <nd ref="378"/>
    <nd ref="379"/>
    <nd ref="380"/>
    <nd ref="377"/>
    <tag k="landuse" v="residential"/>
  </way>
  <way id="98" version="1" changeset="1" user="osm_generator" uid="1" timestamp="2026-06-02T00:00:00Z">
    <nd ref="381"/>
    <nd ref="382"/>
    <nd ref="383"/>
    <nd ref="384"/>
    <nd ref="381"/>
    <tag k="landuse" v="residential"/>
  </way>
  <way id="99" version="1" changeset="1" user="osm_generator" uid="1" timestamp="2026-06-02T00:00:00Z">
    <nd ref="385"/>
    <nd ref="386"/>
    <nd ref="387"/>
    <nd ref="388"/>
    <nd ref="385"/>
    <tag k="landuse" v="residential"/>
  </way>
  <way id="100" version="1" changeset="1" user="osm_generator" uid="1" timestamp="2026-06-02T00:00:00Z">
    <nd ref="389"/>
    <nd ref="390"/>
    <nd ref="391"/>
    <nd ref="392"/>
    <nd ref="389"/>
    <tag k="landuse" v="residential"/>
  </way>
  <way id="101" version="1" changeset="1" user="osm_generator" uid="1" timestamp="2026-06-02T00:00:00Z">
    <nd ref="393"/>
    <nd ref="394"/>
    <nd ref="395"/>
    <nd ref="396"/>
    <nd ref="393"/>
    <tag k="landuse" v="residential"/>
  </way>
  <way id="102" version="1" changeset="1" user="osm_generator" uid="1" timestamp="2026-06-02T00:00:00Z">
    <nd ref="397"/>
    <nd ref="398"/>
    <nd ref="399"/>
    <nd ref="400"/>
    <nd ref="397"/>
    <tag k="landuse" v="residential"/>
  </way>
  <way id="103" version="1" changeset="1" user="osm_generator" uid="1" timestamp="2026-06-02T00:00:00Z">
    <nd ref="401"/>
    <nd ref="402"/>
    <nd ref="403"/>
    <nd ref="404"/>
    <nd ref="401"/>
    <tag k="landuse" v="residential"/>
  </way>
  <way id="104" version="1" changeset="1" user="osm_generator" uid="1" timestamp="2026-06-02T00:00:00Z">
    <nd ref="405"/>
    <nd ref="406"/>
    <nd ref="407"/>
    <nd ref="408"/>
    <nd ref="405"/>
    <tag k="landuse" v="residential"/>
  </way>
  <way id="105" version="1" changeset="1" user="osm_generator" uid="1" timestamp="2026-06-02T00:00:00Z">
    <nd ref="409"/>
    <nd ref="410"/>
    <nd ref="411"/>
    <nd ref="412"/>
    <nd ref="409"/>
    <tag k="landuse" v="residential"/>
  </way>
  <way id="106" version="1" changeset="1" user="osm_generator" uid="1" timestamp="2026-06-02T00:00:00Z">
    <nd ref="413"/>
    <nd ref="414"/>
    <nd ref="415"/>
    <nd ref="416"/>
    <nd ref="413"/>
    <tag k="landuse" v="residential"/>
  </way>
  <way id="107" version="1" changeset="1" user="osm_generator" uid="1" timestamp="2026-06-02T00:00:00Z">
    <nd ref="417"/>
    <nd ref="418"/>
    <nd ref="419"/>
    <nd ref="420"/>
    <nd ref="417"/>
    <tag k="landuse" v="residential"/>
  </way>
  <way id="108" version="1" changeset="1" user="osm_generator" uid="1" timestamp="2026-06-02T00:00:00Z">
    <nd ref="421"/>
    <nd ref="422"/>
    <nd ref="423"/>
    <nd ref="424"/>
    <nd ref="421"/>
    <tag k="landuse" v="residential"/>
  </way>
  <way id="109" version="1" changeset="1" user="osm_generator" uid="1" timestamp="2026-06-02T00:00:00Z">
    <nd ref="425"/>
    <nd ref="426"/>
    <nd ref="427"/>
    <nd ref="428"/>
    <nd ref="425"/>
    <tag k="landuse" v="residential"/>
  </way>
  <way id="110" version="1" changeset="1" user="osm_generator" uid="1" timestamp="2026-06-02T00:00:00Z">
    <nd ref="429"/>
    <nd ref="430"/>
    <nd ref="431"/>
    <nd ref="432"/>
    <nd ref="429"/>
    <tag k="landuse" v="residential"/>
  </way>
  <way id="111" version="1" changeset="1" user="osm_generator" uid="1" timestamp="2026-06-02T00:00:00Z">
    <nd ref="433"/>
    <nd ref="434"/>
    <nd ref="435"/>
    <nd ref="436"/>
    <nd ref="433"/>
    <tag k="landuse" v="residential"/>
  </way>
  <way id="112" version="1" changeset="1" user="osm_generator" uid="1" timestamp="2026-06-02T00:00:00Z">
    <nd ref="437"/>
    <nd ref="438"/>
    <nd ref="439"/>
    <nd ref="440"/>
    <nd ref="437"/>
    <tag k="landuse" v="residential"/>
  </way>
  <way id="113" version="1" changeset="1" user="osm_generator" uid="1" timestamp="2026-06-02T00:00:00Z">
    <nd ref="441"/>
    <nd ref="442"/>
    <nd ref="443"/>
    <nd ref="444"/>
    <nd ref="441"/>
    <tag k="landuse" v="residential"/>
  </way>
  <way id="114" version="1" changeset="1" user="osm_generator" uid="1" timestamp="2026-06-02T00:00:00Z">
    <nd ref="445"/>
    <nd ref="446"/>
    <nd ref="447"/>
    <nd ref="448"/>
    <nd ref="445"/>
    <tag k="landuse" v="residential"/>
  </way>
  <way id="115" version="1" changeset="1" user="osm_generator" uid="1" timestamp="2026-06-02T00:00:00Z">
    <nd ref="449"/>
    <nd ref="450"/>
    <nd ref="451"/>
    <nd ref="452"/>
    <nd ref="449"/>
    <tag k="landuse" v="residential"/>
  </way>
  <way id="116" version="1" changeset="1" user="osm_generator" uid="1" timestamp="2026-06-02T00:00:00Z">
    <nd ref="453"/>
    <nd ref="454"/>
    <nd ref="455"/>
    <nd ref="456"/>
    <nd ref="453"/>
    <tag k="landuse" v="residential"/>
  </way>
  <way id="117" version="1" changeset="1" user="osm_generator" uid="1" timestamp="2026-06-02T00:00:00Z">
    <nd ref="457"/>
    <nd ref="458"/>
    <nd ref="459"/>
    <nd ref="460"/>
    <nd ref="457"/>
    <tag k="landuse" v="residential"/>
  </way>
  <way id="118" version="1" changeset="1" user="osm_generator" uid="1" timestamp="2026-06-02T00:00:00Z">
    <nd ref="461"/>
    <nd ref="462"/>
    <nd ref="463"/>
    <nd ref="464"/>
    <nd ref="461"/>
    <tag k="landuse" v="residential"/>
  </way>
  <way id="119" version="1" changeset="1" user="osm_generator" uid="1" timestamp="2026-06-02T00:00:00Z">
    <nd ref="465"/>
    <nd ref="466"/>
    <nd ref="467"/>
    <nd ref="468"/>
    <nd ref="465"/>
    <tag k="landuse" v="residential"/>
  </way>
  <way id="120" version="1" changeset="1" user="osm_generator" uid="1" timestamp="2026-06-02T00:00:00Z">
    <nd ref="469"/>
    <nd ref="470"/>
    <nd ref="471"/>
    <nd ref="472"/>
    <nd ref="469"/>
    <tag k="landuse" v="residential"/>
  </way>
  <way id="121" version="1" changeset="1" user="osm_generator" uid="1" timestamp="2026-06-02T00:00:00Z">
    <nd ref="473"/>
    <nd ref="474"/>
    <nd ref="475"/>
    <nd ref="476"/>
    <nd ref="473"/>
    <tag k="landuse" v="residential"/>
  </way>
  <way id="122" version="1" changeset="1" user="osm_generator" uid="1" timestamp="2026-06-02T00:00:00Z">
    <nd ref="477"/>
    <nd ref="478"/>
    <nd ref="479"/>
    <nd ref="480"/>
    <nd ref="477"/>
    <tag k="landuse" v="residential"/>
  </way>
  <way id="123" version="1" changeset="1" user="osm_generator" uid="1" timestamp="2026-06-02T00:00:00Z">
    <nd ref="481"/>
    <nd ref="482"/>
    <nd ref="483"/>
    <nd ref="484"/>
    <nd ref="481"/>
    <tag k="landuse" v="residential"/>
  </way>
  <way id="124" version="1" changeset="1" user="osm_generator" uid="1" timestamp="2026-06-02T00:00:00Z">
    <nd ref="485"/>
    <nd ref="486"/>
    <nd ref="487"/>
    <nd ref="488"/>
    <nd ref="485"/>
    <tag k="landuse" v="residential"/>
  </way>
  <way id="125" version="1" changeset="1" user="osm_generator" uid="1" timestamp="2026-06-02T00:00:00Z">
    <nd ref="489"/>
    <nd ref="490"/>
    <nd ref="491"/>
    <nd ref="492"/>
    <nd ref="489"/>
    <tag k="landuse" v="residential"/>
  </way>
  <way id="126" version="1" changeset="1" user="osm_generator" uid="1" timestamp="2026-06-02T00:00:00Z">
    <nd ref="493"/>
    <nd ref="494"/>
    <nd ref="495"/>
    <nd ref="496"/>
    <nd ref="493"/>
    <tag k="landuse" v="residential"/>
  </way>
  <way id="127" version="1" changeset="1" user="osm_generator" uid="1" timestamp="2026-06-02T00:00:00Z">
    <nd ref="497"/>
    <nd ref="498"/>
    <nd ref="499"/>
    <nd ref="500"/>
    <nd ref="497"/>
    <tag k="landuse" v="residential"/>
  </way>
  <way id="128" version="1" changeset="1" user="osm_generator" uid="1" timestamp="2026-06-02T00:00:00Z">
    <nd ref="501"/>
    <nd ref="502"/>
    <nd ref="503"/>
    <nd ref="504"/>
    <nd ref="501"/>
    <tag k="landuse" v="residential"/>
  </way>
  <way id="129" version="1" changeset="1" user="osm_generator" uid="1" timestamp="2026-06-02T00:00:00Z">
    <nd ref="505"/>
    <nd ref="506"/>
    <nd ref="507"/>
    <nd ref="508"/>
    <nd ref="505"/>
    <tag k="landuse" v="residential"/>
  </way>
  <way id="130" version="1" changeset="1" user="osm_generator" uid="1" timestamp="2026-06-02T00:00:00Z">
    <nd ref="509"/>
    <nd ref="510"/>
    <nd ref="511"/>
    <nd ref="512"/>
    <nd ref="509"/>
    <tag k="landuse" v="residential"/>
  </way>
  <way id="131" version="1" changeset="1" user="osm_generator" uid="1" timestamp="2026-06-02T00:00:00Z">
    <nd ref="513"/>
    <nd ref="514"/>
    <nd ref="515"/>
    <nd ref="516"/>
    <nd ref="513"/>
    <tag k="landuse" v="residential"/>
  </way>
  <way id="132" version="1" changeset="1" user="osm_generator" uid="1" timestamp="2026-06-02T00:00:00Z">
    <nd ref="517"/>
    <nd ref="518"/>
    <nd ref="519"/>
    <nd ref="520"/>
    <nd ref="517"/>
    <tag k="landuse" v="residential"/>
  </way>
  <way id="133" version="1" changeset="1" user="osm_generator" uid="1" timestamp="2026-06-02T00:00:00Z">
    <nd ref="521"/>
    <nd ref="522"/>
    <nd ref="523"/>
    <nd ref="524"/>
    <nd ref="521"/>
    <tag k="landuse" v="residential"/>
  </way>
  <way id="134" version="1" changeset="1" user="osm_generator" uid="1" timestamp="2026-06-02T00:00:00Z">
    <nd ref="525"/>
    <nd ref="526"/>
    <nd ref="527"/>
    <nd ref="528"/>
    <nd ref="525"/>
    <tag k="landuse" v="residential"/>
  </way>
  <way id="135" version="1" changeset="1" user="osm_generator" uid="1" timestamp="2026-06-02T00:00:00Z">
    <nd ref="529"/>
    <nd ref="530"/>
    <nd ref="531"/>
    <nd ref="532"/>
    <nd ref="529"/>
    <tag k="landuse" v="residential"/>
  </way>
  <way id="136" version="1" changeset="1" user="osm_generator" uid="1" timestamp="2026-06-02T00:00:00Z">
    <nd ref="533"/>
    <nd ref="534"/>
    <nd ref="535"/>
    <nd ref="536"/>
    <nd ref="533"/>
    <tag k="landuse" v="residential"/>
  </way>
  <way id="137" version="1" changeset="1" user="osm_generator" uid="1" timestamp="2026-06-02T00:00:00Z">
    <nd ref="537"/>
    <nd ref="538"/>
    <nd ref="539"/>
    <nd ref="540"/>
    <nd ref="537"/>
    <tag k="landuse" v="residential"/>
  </way>
  <way id="138" version="1" changeset="1" user="osm_generator" uid="1" timestamp="2026-06-02T00:00:00Z">
    <nd ref="541"/>
    <nd ref="542"/>
    <nd ref="543"/>
    <nd ref="544"/>
    <nd ref="541"/>
    <tag k="landuse" v="residential"/>
  </way>
  <way id="139" version="1" changeset="1" user="osm_generator" uid="1" timestamp="2026-06-02T00:00:00Z">
    <nd ref="545"/>
    <nd ref="546"/>
    <nd ref="547"/>
    <nd ref="548"/>
    <nd ref="545"/>
    <tag k="landuse" v="residential"/>
  </way>
  <way id="140" version="1" changeset="1" user="osm_generator" uid="1" timestamp="2026-06-02T00:00:00Z">
    <nd ref="549"/>
    <nd ref="550"/>
    <nd ref="551"/>
    <nd ref="552"/>
    <nd ref="549"/>
    <tag k="landuse" v="residential"/>
  </way>
  <way id="141" version="1" changeset="1" user="osm_generator" uid="1" timestamp="2026-06-02T00:00:00Z">
    <nd ref="553"/>
    <nd ref="554"/>
    <nd ref="555"/>
    <nd ref="556"/>
    <nd ref="553"/>
    <tag k="landuse" v="residential"/>
  </way>
  <way id="142" version="1" changeset="1" user="osm_generator" uid="1" timestamp="2026-06-02T00:00:00Z">
    <nd ref="557"/>
    <nd ref="558"/>
    <nd ref="559"/>
    <nd ref="560"/>
    <nd ref="557"/>
    <tag k="landuse" v="residential"/>
  </way>
  <way id="143" version="1" changeset="1" user="osm_generator" uid="1" timestamp="2026-06-02T00:00:00Z">
    <nd ref="561"/>
    <nd ref="562"/>
    <tag k="highway" v="residential"/>
  </way>
  <way id="144" version="1" changeset="1" user="osm_generator" uid="1" timestamp="2026-06-02T00:00:00Z">
    <nd ref="563"/>
    <nd ref="564"/>
    <tag k="highway" v="residential"/>
  </way>
  <way id="145" version="1" changeset="1" user="osm_generator" uid="1" timestamp="2026-06-02T00:00:00Z">
    <nd ref="565"/>
    <nd ref="566"/>
    <tag k="highway" v="residential"/>
  </way>
  <way id="146" version="1" changeset="1" user="osm_generator" uid="1" timestamp="2026-06-02T00:00:00Z">
    <nd ref="567"/>
    <nd ref="568"/>
    <tag k="highway" v="residential"/>
  </way>
  <way id="147" version="1" changeset="1" user="osm_generator" uid="1" timestamp="2026-06-02T00:00:00Z">
    <nd ref="569"/>
    <nd ref="570"/>
    <tag k="highway" v="residential"/>
  </way>
  <way id="148" version="1" changeset="1" user="osm_generator" uid="1" timestamp="2026-06-02T00:00:00Z">
    <nd ref="571"/>
    <nd ref="572"/>
    <tag k="highway" v="residential"/>
  </way>
  <way id="149" version="1" changeset="1" user="osm_generator" uid="1" timestamp="2026-06-02T00:00:00Z">
    <nd ref="573"/>
    <nd ref="574"/>
    <nd ref="575"/>
    <nd ref="576"/>
    <nd ref="573"/>
    <tag k="landuse" v="farmyard"/>
    <tag k="building" v="industrial"/>
  </way>
  <way id="150" version="1" changeset="1" user="osm_generator" uid="1" timestamp="2026-06-02T00:00:00Z">
    <nd ref="577"/>
    <nd ref="578"/>
    <nd ref="579"/>
    <nd ref="580"/>
    <nd ref="577"/>
    <tag k="landuse" v="farmyard"/>
    <tag k="building" v="industrial"/>
  </way>
  <way id="151" version="1" changeset="1" user="osm_generator" uid="1" timestamp="2026-06-02T00:00:00Z">
    <nd ref="581"/>
    <nd ref="582"/>
    <nd ref="583"/>
    <nd ref="584"/>
    <nd ref="581"/>
    <tag k="landuse" v="farmyard"/>
    <tag k="building" v="industrial"/>
  </way>
  <way id="152" version="1" changeset="1" user="osm_generator" uid="1" timestamp="2026-06-02T00:00:00Z">
    <nd ref="585"/>
    <nd ref="586"/>
    <nd ref="587"/>
    <nd ref="588"/>
    <nd ref="585"/>
    <tag k="landuse" v="farmyard"/>
    <tag k="building" v="industrial"/>
  </way>
  <way id="153" version="1" changeset="1" user="osm_generator" uid="1" timestamp="2026-06-02T00:00:00Z">
    <nd ref="589"/>
    <nd ref="590"/>
    <nd ref="591"/>
    <nd ref="592"/>
    <nd ref="589"/>
    <tag k="landuse" v="farmyard"/>
    <tag k="building" v="industrial"/>
  </way>
  <way id="154" version="1" changeset="1" user="osm_generator" uid="1" timestamp="2026-06-02T00:00:00Z">
    <nd ref="593"/>
    <nd ref="594"/>
    <nd ref="595"/>
    <nd ref="596"/>
    <nd ref="593"/>
    <tag k="landuse" v="farmyard"/>
    <tag k="building" v="industrial"/>
  </way>
  <way id="155" version="1" changeset="1" user="osm_generator" uid="1" timestamp="2026-06-02T00:00:00Z">
    <nd ref="597"/>
    <nd ref="598"/>
    <nd ref="599"/>
    <nd ref="600"/>
    <nd ref="597"/>
    <tag k="landuse" v="farmyard"/>
    <tag k="building" v="industrial"/>
  </way>
  <way id="156" version="1" changeset="1" user="osm_generator" uid="1" timestamp="2026-06-02T00:00:00Z">
    <nd ref="601"/>
    <nd ref="602"/>
    <nd ref="561"/>
    <nd ref="563"/>
    <nd ref="565"/>
    <nd ref="603"/>
    <nd ref="567"/>
    <nd ref="569"/>
    <nd ref="571"/>
    <nd ref="604"/>
    <nd ref="605"/>
    <nd ref="606"/>
    <nd ref="607"/>
    <nd ref="608"/>
    <nd ref="609"/>
    <tag k="highway" v="primary"/>
    <tag k="name" v="Diagonal Road"/>
  </way>
  <way id="157" version="1" changeset="1" user="osm_generator" uid="1" timestamp="2026-06-02T00:00:00Z">
    <nd ref="610"/>
    <nd ref="611"/>
    <nd ref="612"/>
    <nd ref="613"/>
    <nd ref="614"/>
    <nd ref="615"/>
    <nd ref="602"/>
    <nd ref="616"/>
    <nd ref="617"/>
    <tag k="highway" v="track"/>
    <tag k="name" v="North Winding Track"/>
  </way>
  <way id="158" version="1" changeset="1" user="osm_generator" uid="1" timestamp="2026-06-02T00:00:00Z">
    <nd ref="618"/>
    <nd ref="619"/>
    <nd ref="608"/>
    <nd ref="620"/>
    <nd ref="621"/>
    <nd ref="622"/>
    <nd ref="623"/>
    <nd ref="624"/>
    <nd ref="625"/>
    <tag k="highway" v="track"/>
    <tag k="name" v="South Winding Track"/>
  </way>
  <way id="159" version="1" changeset="1" user="osm_generator" uid="1" timestamp="2026-06-02T00:00:00Z">
    <nd ref="626"/>
    <nd ref="612"/>
    <nd ref="627"/>
    <nd ref="628"/>
    <nd ref="629"/>
    <nd ref="606"/>
    <nd ref="607"/>
    <nd ref="608"/>
    <nd ref="609"/>
    <tag k="highway" v="track"/>
    <tag k="name" v="West Winding Track"/>
  </way>
  <way id="160" version="1" changeset="1" user="osm_generator" uid="1" timestamp="2026-06-02T00:00:00Z">
    <nd ref="630"/>
    <nd ref="614"/>
    <nd ref="631"/>
    <nd ref="604"/>
    <nd ref="632"/>
    <nd ref="633"/>
    <nd ref="634"/>
    <nd ref="621"/>
    <nd ref="635"/>
    <tag k="highway" v="track"/>
    <tag k="name" v="Central Winding Track"/>
  </way>
  <way id="161" version="1" changeset="1" user="osm_generator" uid="1" timestamp="2026-06-02T00:00:00Z">
    <nd ref="601"/>
    <nd ref="602"/>
    <nd ref="636"/>
    <nd ref="637"/>
    <nd ref="638"/>
    <nd ref="639"/>
    <nd ref="640"/>
    <nd ref="623"/>
    <nd ref="641"/>
    <tag k="highway" v="track"/>
    <tag k="name" v="East Winding Track"/>
  </way>
</osm>